{
  "type": "FeatureCollection",
  "features": [
    {
      "type": "Feature",
      "properties": {
        "name": "Jayabheri",
        "osm_id": 139444433,
        "type": "residential"
      },
      "geometry": {
        "type": "Polygon",
        "coordinates": [
          [
            [
              78.3289362,
              17.4278965
            ],
            [
              78.3289369,
              17.4284888
            ],
            [
              78.3287592,
              17.428612
            ],
            [
              78.328596,
              17.4286022
            ],
            [
              78.3287044,
              17.4287627
            ],
            [
              78.3289146,
              17.4290324
            ],
            [
              78.3291688,
              17.4292168
            ],
            [
              78.3298498,
              17.4294117
            ],
            [
              78.3304451,
              17.429468
            ],
            [
              78.3304403,
              17.429151
            ],
            [
              78.3311967,
              17.4285642
            ],
            [
              78.3307412,
              17.427207
            ],
            [
              78.3303803,
              17.4269168
            ],
            [
              78.3303163,
              17.4268848
            ],
            [
              78.3302104,
              17.4268319
            ],
            [
              78.3303535,
              17.427296
            ],
            [
              78.3298326,
              17.4275054
            ],
            [
              78.3297595,
              17.4275743
            ],
            [
              78.3296198,
              17.4276167
            ],
            [
              78.3296115,
              17.4276907
            ],
            [
              78.3293921,
              17.4276913
            ],
            [
              78.3289362,
              17.4278965
            ]
          ]
        ]
      }
    },
    {
      "type": "Feature",
      "properties": {
        "name": "mahesh koukuntla",
        "osm_id": 257580099,
        "type": "house"
      },
      "geometry": {
        "type": "Polygon",
        "coordinates": [
          [
            [
              78.2643129,
              17.5271167
            ],
            [
              78.2643186,
              17.5270503
            ],
            [
              78.2644345,
              17.5270594
            ],
            [
              78.2644287,
              17.5271258
            ],
            [
              78.2643129,
              17.5271167
            ]
          ]
        ]
      }
    },
    {
      "type": "Feature",
      "properties": {
        "name": "Ram Villa",
        "osm_id": 257759660,
        "type": "yes"
      },
      "geometry": {
        "type": "Polygon",
        "coordinates": [
          [
            [
              78.3116904,
              17.5086071
            ],
            [
              78.3116877,
              17.5084984
            ],
            [
              78.3117816,
              17.5085009
            ],
            [
              78.3117776,
              17.5086084
            ],
            [
              78.3116904,
              17.5086071
            ]
          ]
        ]
      }
    },
    {
      "type": "Feature",
      "properties": {
        "name": "Indoor Bandminton Court",
        "osm_id": 263827038,
        "type": "yes"
      },
      "geometry": {
        "type": "Polygon",
        "coordinates": [
          [
            [
              78.3244985,
              17.4884465
            ],
            [
              78.3246998,
              17.4887674
            ],
            [
              78.3250445,
              17.4885859
            ],
            [
              78.3248322,
              17.4882387
            ],
            [
              78.324675,
              17.4883413
            ],
            [
              78.3244985,
              17.4884465
            ]
          ]
        ]
      }
    },
    {
      "type": "Feature",
      "properties": {
        "name": "Administrative Building",
        "osm_id": 263827086,
        "type": "yes"
      },
      "geometry": {
        "type": "Polygon",
        "coordinates": [
          [
            [
              78.3240685,
              17.4889724
            ],
            [
              78.3244912,
              17.4887306
            ],
            [
              78.3245456,
              17.4888198
            ],
            [
              78.3241403,
              17.4890756
            ],
            [
              78.3240685,
              17.4889724
            ]
          ]
        ]
      }
    },
    {
      "type": "Feature",
      "properties": {
        "name": "Police Employee Residential Quarters",
        "osm_id": 265201178,
        "type": "residential"
      },
      "geometry": {
        "type": "Polygon",
        "coordinates": [
          [
            [
              78.3134106,
              17.4932624
            ],
            [
              78.3135731,
              17.4928511
            ],
            [
              78.3137764,
              17.4925279
            ],
            [
              78.3143495,
              17.4927747
            ],
            [
              78.3149349,
              17.4929745
            ],
            [
              78.3152354,
              17.4931186
            ],
            [
              78.3158168,
              17.4934321
            ],
            [
              78.3158809,
              17.4940005
            ],
            [
              78.3149903,
              17.4937621
            ],
            [
              78.3142509,
              17.4935564
            ],
            [
              78.3134535,
              17.4932982
            ],
            [
              78.3134106,
              17.4932624
            ]
          ]
        ]
      }
    },
    {
      "type": "Feature",
      "properties": {
        "name": "science library",
        "osm_id": 265203638,
        "type": "commercial"
      },
      "geometry": {
        "type": "Polygon",
        "coordinates": [
          [
            [
              78.3067028,
              17.4928253
            ],
            [
              78.3067061,
              17.4925923
            ],
            [
              78.3070596,
              17.4925969
            ],
            [
              78.3070563,
              17.4928299
            ],
            [
              78.3067028,
              17.4928253
            ]
          ]
        ]
      }
    },
    {
      "type": "Feature",
      "properties": {
        "name": "temple of arts",
        "osm_id": 265203974,
        "type": "yes"
      },
      "geometry": {
        "type": "Polygon",
        "coordinates": [
          [
            [
              78.305679,
              17.4931674
            ],
            [
              78.3056803,
              17.4929705
            ],
            [
              78.3059153,
              17.4929718
            ],
            [
              78.3059141,
              17.4931688
            ],
            [
              78.305679,
              17.4931674
            ]
          ]
        ]
      }
    },
    {
      "type": "Feature",
      "properties": {
        "name": "school of temple arts -Taekwondo school",
        "osm_id": 265204342,
        "type": "yes"
      },
      "geometry": {
        "type": "Polygon",
        "coordinates": [
          [
            [
              78.3057493,
              17.4928588
            ],
            [
              78.3058769,
              17.4928631
            ],
            [
              78.3058807,
              17.4928001
            ],
            [
              78.3057498,
              17.4927926
            ],
            [
              78.3057493,
              17.4928588
            ]
          ]
        ]
      }
    },
    {
      "type": "Feature",
      "properties": {
        "name": "Seetharamanjaneya Temple",
        "osm_id": 339752519,
        "type": "yes"
      },
      "geometry": {
        "type": "Polygon",
        "coordinates": [
          [
            [
              78.3070513,
              17.5067834
            ],
            [
              78.3074371,
              17.5065741
            ],
            [
              78.3076671,
              17.5068644
            ],
            [
              78.3074158,
              17.5071141
            ],
            [
              78.3070513,
              17.5067834
            ]
          ]
        ]
      }
    },
    {
      "type": "Feature",
      "properties": {
        "name": "Closed Theater",
        "osm_id": 339787100,
        "type": "yes"
      },
      "geometry": {
        "type": "Polygon",
        "coordinates": [
          [
            [
              78.3114133,
              17.5010226
            ],
            [
              78.31208,
              17.5013017
            ],
            [
              78.3124134,
              17.5007667
            ],
            [
              78.3116898,
              17.5003789
            ],
            [
              78.3114133,
              17.5010226
            ]
          ]
        ]
      }
    },
    {
      "type": "Feature",
      "properties": {
        "name": "Indian Oil",
        "osm_id": 339788062,
        "type": "yes"
      },
      "geometry": {
        "type": "Polygon",
        "coordinates": [
          [
            [
              78.3081554,
              17.5042934
            ],
            [
              78.3080666,
              17.5041557
            ],
            [
              78.3082229,
              17.5040762
            ],
            [
              78.3083006,
              17.5042091
            ],
            [
              78.3081554,
              17.5042934
            ]
          ]
        ]
      }
    },
    {
      "type": "Feature",
      "properties": {
        "name": "BHEL,lingampally",
        "osm_id": 339798114,
        "type": "residential"
      },
      "geometry": {
        "type": "Polygon",
        "coordinates": [
          [
            [
              78.2995814,
              17.4842416
            ],
            [
              78.2994697,
              17.484232
            ],
            [
              78.2994822,
              17.4841004
            ],
            [
              78.2995939,
              17.48411
            ],
            [
              78.2995814,
              17.4842416
            ]
          ]
        ]
      }
    },
    {
      "type": "Feature",
      "properties": {
        "name": "GANGU MALAIAH NILAYAM",
        "osm_id": 340265378,
        "type": "house"
      },
      "geometry": {
        "type": "Polygon",
        "coordinates": [
          [
            [
              78.3042487,
              17.4823829
            ],
            [
              78.3042562,
              17.4822936
            ],
            [
              78.3043736,
              17.4823026
            ],
            [
              78.3043661,
              17.4823919
            ],
            [
              78.3042487,
              17.4823829
            ]
          ]
        ]
      }
    },
    {
      "type": "Feature",
      "properties": {
        "name": "G SATYAMMA NILAYAM",
        "osm_id": 340283206,
        "type": "house"
      },
      "geometry": {
        "type": "Polygon",
        "coordinates": [
          [
            [
              78.3043065,
              17.4818925
            ],
            [
              78.3042129,
              17.4818859
            ],
            [
              78.3042216,
              17.4817739
            ],
            [
              78.3042685,
              17.4817772
            ],
            [
              78.3043153,
              17.4817805
            ],
            [
              78.3043065,
              17.4818925
            ]
          ]
        ]
      }
    },
    {
      "type": "Feature",
      "properties": {
        "name": "Sai Amu Residency 2",
        "osm_id": 342254661,
        "type": "residential"
      },
      "geometry": {
        "type": "Polygon",
        "coordinates": [
          [
            [
              78.3254515,
              17.4268059
            ],
            [
              78.3253897,
              17.4266032
            ],
            [
              78.3257428,
              17.4265054
            ],
            [
              78.3258045,
              17.4267081
            ],
            [
              78.3254515,
              17.4268059
            ]
          ]
        ]
      }
    },
    {
      "type": "Feature",
      "properties": {
        "name": "Sai Amu Residency 1",
        "osm_id": 342254662,
        "type": "commercial"
      },
      "geometry": {
        "type": "Polygon",
        "coordinates": [
          [
            [
              78.3260303,
              17.427013
            ],
            [
              78.3259338,
              17.4267051
            ],
            [
              78.3261013,
              17.4266574
            ],
            [
              78.3261978,
              17.4269653
            ],
            [
              78.3260303,
              17.427013
            ]
          ]
        ]
      }
    },
    {
      "type": "Feature",
      "properties": {
        "name": "Lavanya",
        "osm_id": 346576418,
        "type": "apartments"
      },
      "geometry": {
        "type": "Polygon",
        "coordinates": [
          [
            [
              78.3271797,
              17.4830633
            ],
            [
              78.3273185,
              17.4830511
            ],
            [
              78.3273051,
              17.4829129
            ],
            [
              78.3271663,
              17.4829251
            ],
            [
              78.3271797,
              17.4830633
            ]
          ]
        ]
      }
    },
    {
      "type": "Feature",
      "properties": {
        "name": "ZP High School",
        "osm_id": 355673131,
        "type": "school"
      },
      "geometry": {
        "type": "Polygon",
        "coordinates": [
          [
            [
              78.3025437,
              17.5205973
            ],
            [
              78.3027071,
              17.5205682
            ],
            [
              78.3026891,
              17.5204765
            ],
            [
              78.3025257,
              17.5205056
            ],
            [
              78.3025437,
              17.5205973
            ]
          ]
        ]
      }
    },
    {
      "type": "Feature",
      "properties": {
        "name": "Dharmashastha Towers",
        "osm_id": 355712842,
        "type": "apartments"
      },
      "geometry": {
        "type": "Polygon",
        "coordinates": [
          [
            [
              78.321992,
              17.5053242
            ],
            [
              78.322127,
              17.5053034
            ],
            [
              78.3220994,
              17.5051399
            ],
            [
              78.3219644,
              17.5051606
            ],
            [
              78.321992,
              17.5053242
            ]
          ]
        ]
      }
    },
    {
      "type": "Feature",
      "properties": {
        "name": "Ajay Apartments",
        "osm_id": 355712871,
        "type": "apartments"
      },
      "geometry": {
        "type": "Polygon",
        "coordinates": [
          [
            [
              78.3184515,
              17.504704
            ],
            [
              78.3185682,
              17.5046608
            ],
            [
              78.3185151,
              17.5045302
            ],
            [
              78.3183984,
              17.5045734
            ],
            [
              78.3184515,
              17.504704
            ]
          ]
        ]
      }
    },
    {
      "type": "Feature",
      "properties": {
        "name": "A Block",
        "osm_id": 355721620,
        "type": "apartments"
      },
      "geometry": {
        "type": "Polygon",
        "coordinates": [
          [
            [
              78.3100892,
              17.4734854
            ],
            [
              78.3103554,
              17.4734786
            ],
            [
              78.3103522,
              17.4733645
            ],
            [
              78.3103261,
              17.4733652
            ],
            [
              78.3103173,
              17.4730531
            ],
            [
              78.3103477,
              17.4730523
            ],
            [
              78.3103442,
              17.4729279
            ],
            [
              78.3100737,
              17.4729349
            ],
            [
              78.3100771,
              17.4730555
            ],
            [
              78.3100968,
              17.473055
            ],
            [
              78.3101036,
              17.4732957
            ],
            [
              78.310132,
              17.473295
            ],
            [
              78.310134,
              17.4733642
            ],
            [
              78.3100858,
              17.4733655
            ],
            [
              78.3100892,
              17.4734854
            ]
          ]
        ]
      }
    },
    {
      "type": "Feature",
      "properties": {
        "name": "B Block",
        "osm_id": 355721623,
        "type": "apartments"
      },
      "geometry": {
        "type": "Polygon",
        "coordinates": [
          [
            [
              78.3097474,
              17.4734933
            ],
            [
              78.3100136,
              17.4734864
            ],
            [
              78.3100104,
              17.4733724
            ],
            [
              78.3099843,
              17.473373
            ],
            [
              78.3099755,
              17.4730609
            ],
            [
              78.3100059,
              17.4730601
            ],
            [
              78.3100023,
              17.4729358
            ],
            [
              78.3097318,
              17.4729427
            ],
            [
              78.3097352,
              17.4730634
            ],
            [
              78.3097549,
              17.4730629
            ],
            [
              78.3097586,
              17.4731933
            ],
            [
              78.3097617,
              17.4733036
            ],
            [
              78.3097902,
              17.4733029
            ],
            [
              78.3097922,
              17.4733721
            ],
            [
              78.309744,
              17.4733733
            ],
            [
              78.3097449,
              17.4734056
            ],
            [
              78.3097474,
              17.4734933
            ]
          ]
        ]
      }
    },
    {
      "type": "Feature",
      "properties": {
        "name": "Asian jyothi",
        "osm_id": 355866117,
        "type": "yes"
      },
      "geometry": {
        "type": "Polygon",
        "coordinates": [
          [
            [
              78.3120267,
              17.5029114
            ],
            [
              78.312172,
              17.5029681
            ],
            [
              78.3122163,
              17.5028649
            ],
            [
              78.3124738,
              17.5029656
            ],
            [
              78.3125587,
              17.5027679
            ],
            [
              78.312156,
              17.5026105
            ],
            [
              78.3120267,
              17.5029114
            ]
          ]
        ]
      }
    },
    {
      "type": "Feature",
      "properties": {
        "name": "Sri Laxmi Narayana Medical & General Stores",
        "osm_id": 355866811,
        "type": "commercial"
      },
      "geometry": {
        "type": "Polygon",
        "coordinates": [
          [
            [
              78.3090849,
              17.5048987
            ],
            [
              78.3089688,
              17.5049721
            ],
            [
              78.3090126,
              17.5050351
            ],
            [
              78.3091287,
              17.5049617
            ],
            [
              78.3090849,
              17.5048987
            ]
          ]
        ]
      }
    },
    {
      "type": "Feature",
      "properties": {
        "name": "PITTA",
        "osm_id": 355867018,
        "type": "house"
      },
      "geometry": {
        "type": "Polygon",
        "coordinates": [
          [
            [
              78.3096233,
              17.504448
            ],
            [
              78.3096634,
              17.5045048
            ],
            [
              78.3097558,
              17.5044455
            ],
            [
              78.3097158,
              17.5043887
            ],
            [
              78.3096233,
              17.504448
            ]
          ]
        ]
      }
    },
    {
      "type": "Feature",
      "properties": {
        "name": "Sai Ram Tiffin center",
        "osm_id": 355868595,
        "type": "yes"
      },
      "geometry": {
        "type": "Polygon",
        "coordinates": [
          [
            [
              78.3160142,
              17.4967948
            ],
            [
              78.3162554,
              17.4965914
            ],
            [
              78.3161519,
              17.4964797
            ],
            [
              78.3160638,
              17.496554
            ],
            [
              78.3160341,
              17.496522
            ],
            [
              78.3160169,
              17.4965034
            ],
            [
              78.3161147,
              17.4964209
            ],
            [
              78.3160123,
              17.4963104
            ],
            [
              78.3159168,
              17.4963909
            ],
            [
              78.3158807,
              17.4963519
            ],
            [
              78.3158687,
              17.4963389
            ],
            [
              78.3159641,
              17.4962584
            ],
            [
              78.3158079,
              17.4960898
            ],
            [
              78.315557,
              17.4963014
            ],
            [
              78.3157152,
              17.4964721
            ],
            [
              78.3158238,
              17.4963805
            ],
            [
              78.315835,
              17.4963926
            ],
            [
              78.3158662,
              17.4964262
            ],
            [
              78.3157576,
              17.4965178
            ],
            [
              78.3158687,
              17.4966377
            ],
            [
              78.3159577,
              17.4965627
            ],
            [
              78.3159701,
              17.496576
            ],
            [
              78.315999,
              17.4966072
            ],
            [
              78.31591,
              17.4966823
            ],
            [
              78.3160142,
              17.4967948
            ]
          ]
        ]
      }
    },
    {
      "type": "Feature",
      "properties": {
        "name": "H Block",
        "osm_id": 355878486,
        "type": "yes"
      },
      "geometry": {
        "type": "Polygon",
        "coordinates": [
          [
            [
              78.3114645,
              17.4740352
            ],
            [
              78.3114603,
              17.4739101
            ],
            [
              78.3114046,
              17.4739118
            ],
            [
              78.3114023,
              17.4738421
            ],
            [
              78.3114579,
              17.4738404
            ],
            [
              78.3114457,
              17.4734801
            ],
            [
              78.3111565,
              17.473489
            ],
            [
              78.3111602,
              17.4735971
            ],
            [
              78.3112206,
              17.4735952
            ],
            [
              78.311223,
              17.4736654
            ],
            [
              78.3111626,
              17.4736672
            ],
            [
              78.3111754,
              17.4740441
            ],
            [
              78.3114645,
              17.4740352
            ]
          ]
        ]
      }
    },
    {
      "type": "Feature",
      "properties": {
        "name": "F & G Blocks",
        "osm_id": 355878488,
        "type": "yes"
      },
      "geometry": {
        "type": "Polygon",
        "coordinates": [
          [
            [
              78.310632,
              17.4740659
            ],
            [
              78.3107577,
              17.4740629
            ],
            [
              78.3107566,
              17.4740212
            ],
            [
              78.3107828,
              17.4740206
            ],
            [
              78.3107839,
              17.4740623
            ],
            [
              78.3108851,
              17.47406
            ],
            [
              78.3108712,
              17.4735219
            ],
            [
              78.3107627,
              17.4735245
            ],
            [
              78.3107637,
              17.4735644
            ],
            [
              78.3107429,
              17.4735649
            ],
            [
              78.3107418,
              17.4735249
            ],
            [
              78.3106182,
              17.4735279
            ],
            [
              78.3106273,
              17.473881
            ],
            [
              78.3106858,
              17.4738796
            ],
            [
              78.3106877,
              17.4739545
            ],
            [
              78.3106292,
              17.4739559
            ],
            [
              78.310632,
              17.4740659
            ]
          ]
        ]
      }
    },
    {
      "type": "Feature",
      "properties": {
        "name": "I Block",
        "osm_id": 355878490,
        "type": "yes"
      },
      "geometry": {
        "type": "Polygon",
        "coordinates": [
          [
            [
              78.3117814,
              17.4740472
            ],
            [
              78.3117771,
              17.4739187
            ],
            [
              78.3117322,
              17.4739201
            ],
            [
              78.3117305,
              17.4738702
            ],
            [
              78.3117705,
              17.4738689
            ],
            [
              78.3117583,
              17.4735086
            ],
            [
              78.311637,
              17.4735124
            ],
            [
              78.3116387,
              17.4735608
            ],
            [
              78.3116164,
              17.4735614
            ],
            [
              78.3116147,
              17.473513
            ],
            [
              78.3115028,
              17.4735165
            ],
            [
              78.3115067,
              17.4736328
            ],
            [
              78.3115482,
              17.4736315
            ],
            [
              78.3115508,
              17.4737075
            ],
            [
              78.3115213,
              17.4737085
            ],
            [
              78.3115331,
              17.4740549
            ],
            [
              78.3117814,
              17.4740472
            ]
          ]
        ]
      }
    },
    {
      "type": "Feature",
      "properties": {
        "name": "Sri Shirdi Sai Baba Temple",
        "osm_id": 355878610,
        "type": "yes"
      },
      "geometry": {
        "type": "Polygon",
        "coordinates": [
          [
            [
              78.2957125,
              17.4733158
            ],
            [
              78.2959468,
              17.4733957
            ],
            [
              78.295999,
              17.4732566
            ],
            [
              78.2957647,
              17.4731766
            ],
            [
              78.2957125,
              17.4733158
            ]
          ]
        ]
      }
    },
    {
      "type": "Feature",
      "properties": {
        "name": "Bonsai Homes",
        "osm_id": 355878623,
        "type": "residential"
      },
      "geometry": {
        "type": "Polygon",
        "coordinates": [
          [
            [
              78.2985902,
              17.4763313
            ],
            [
              78.2986545,
              17.4761958
            ],
            [
              78.2984782,
              17.4761198
            ],
            [
              78.2985114,
              17.4760497
            ],
            [
              78.2986849,
              17.4761246
            ],
            [
              78.2987552,
              17.4759764
            ],
            [
              78.2983809,
              17.4758149
            ],
            [
              78.2982131,
              17.4761686
            ],
            [
              78.2985902,
              17.4763313
            ]
          ]
        ]
      }
    },
    {
      "type": "Feature",
      "properties": {
        "name": "Clubhouse 2",
        "osm_id": 355878689,
        "type": "yes"
      },
      "geometry": {
        "type": "Polygon",
        "coordinates": [
          [
            [
              78.3110957,
              17.4739809
            ],
            [
              78.3110917,
              17.4737778
            ],
            [
              78.310983,
              17.4737798
            ],
            [
              78.310987,
              17.4739829
            ],
            [
              78.3110957,
              17.4739809
            ]
          ]
        ]
      }
    },
    {
      "type": "Feature",
      "properties": {
        "name": "Bonsai Homes",
        "osm_id": 355878727,
        "type": "residential"
      },
      "geometry": {
        "type": "Polygon",
        "coordinates": [
          [
            [
              78.2984238,
              17.4766745
            ],
            [
              78.2984822,
              17.4765526
            ],
            [
              78.2983316,
              17.4764869
            ],
            [
              78.2983685,
              17.47641
            ],
            [
              78.2985155,
              17.4764741
            ],
            [
              78.2985714,
              17.4763576
            ],
            [
              78.2982108,
              17.4762003
            ],
            [
              78.2980596,
              17.4765156
            ],
            [
              78.2984238,
              17.4766745
            ]
          ]
        ]
      }
    },
    {
      "type": "Feature",
      "properties": {
        "name": "Pradeep Vegetable Shop",
        "osm_id": 355879103,
        "type": "yes"
      },
      "geometry": {
        "type": "Polygon",
        "coordinates": [
          [
            [
              78.3094076,
              17.4728662
            ],
            [
              78.3094581,
              17.4728667
            ],
            [
              78.3094585,
              17.4728303
            ],
            [
              78.309408,
              17.4728299
            ],
            [
              78.3094076,
              17.4728662
            ]
          ]
        ]
      }
    },
    {
      "type": "Feature",
      "properties": {
        "name": "Bonsai Homes",
        "osm_id": 355879112,
        "type": "residential"
      },
      "geometry": {
        "type": "Polygon",
        "coordinates": [
          [
            [
              78.298856,
              17.474808
            ],
            [
              78.2989455,
              17.4748439
            ],
            [
              78.2989749,
              17.4747773
            ],
            [
              78.2992226,
              17.4748766
            ],
            [
              78.2992558,
              17.4748011
            ],
            [
              78.2989187,
              17.4746659
            ],
            [
              78.298856,
              17.474808
            ]
          ]
        ]
      }
    },
    {
      "type": "Feature",
      "properties": {
        "name": "Sai Puja Kirana & General Stores",
        "osm_id": 355879220,
        "type": "yes"
      },
      "geometry": {
        "type": "Polygon",
        "coordinates": [
          [
            [
              78.2961278,
              17.4733576
            ],
            [
              78.2962098,
              17.4733875
            ],
            [
              78.2962349,
              17.473325
            ],
            [
              78.296153,
              17.473295
            ],
            [
              78.2961278,
              17.4733576
            ]
          ]
        ]
      }
    },
    {
      "type": "Feature",
      "properties": {
        "name": "K Block",
        "osm_id": 355879321,
        "type": "yes"
      },
      "geometry": {
        "type": "Polygon",
        "coordinates": [
          [
            [
              78.3114727,
              17.4732138
            ],
            [
              78.311568,
              17.4732123
            ],
            [
              78.3115672,
              17.4731665
            ],
            [
              78.311725,
              17.4731641
            ],
            [
              78.3117256,
              17.4732037
            ],
            [
              78.3118242,
              17.4732022
            ],
            [
              78.3118202,
              17.4729638
            ],
            [
              78.3114686,
              17.4729691
            ],
            [
              78.3114727,
              17.4732138
            ]
          ]
        ]
      }
    },
    {
      "type": "Feature",
      "properties": {
        "name": "Paaka Organic Cafe",
        "osm_id": 355885219,
        "type": "yes"
      },
      "geometry": {
        "type": "Polygon",
        "coordinates": [
          [
            [
              78.2970869,
              17.4739118
            ],
            [
              78.2971763,
              17.4737139
            ],
            [
              78.2967959,
              17.4735574
            ],
            [
              78.2967065,
              17.4737553
            ],
            [
              78.2970869,
              17.4739118
            ]
          ]
        ]
      }
    },
    {
      "type": "Feature",
      "properties": {
        "name": "C Block",
        "osm_id": 355885233,
        "type": "apartments"
      },
      "geometry": {
        "type": "Polygon",
        "coordinates": [
          [
            [
              78.3096775,
              17.4740969
            ],
            [
              78.3097733,
              17.4740946
            ],
            [
              78.3097722,
              17.4740524
            ],
            [
              78.3098006,
              17.4740518
            ],
            [
              78.3098017,
              17.474094
            ],
            [
              78.3098948,
              17.4740918
            ],
            [
              78.3098923,
              17.4739943
            ],
            [
              78.3098197,
              17.473996
            ],
            [
              78.309819,
              17.473969
            ],
            [
              78.309886,
              17.4739674
            ],
            [
              78.3098823,
              17.4738228
            ],
            [
              78.3098725,
              17.473823
            ],
            [
              78.3098687,
              17.4736748
            ],
            [
              78.3098785,
              17.4736746
            ],
            [
              78.3098757,
              17.4735667
            ],
            [
              78.3097835,
              17.4735688
            ],
            [
              78.3097848,
              17.4736186
            ],
            [
              78.309753,
              17.4736193
            ],
            [
              78.3097517,
              17.4735696
            ],
            [
              78.3096594,
              17.4735718
            ],
            [
              78.3096621,
              17.4736781
            ],
            [
              78.3096895,
              17.4736775
            ],
            [
              78.3096908,
              17.4737258
            ],
            [
              78.309778,
              17.4737237
            ],
            [
              78.3097788,
              17.4737574
            ],
            [
              78.3096688,
              17.47376
            ],
            [
              78.3096775,
              17.4740969
            ]
          ]
        ]
      }
    },
    {
      "type": "Feature",
      "properties": {
        "name": "J Block",
        "osm_id": 355885283,
        "type": "yes"
      },
      "geometry": {
        "type": "Polygon",
        "coordinates": [
          [
            [
              78.3118329,
              17.4740192
            ],
            [
              78.3120623,
              17.4740111
            ],
            [
              78.312042,
              17.4734856
            ],
            [
              78.3118127,
              17.4734936
            ],
            [
              78.3118329,
              17.4740192
            ]
          ]
        ]
      }
    },
    {
      "type": "Feature",
      "properties": {
        "name": "Kidzonia International Perschool",
        "osm_id": 355885317,
        "type": "school"
      },
      "geometry": {
        "type": "Polygon",
        "coordinates": [
          [
            [
              78.3073657,
              17.4751588
            ],
            [
              78.3074613,
              17.4751531
            ],
            [
              78.3074538,
              17.4750388
            ],
            [
              78.3073581,
              17.4750446
            ],
            [
              78.3073657,
              17.4751588
            ]
          ]
        ]
      }
    },
    {
      "type": "Feature",
      "properties": {
        "name": "D Block",
        "osm_id": 355885338,
        "type": "apartments"
      },
      "geometry": {
        "type": "Polygon",
        "coordinates": [
          [
            [
              78.3099759,
              17.4741426
            ],
            [
              78.3102293,
              17.4741335
            ],
            [
              78.310218,
              17.4738481
            ],
            [
              78.3099646,
              17.4738572
            ],
            [
              78.3099759,
              17.4741426
            ]
          ]
        ]
      }
    },
    {
      "type": "Feature",
      "properties": {
        "name": "Sigma Pride Apartment",
        "osm_id": 355890026,
        "type": "apartments"
      },
      "geometry": {
        "type": "Polygon",
        "coordinates": [
          [
            [
              78.3239424,
              17.5004963
            ],
            [
              78.324118,
              17.5004342
            ],
            [
              78.3240787,
              17.5003331
            ],
            [
              78.3240151,
              17.5003555
            ],
            [
              78.3239916,
              17.5002949
            ],
            [
              78.3240551,
              17.5002724
            ],
            [
              78.3240196,
              17.500181
            ],
            [
              78.323844,
              17.5002431
            ],
            [
              78.3239424,
              17.5004963
            ]
          ]
        ]
      }
    },
    {
      "type": "Feature",
      "properties": {
        "name": "sai prudhvi tower",
        "osm_id": 355909305,
        "type": "yes"
      },
      "geometry": {
        "type": "Polygon",
        "coordinates": [
          [
            [
              78.3243334,
              17.4935554
            ],
            [
              78.3245529,
              17.4935051
            ],
            [
              78.3245324,
              17.4934072
            ],
            [
              78.3243108,
              17.493438
            ],
            [
              78.3243334,
              17.4935554
            ]
          ]
        ]
      }
    },
    {
      "type": "Feature",
      "properties": {
        "name": "HOMEO",
        "osm_id": 355909437,
        "type": "yes"
      },
      "geometry": {
        "type": "Polygon",
        "coordinates": [
          [
            [
              78.3246519,
              17.4937655
            ],
            [
              78.324723,
              17.4937592
            ],
            [
              78.3247139,
              17.4936625
            ],
            [
              78.3246287,
              17.4936612
            ],
            [
              78.3246519,
              17.4937655
            ]
          ]
        ]
      }
    },
    {
      "type": "Feature",
      "properties": {
        "name": "Lingabhavani residency",
        "osm_id": 355909578,
        "type": "residential"
      },
      "geometry": {
        "type": "Polygon",
        "coordinates": [
          [
            [
              78.3258604,
              17.4967678
            ],
            [
              78.3263307,
              17.4966574
            ],
            [
              78.3262817,
              17.4964676
            ],
            [
              78.3258114,
              17.4965781
            ],
            [
              78.3258604,
              17.4967678
            ]
          ]
        ]
      }
    },
    {
      "type": "Feature",
      "properties": {
        "name": "Mallikarjuna residency",
        "osm_id": 355909654,
        "type": "residential"
      },
      "geometry": {
        "type": "Polygon",
        "coordinates": [
          [
            [
              78.32636,
              17.4966537
            ],
            [
              78.3266327,
              17.4965743
            ],
            [
              78.3265619,
              17.4963085
            ],
            [
              78.3263086,
              17.4963773
            ],
            [
              78.32636,
              17.4966537
            ]
          ]
        ]
      }
    },
    {
      "type": "Feature",
      "properties": {
        "name": "Sunetra Eye Hospital",
        "osm_id": 355909975,
        "type": "hospital"
      },
      "geometry": {
        "type": "Polygon",
        "coordinates": [
          [
            [
              78.3263992,
              17.4940538
            ],
            [
              78.3265631,
              17.494032
            ],
            [
              78.32655,
              17.4939423
            ],
            [
              78.3263861,
              17.4939641
            ],
            [
              78.3263992,
              17.4940538
            ]
          ]
        ]
      }
    },
    {
      "type": "Feature",
      "properties": {
        "name": "sai mARUTHI ENCLAVE",
        "osm_id": 355910118,
        "type": "yes"
      },
      "geometry": {
        "type": "Polygon",
        "coordinates": [
          [
            [
              78.3242838,
              17.4934222
            ],
            [
              78.3245076,
              17.493374
            ],
            [
              78.32449,
              17.4932755
            ],
            [
              78.3242676,
              17.493323
            ],
            [
              78.3242838,
              17.4934222
            ]
          ]
        ]
      }
    },
    {
      "type": "Feature",
      "properties": {
        "name": "Chanda Nagar Police Station",
        "osm_id": 355910219,
        "type": "yes"
      },
      "geometry": {
        "type": "Polygon",
        "coordinates": [
          [
            [
              78.3248919,
              17.4962883
            ],
            [
              78.3250253,
              17.4961983
            ],
            [
              78.3249737,
              17.4961287
            ],
            [
              78.3249535,
              17.4961423
            ],
            [
              78.3249354,
              17.4961179
            ],
            [
              78.3248222,
              17.4961942
            ],
            [
              78.3248919,
              17.4962883
            ]
          ]
        ]
      }
    },
    {
      "type": "Feature",
      "properties": {
        "name": "Paragon Polymer Products",
        "osm_id": 355938958,
        "type": "yes"
      },
      "geometry": {
        "type": "Polygon",
        "coordinates": [
          [
            [
              78.2841711,
              17.5207299
            ],
            [
              78.2844275,
              17.5205369
            ],
            [
              78.2841965,
              17.5202578
            ],
            [
              78.2840875,
              17.5203398
            ],
            [
              78.2840173,
              17.520255
            ],
            [
              78.2841263,
              17.520173
            ],
            [
              78.2839532,
              17.5199638
            ],
            [
              78.2836968,
              17.5201567
            ],
            [
              78.2841711,
              17.5207299
            ]
          ]
        ]
      }
    },
    {
      "type": "Feature",
      "properties": {
        "name": "R V Madhav Brindavan Apartments",
        "osm_id": 355951352,
        "type": "residential"
      },
      "geometry": {
        "type": "Polygon",
        "coordinates": [
          [
            [
              78.3243113,
              17.4965256
            ],
            [
              78.3247768,
              17.4960684
            ],
            [
              78.3246956,
              17.4959932
            ],
            [
              78.3246515,
              17.4960366
            ],
            [
              78.3246163,
              17.4960041
            ],
            [
              78.3246071,
              17.4960131
            ],
            [
              78.3245784,
              17.4959866
            ],
            [
              78.3245444,
              17.49602
            ],
            [
              78.3244849,
              17.4959648
            ],
            [
              78.3242815,
              17.4961645
            ],
            [
              78.3242954,
              17.4961774
            ],
            [
              78.324193,
              17.496278
            ],
            [
              78.3242317,
              17.4963138
            ],
            [
              78.3241944,
              17.4963505
            ],
            [
              78.3242123,
              17.4963671
            ],
            [
              78.3241773,
              17.4964015
            ],
            [
              78.3243113,
              17.4965256
            ]
          ]
        ]
      }
    },
    {
      "type": "Feature",
      "properties": {
        "name": "Hanuman Temple",
        "osm_id": 355951427,
        "type": "yes"
      },
      "geometry": {
        "type": "Polygon",
        "coordinates": [
          [
            [
              78.3157991,
              17.4931179
            ],
            [
              78.3159401,
              17.4931336
            ],
            [
              78.3159521,
              17.4930354
            ],
            [
              78.3158111,
              17.4930197
            ],
            [
              78.3157991,
              17.4931179
            ]
          ]
        ]
      }
    },
    {
      "type": "Feature",
      "properties": {
        "name": "Poornima's Sri Rama Towers",
        "osm_id": 355951462,
        "type": "yes"
      },
      "geometry": {
        "type": "Polygon",
        "coordinates": [
          [
            [
              78.3220692,
              17.4928896
            ],
            [
              78.3223198,
              17.4928923
            ],
            [
              78.3223225,
              17.4926694
            ],
            [
              78.3220719,
              17.4926666
            ],
            [
              78.3220692,
              17.4928896
            ]
          ]
        ]
      }
    },
    {
      "type": "Feature",
      "properties": {
        "name": "176",
        "osm_id": 355984994,
        "type": "yes"
      },
      "geometry": {
        "type": "Polygon",
        "coordinates": [
          [
            [
              78.276219,
              17.4487781
            ],
            [
              78.2763798,
              17.4488187
            ],
            [
              78.2764141,
              17.4487073
            ],
            [
              78.2762533,
              17.44866
            ],
            [
              78.276219,
              17.4487781
            ]
          ]
        ]
      }
    },
    {
      "type": "Feature",
      "properties": {
        "name": "Swarna Heights",
        "osm_id": 355993293,
        "type": "yes"
      },
      "geometry": {
        "type": "Polygon",
        "coordinates": [
          [
            [
              78.3025816,
              17.4547167
            ],
            [
              78.3027627,
              17.4547135
            ],
            [
              78.3027579,
              17.4544599
            ],
            [
              78.3027048,
              17.4544608
            ],
            [
              78.3027032,
              17.4543755
            ],
            [
              78.3027563,
              17.4543746
            ],
            [
              78.3027512,
              17.4541059
            ],
            [
              78.3025701,
              17.454109
            ],
            [
              78.302571,
              17.4541553
            ],
            [
              78.3025602,
              17.4541555
            ],
            [
              78.302561,
              17.4542005
            ],
            [
              78.3025718,
              17.4542003
            ],
            [
              78.3025738,
              17.4543049
            ],
            [
              78.3025611,
              17.4543051
            ],
            [
              78.302562,
              17.4543482
            ],
            [
              78.3025746,
              17.454348
            ],
            [
              78.3025753,
              17.4543829
            ],
            [
              78.302604,
              17.4543824
            ],
            [
              78.3026059,
              17.4544835
            ],
            [
              78.3025772,
              17.454484
            ],
            [
              78.3025778,
              17.4545188
            ],
            [
              78.3025661,
              17.454519
            ],
            [
              78.3025668,
              17.4545548
            ],
            [
              78.3025785,
              17.4545546
            ],
            [
              78.3025802,
              17.4546409
            ],
            [
              78.3025678,
              17.4546411
            ],
            [
              78.3025686,
              17.4546832
            ],
            [
              78.302581,
              17.454683
            ],
            [
              78.3025816,
              17.4547167
            ]
          ]
        ]
      }
    },
    {
      "type": "Feature",
      "properties": {
        "name": "Aliens Valley",
        "osm_id": 355993603,
        "type": "yes"
      },
      "geometry": {
        "type": "Polygon",
        "coordinates": [
          [
            [
              78.3030541,
              17.4565567
            ],
            [
              78.3031977,
              17.4565508
            ],
            [
              78.3031874,
              17.4563244
            ],
            [
              78.3030438,
              17.4563303
            ],
            [
              78.3030541,
              17.4565567
            ]
          ]
        ]
      }
    },
    {
      "type": "Feature",
      "properties": {
        "name": "DST Auditorium",
        "osm_id": 355996008,
        "type": "yes"
      },
      "geometry": {
        "type": "Polygon",
        "coordinates": [
          [
            [
              78.3293288,
              17.4542209
            ],
            [
              78.3296198,
              17.4543211
            ],
            [
              78.3298171,
              17.4541787
            ],
            [
              78.3298654,
              17.4541113
            ],
            [
              78.3298605,
              17.4540149
            ],
            [
              78.3296037,
              17.4539268
            ],
            [
              78.3296109,
              17.4539083
            ],
            [
              78.3295168,
              17.4538753
            ],
            [
              78.3294921,
              17.4539393
            ],
            [
              78.3293157,
              17.4540829
            ],
            [
              78.3293288,
              17.4542209
            ]
          ]
        ]
      }
    },
    {
      "type": "Feature",
      "properties": {
        "name": "Acrhem",
        "osm_id": 355996027,
        "type": "yes"
      },
      "geometry": {
        "type": "Polygon",
        "coordinates": [
          [
            [
              78.3151374,
              17.4533056
            ],
            [
              78.3154805,
              17.4533585
            ],
            [
              78.3155939,
              17.4526885
            ],
            [
              78.3152508,
              17.4526356
            ],
            [
              78.315226,
              17.4527825
            ],
            [
              78.3153954,
              17.4528086
            ],
            [
              78.3153691,
              17.4529642
            ],
            [
              78.3152202,
              17.4529412
            ],
            [
              78.315207,
              17.4530195
            ],
            [
              78.3153558,
              17.4530425
            ],
            [
              78.3153305,
              17.4531922
            ],
            [
              78.315161,
              17.4531661
            ],
            [
              78.3151374,
              17.4533056
            ]
          ]
        ]
      }
    },
    {
      "type": "Feature",
      "properties": {
        "name": "Center for Nanotechnology",
        "osm_id": 355996029,
        "type": "yes"
      },
      "geometry": {
        "type": "Polygon",
        "coordinates": [
          [
            [
              78.3149166,
              17.454075
            ],
            [
              78.3149851,
              17.4540856
            ],
            [
              78.314976,
              17.454139
            ],
            [
              78.3149886,
              17.4541409
            ],
            [
              78.3149767,
              17.4542114
            ],
            [
              78.3150361,
              17.4542206
            ],
            [
              78.3150286,
              17.4542642
            ],
            [
              78.3153049,
              17.4543069
            ],
            [
              78.3153082,
              17.4542875
            ],
            [
              78.315374,
              17.4542977
            ],
            [
              78.3154404,
              17.4539067
            ],
            [
              78.3153823,
              17.4538977
            ],
            [
              78.3153864,
              17.4538736
            ],
            [
              78.3151034,
              17.4538299
            ],
            [
              78.3150959,
              17.453874
            ],
            [
              78.3150388,
              17.4538652
            ],
            [
              78.3150281,
              17.4539278
            ],
            [
              78.3150149,
              17.4539257
            ],
            [
              78.3150055,
              17.4539815
            ],
            [
              78.3149344,
              17.4539705
            ],
            [
              78.3149166,
              17.454075
            ]
          ]
        ]
      }
    },
    {
      "type": "Feature",
      "properties": {
        "name": "Lecture Hall Complex",
        "osm_id": 355996030,
        "type": "yes"
      },
      "geometry": {
        "type": "Polygon",
        "coordinates": [
          [
            [
              78.3283306,
              17.4553153
            ],
            [
              78.3283627,
              17.4554801
            ],
            [
              78.3284416,
              17.4554661
            ],
            [
              78.3284294,
              17.4554037
            ],
            [
              78.3285155,
              17.4553884
            ],
            [
              78.3285253,
              17.4554387
            ],
            [
              78.3285065,
              17.4554421
            ],
            [
              78.3285089,
              17.4554542
            ],
            [
              78.3285138,
              17.4554533
            ],
            [
              78.3285288,
              17.4555365
            ],
            [
              78.3288675,
              17.455481
            ],
            [
              78.3288518,
              17.4553933
            ],
            [
              78.3288573,
              17.4553923
            ],
            [
              78.3288465,
              17.4553372
            ],
            [
              78.3289149,
              17.4553251
            ],
            [
              78.3289257,
              17.4553802
            ],
            [
              78.3290044,
              17.4553662
            ],
            [
              78.3289723,
              17.4552015
            ],
            [
              78.3287366,
              17.4552359
            ],
            [
              78.3286725,
              17.4552915
            ],
            [
              78.3286135,
              17.4552994
            ],
            [
              78.32856,
              17.4552689
            ],
            [
              78.3283306,
              17.4553153
            ]
          ]
        ]
      }
    },
    {
      "type": "Feature",
      "properties": {
        "name": "Faculty quarters",
        "osm_id": 355996123,
        "type": "residential"
      },
      "geometry": {
        "type": "Polygon",
        "coordinates": [
          [
            [
              78.3177632,
              17.4523417
            ],
            [
              78.3178525,
              17.4524113
            ],
            [
              78.3179425,
              17.4523064
            ],
            [
              78.3178531,
              17.4522367
            ],
            [
              78.3177632,
              17.4523417
            ]
          ]
        ]
      }
    },
    {
      "type": "Feature",
      "properties": {
        "name": "Sports Complex",
        "osm_id": 355996313,
        "type": "yes"
      },
      "geometry": {
        "type": "Polygon",
        "coordinates": [
          [
            [
              78.3267429,
              17.4606592
            ],
            [
              78.3270724,
              17.4606609
            ],
            [
              78.3270744,
              17.4603256
            ],
            [
              78.3267449,
              17.4603238
            ],
            [
              78.3267429,
              17.4606592
            ]
          ]
        ]
      }
    },
    {
      "type": "Feature",
      "properties": {
        "name": "College for Integrated Studies",
        "osm_id": 356005315,
        "type": "yes"
      },
      "geometry": {
        "type": "Polygon",
        "coordinates": [
          [
            [
              78.3139842,
              17.4542046
            ],
            [
              78.3133455,
              17.4540964
            ],
            [
              78.3133082,
              17.4542965
            ],
            [
              78.3134083,
              17.4543134
            ],
            [
              78.3134134,
              17.454286
            ],
            [
              78.3136839,
              17.4543318
            ],
            [
              78.3136788,
              17.4543593
            ],
            [
              78.3141788,
              17.4544439
            ],
            [
              78.3142092,
              17.4542809
            ],
            [
              78.3142444,
              17.4542867
            ],
            [
              78.314352,
              17.453697
            ],
            [
              78.3140849,
              17.4536526
            ],
            [
              78.3140272,
              17.4539692
            ],
            [
              78.3140878,
              17.4539793
            ],
            [
              78.3140817,
              17.4540125
            ],
            [
              78.3140211,
              17.4540024
            ],
            [
              78.3139842,
              17.4542046
            ]
          ]
        ]
      }
    },
    {
      "type": "Feature",
      "properties": {
        "name": "Vajara Nest",
        "osm_id": 356005822,
        "type": "yes"
      },
      "geometry": {
        "type": "Polygon",
        "coordinates": [
          [
            [
              78.3273953,
              17.4915024
            ],
            [
              78.3276687,
              17.4914899
            ],
            [
              78.3276648,
              17.4914261
            ],
            [
              78.3276556,
              17.4913624
            ],
            [
              78.3274672,
              17.4913683
            ],
            [
              78.3274496,
              17.4909054
            ],
            [
              78.3272449,
              17.4909125
            ],
            [
              78.3272602,
              17.4910021
            ],
            [
              78.3272737,
              17.4910023
            ],
            [
              78.3272772,
              17.4910943
            ],
            [
              78.3272966,
              17.4910937
            ],
            [
              78.3272996,
              17.4911715
            ],
            [
              78.3273236,
              17.4911706
            ],
            [
              78.327327,
              17.491259
            ],
            [
              78.3273576,
              17.491258
            ],
            [
              78.3273953,
              17.4915024
            ]
          ]
        ]
      }
    },
    {
      "type": "Feature",
      "properties": {
        "name": "asif home",
        "osm_id": 356009213,
        "type": "yes"
      },
      "geometry": {
        "type": "Polygon",
        "coordinates": [
          [
            [
              78.3163654,
              17.4863767
            ],
            [
              78.3164583,
              17.4863696
            ],
            [
              78.3164523,
              17.4862979
            ],
            [
              78.3163594,
              17.4863049
            ],
            [
              78.3163654,
              17.4863767
            ]
          ]
        ]
      }
    },
    {
      "type": "Feature",
      "properties": {
        "name": "mehaboob subhani darga",
        "osm_id": 356009560,
        "type": "yes"
      },
      "geometry": {
        "type": "Polygon",
        "coordinates": [
          [
            [
              78.3169711,
              17.4863334
            ],
            [
              78.3170464,
              17.4863279
            ],
            [
              78.3170397,
              17.486244
            ],
            [
              78.3169645,
              17.4862495
            ],
            [
              78.3169711,
              17.4863334
            ]
          ]
        ]
      }
    },
    {
      "type": "Feature",
      "properties": {
        "name": "Aqsa",
        "osm_id": 356009684,
        "type": "yes"
      },
      "geometry": {
        "type": "Polygon",
        "coordinates": [
          [
            [
              78.3174857,
              17.4869251
            ],
            [
              78.3175523,
              17.4869227
            ],
            [
              78.3175483,
              17.4868204
            ],
            [
              78.3174816,
              17.4868228
            ],
            [
              78.3174857,
              17.4869251
            ]
          ]
        ]
      }
    },
    {
      "type": "Feature",
      "properties": {
        "name": "Essar petroleum",
        "osm_id": 356010201,
        "type": "yes"
      },
      "geometry": {
        "type": "Polygon",
        "coordinates": [
          [
            [
              78.3175036,
              17.4908897
            ],
            [
              78.3175686,
              17.490866
            ],
            [
              78.3175349,
              17.4907821
            ],
            [
              78.3174955,
              17.490684
            ],
            [
              78.3174305,
              17.4907077
            ],
            [
              78.3174691,
              17.4908037
            ],
            [
              78.3175036,
              17.4908897
            ]
          ]
        ]
      }
    },
    {
      "type": "Feature",
      "properties": {
        "name": "Sai Baba Temple",
        "osm_id": 356171537,
        "type": "yes"
      },
      "geometry": {
        "type": "Polygon",
        "coordinates": [
          [
            [
              78.3266089,
              17.4875778
            ],
            [
              78.3268795,
              17.4875707
            ],
            [
              78.3268764,
              17.4874609
            ],
            [
              78.3266058,
              17.487468
            ],
            [
              78.3266089,
              17.4875778
            ]
          ]
        ]
      }
    },
    {
      "type": "Feature",
      "properties": {
        "name": "Sai Bhavan",
        "osm_id": 356172503,
        "type": "yes"
      },
      "geometry": {
        "type": "Polygon",
        "coordinates": [
          [
            [
              78.3271962,
              17.4884129
            ],
            [
              78.3274265,
              17.4884068
            ],
            [
              78.3274232,
              17.4882946
            ],
            [
              78.327193,
              17.4883007
            ],
            [
              78.3271962,
              17.4884129
            ]
          ]
        ]
      }
    },
    {
      "type": "Feature",
      "properties": {
        "name": "SVC Theatre",
        "osm_id": 356184368,
        "type": "yes"
      },
      "geometry": {
        "type": "Polygon",
        "coordinates": [
          [
            [
              78.2865997,
              17.5135915
            ],
            [
              78.2867937,
              17.5135298
            ],
            [
              78.2866835,
              17.5132145
            ],
            [
              78.2864895,
              17.5132762
            ],
            [
              78.2865997,
              17.5135915
            ]
          ]
        ]
      }
    },
    {
      "type": "Feature",
      "properties": {
        "name": "Saint Thomas Church",
        "osm_id": 356187966,
        "type": "yes"
      },
      "geometry": {
        "type": "Polygon",
        "coordinates": [
          [
            [
              78.3274442,
              17.4903055
            ],
            [
              78.3275586,
              17.4903039
            ],
            [
              78.3275588,
              17.4903222
            ],
            [
              78.3276389,
              17.4903211
            ],
            [
              78.3276371,
              17.4902088
            ],
            [
              78.3274428,
              17.4902115
            ],
            [
              78.3274442,
              17.4903055
            ]
          ]
        ]
      }
    },
    {
      "type": "Feature",
      "properties": {
        "name": "Sri Sri Mahankali Temple",
        "osm_id": 356221172,
        "type": "yes"
      },
      "geometry": {
        "type": "Polygon",
        "coordinates": [
          [
            [
              78.3296633,
              17.4951114
            ],
            [
              78.3297578,
              17.49511
            ],
            [
              78.329757,
              17.4950631
            ],
            [
              78.3296626,
              17.4950644
            ],
            [
              78.3296633,
              17.4951114
            ]
          ]
        ]
      }
    },
    {
      "type": "Feature",
      "properties": {
        "name": "Shri Maruthi Women's Hostel",
        "osm_id": 356243784,
        "type": "yes"
      },
      "geometry": {
        "type": "Polygon",
        "coordinates": [
          [
            [
              78.3250458,
              17.4291593
            ],
            [
              78.3251245,
              17.4293043
            ],
            [
              78.3254621,
              17.4291376
            ],
            [
              78.3253833,
              17.4289925
            ],
            [
              78.3250458,
              17.4291593
            ]
          ]
        ]
      }
    },
    {
      "type": "Feature",
      "properties": {
        "name": "Alakuntla Prashanth's Home",
        "osm_id": 356274960,
        "type": "yes"
      },
      "geometry": {
        "type": "Polygon",
        "coordinates": [
          [
            [
              78.3027672,
              17.5149805
            ],
            [
              78.3027798,
              17.5150762
            ],
            [
              78.3028582,
              17.5150668
            ],
            [
              78.3028456,
              17.5149711
            ],
            [
              78.3027672,
              17.5149805
            ]
          ]
        ]
      }
    },
    {
      "type": "Feature",
      "properties": {
        "name": "Kendriya Vidyalaya",
        "osm_id": 360243933,
        "type": "yes"
      },
      "geometry": {
        "type": "Polygon",
        "coordinates": [
          [
            [
              78.3252781,
              17.4579757
            ],
            [
              78.325315,
              17.4579713
            ],
            [
              78.3253089,
              17.4579241
            ],
            [
              78.3253302,
              17.4579216
            ],
            [
              78.3253379,
              17.4579809
            ],
            [
              78.3260974,
              17.457891
            ],
            [
              78.3260886,
              17.4578233
            ],
            [
              78.3260681,
              17.4578257
            ],
            [
              78.3260586,
              17.4577523
            ],
            [
              78.3252614,
              17.4578466
            ],
            [
              78.3252781,
              17.4579757
            ]
          ]
        ]
      }
    },
    {
      "type": "Feature",
      "properties": {
        "name": "Workshop",
        "osm_id": 360243936,
        "type": "garage"
      },
      "geometry": {
        "type": "Polygon",
        "coordinates": [
          [
            [
              78.3246882,
              17.4562225
            ],
            [
              78.3246479,
              17.4556238
            ],
            [
              78.324298,
              17.4556453
            ],
            [
              78.3243046,
              17.455743
            ],
            [
              78.3245418,
              17.4557284
            ],
            [
              78.3245521,
              17.4558813
            ],
            [
              78.3243149,
              17.4558958
            ],
            [
              78.324322,
              17.4560013
            ],
            [
              78.3245422,
              17.4559877
            ],
            [
              78.324553,
              17.4561484
            ],
            [
              78.3243329,
              17.4561619
            ],
            [
              78.3243384,
              17.456244
            ],
            [
              78.3246882,
              17.4562225
            ]
          ]
        ]
      }
    },
    {
      "type": "Feature",
      "properties": {
        "name": "G Hostel",
        "osm_id": 360243940,
        "type": "yes"
      },
      "geometry": {
        "type": "Polygon",
        "coordinates": [
          [
            [
              78.3244243,
              17.4549453
            ],
            [
              78.3248262,
              17.4549508
            ],
            [
              78.3248271,
              17.4548908
            ],
            [
              78.3247707,
              17.45489
            ],
            [
              78.3247718,
              17.4548169
            ],
            [
              78.3245912,
              17.4548145
            ],
            [
              78.3245902,
              17.454883
            ],
            [
              78.3245532,
              17.4548825
            ],
            [
              78.3245542,
              17.454814
            ],
            [
              78.3245387,
              17.4548138
            ],
            [
              78.3245394,
              17.4547676
            ],
            [
              78.3244818,
              17.4547668
            ],
            [
              78.3244811,
              17.4548157
            ],
            [
              78.3244598,
              17.4548154
            ],
            [
              78.3244588,
              17.4548814
            ],
            [
              78.3244253,
              17.4548809
            ],
            [
              78.3244243,
              17.4549453
            ]
          ]
        ]
      }
    },
    {
      "type": "Feature",
      "properties": {
        "name": "Gurbaksh Singh Hall",
        "osm_id": 360243965,
        "type": "yes"
      },
      "geometry": {
        "type": "Polygon",
        "coordinates": [
          [
            [
              78.3251677,
              17.4561966
            ],
            [
              78.3254496,
              17.4561739
            ],
            [
              78.3254386,
              17.4560488
            ],
            [
              78.3251566,
              17.4560715
            ],
            [
              78.3251677,
              17.4561966
            ]
          ]
        ]
      }
    },
    {
      "type": "Feature",
      "properties": {
        "name": "Sri Srinivasa Towers",
        "osm_id": 368393901,
        "type": "apartments"
      },
      "geometry": {
        "type": "Polygon",
        "coordinates": [
          [
            [
              78.3154677,
              17.5031899
            ],
            [
              78.3155739,
              17.503033
            ],
            [
              78.3157739,
              17.5031612
            ],
            [
              78.3156695,
              17.5033131
            ],
            [
              78.3154677,
              17.5031899
            ]
          ]
        ]
      }
    },
    {
      "type": "Feature",
      "properties": {
        "name": "Star bed works,Salon,Scrap dealer",
        "osm_id": 385369464,
        "type": "commercial"
      },
      "geometry": {
        "type": "Polygon",
        "coordinates": [
          [
            [
              78.3178852,
              17.4903262
            ],
            [
              78.3178675,
              17.4902756
            ],
            [
              78.3179967,
              17.4902317
            ],
            [
              78.3180179,
              17.4902857
            ],
            [
              78.3179471,
              17.4903026
            ],
            [
              78.3178852,
              17.4903262
            ]
          ]
        ]
      }
    },
    {
      "type": "Feature",
      "properties": {
        "name": "Pochamma temple",
        "osm_id": 385369467,
        "type": "yes"
      },
      "geometry": {
        "type": "Polygon",
        "coordinates": [
          [
            [
              78.3194887,
              17.4896132
            ],
            [
              78.3193731,
              17.4895706
            ],
            [
              78.3194409,
              17.4894677
            ],
            [
              78.3194702,
              17.4894413
            ],
            [
              78.3195256,
              17.4894516
            ],
            [
              78.3195148,
              17.4895706
            ],
            [
              78.3194887,
              17.4896132
            ]
          ]
        ]
      }
    },
    {
      "type": "Feature",
      "properties": {
        "name": "plants nursery",
        "osm_id": 385369471,
        "type": "greenhouse"
      },
      "geometry": {
        "type": "Polygon",
        "coordinates": [
          [
            [
              78.3195752,
              17.4890717
            ],
            [
              78.3194817,
              17.4889437
            ],
            [
              78.3195813,
              17.4888487
            ],
            [
              78.3196789,
              17.4887712
            ],
            [
              78.3197317,
              17.4888991
            ],
            [
              78.3195752,
              17.4890717
            ]
          ]
        ]
      }
    },
    {
      "type": "Feature",
      "properties": {
        "name": "Aparna Hill Park",
        "osm_id": 386442149,
        "type": "residential"
      },
      "geometry": {
        "type": "Polygon",
        "coordinates": [
          [
            [
              78.3248603,
              17.507853
            ],
            [
              78.3249096,
              17.5073132
            ],
            [
              78.3251783,
              17.5043739
            ],
            [
              78.3268272,
              17.5047804
            ],
            [
              78.3291486,
              17.505379
            ],
            [
              78.3290788,
              17.5072893
            ],
            [
              78.3290735,
              17.5074348
            ],
            [
              78.3267275,
              17.5075898
            ],
            [
              78.3248603,
              17.507853
            ]
          ]
        ]
      }
    },
    {
      "type": "Feature",
      "properties": {
        "name": "Sri Prabhasam Dynamic Enclave - Block - E & F",
        "osm_id": 407229086,
        "type": "apartments"
      },
      "geometry": {
        "type": "Polygon",
        "coordinates": [
          [
            [
              78.2902964,
              17.5066585
            ],
            [
              78.290424,
              17.5067031
            ],
            [
              78.2905726,
              17.5062828
            ],
            [
              78.2902702,
              17.5061913
            ],
            [
              78.2903014,
              17.5063435
            ],
            [
              78.2903121,
              17.5066044
            ],
            [
              78.2902964,
              17.5066585
            ]
          ]
        ]
      }
    },
    {
      "type": "Feature",
      "properties": {
        "name": "Sri Prabhasam Dynamic Enclave - Block - A, B, C &D",
        "osm_id": 407229299,
        "type": "apartments"
      },
      "geometry": {
        "type": "Polygon",
        "coordinates": [
          [
            [
              78.2890273,
              17.5070181
            ],
            [
              78.2893091,
              17.5069208
            ],
            [
              78.2897262,
              17.5068721
            ],
            [
              78.2896264,
              17.5060701
            ],
            [
              78.2889341,
              17.5062034
            ],
            [
              78.2888343,
              17.5063346
            ],
            [
              78.2889785,
              17.5070329
            ],
            [
              78.2890273,
              17.5070181
            ]
          ]
        ]
      }
    },
    {
      "type": "Feature",
      "properties": {
        "name": "Samatha Nilayam",
        "osm_id": 413511383,
        "type": "yes"
      },
      "geometry": {
        "type": "Polygon",
        "coordinates": [
          [
            [
              78.3275204,
              17.4413122
            ],
            [
              78.3276188,
              17.4412828
            ],
            [
              78.3275988,
              17.441222
            ],
            [
              78.3275004,
              17.4412514
            ],
            [
              78.3275204,
              17.4413122
            ]
          ]
        ]
      }
    },
    {
      "type": "Feature",
      "properties": {
        "name": "SK electronics- AC Repair in Gachibowli, Fridge Repair Service in Gachibowli, Washing machine Repair Service Centre",
        "osm_id": 413511412,
        "type": "yes"
      },
      "geometry": {
        "type": "Polygon",
        "coordinates": [
          [
            [
              78.3269555,
              17.4413054
            ],
            [
              78.3270729,
              17.4412709
            ],
            [
              78.3270526,
              17.4412082
            ],
            [
              78.3269352,
              17.4412428
            ],
            [
              78.3269555,
              17.4413054
            ]
          ]
        ]
      }
    },
    {
      "type": "Feature",
      "properties": {
        "name": "Buyya Latha Venkatesh Goud Nilayam",
        "osm_id": 413511415,
        "type": "yes"
      },
      "geometry": {
        "type": "Polygon",
        "coordinates": [
          [
            [
              78.3255433,
              17.4416662
            ],
            [
              78.3256526,
              17.4416355
            ],
            [
              78.325634,
              17.4415752
            ],
            [
              78.3255247,
              17.4416059
            ],
            [
              78.3255433,
              17.4416662
            ]
          ]
        ]
      }
    },
    {
      "type": "Feature",
      "properties": {
        "name": "BYDU BUILDING",
        "osm_id": 413511430,
        "type": "yes"
      },
      "geometry": {
        "type": "Polygon",
        "coordinates": [
          [
            [
              78.3251038,
              17.4420625
            ],
            [
              78.3252266,
              17.4420264
            ],
            [
              78.3252017,
              17.4419493
            ],
            [
              78.3250789,
              17.4419855
            ],
            [
              78.3251038,
              17.4420625
            ]
          ]
        ]
      }
    },
    {
      "type": "Feature",
      "properties": {
        "name": "Rapaka",
        "osm_id": 413511623,
        "type": "yes"
      },
      "geometry": {
        "type": "Polygon",
        "coordinates": [
          [
            [
              78.3251843,
              17.4418591
            ],
            [
              78.3252962,
              17.4418262
            ],
            [
              78.3252762,
              17.441764
            ],
            [
              78.3251642,
              17.441797
            ],
            [
              78.3251843,
              17.4418591
            ]
          ]
        ]
      }
    },
    {
      "type": "Feature",
      "properties": {
        "name": "Tree Mosque",
        "osm_id": 416991199,
        "type": "yes"
      },
      "geometry": {
        "type": "Polygon",
        "coordinates": [
          [
            [
              78.3296226,
              17.4947953
            ],
            [
              78.3297054,
              17.4947914
            ],
            [
              78.329701,
              17.4947041
            ],
            [
              78.3296181,
              17.494708
            ],
            [
              78.3296226,
              17.4947953
            ]
          ]
        ]
      }
    },
    {
      "type": "Feature",
      "properties": {
        "name": "E Block",
        "osm_id": 422903537,
        "type": "apartments"
      },
      "geometry": {
        "type": "Polygon",
        "coordinates": [
          [
            [
              78.3103364,
              17.4740862
            ],
            [
              78.3103343,
              17.4739909
            ],
            [
              78.310412,
              17.4739894
            ],
            [
              78.3104111,
              17.4739525
            ],
            [
              78.3103589,
              17.4739536
            ],
            [
              78.3103578,
              17.473902
            ],
            [
              78.3103324,
              17.4739025
            ],
            [
              78.3103272,
              17.4736652
            ],
            [
              78.3103177,
              17.4736653
            ],
            [
              78.3103155,
              17.4735653
            ],
            [
              78.3104093,
              17.4735634
            ],
            [
              78.3104102,
              17.473607
            ],
            [
              78.3104451,
              17.4736064
            ],
            [
              78.3104441,
              17.4735627
            ],
            [
              78.3105344,
              17.4735609
            ],
            [
              78.310535,
              17.4735849
            ],
            [
              78.3105498,
              17.4735846
            ],
            [
              78.3105531,
              17.4737387
            ],
            [
              78.3105383,
              17.473739
            ],
            [
              78.310544,
              17.4740012
            ],
            [
              78.3105612,
              17.4740008
            ],
            [
              78.310563,
              17.4740817
            ],
            [
              78.3104593,
              17.4740838
            ],
            [
              78.3104584,
              17.4740431
            ],
            [
              78.3104349,
              17.4740435
            ],
            [
              78.3104358,
              17.4740843
            ],
            [
              78.3103364,
              17.4740862
            ]
          ]
        ]
      }
    },
    {
      "type": "Feature",
      "properties": {
        "name": "TCIS",
        "osm_id": 422907101,
        "type": "yes"
      },
      "geometry": {
        "type": "Polygon",
        "coordinates": [
          [
            [
              78.3045274,
              17.443828
            ],
            [
              78.3045002,
              17.4442966
            ],
            [
              78.3043951,
              17.4443672
            ],
            [
              78.3044855,
              17.4445323
            ],
            [
              78.3046451,
              17.4444535
            ],
            [
              78.3050356,
              17.4446841
            ],
            [
              78.3050993,
              17.4446344
            ],
            [
              78.304706,
              17.4443686
            ],
            [
              78.3046667,
              17.4442907
            ],
            [
              78.3047233,
              17.44385
            ],
            [
              78.3045274,
              17.443828
            ]
          ]
        ]
      }
    },
    {
      "type": "Feature",
      "properties": {
        "name": "Sai Raghavendra Magnificient Habitat",
        "osm_id": 422917406,
        "type": "residential"
      },
      "geometry": {
        "type": "Polygon",
        "coordinates": [
          [
            [
              78.3102382,
              17.4724808
            ],
            [
              78.3097658,
              17.4724306
            ],
            [
              78.3098632,
              17.4716659
            ],
            [
              78.3103261,
              17.4717656
            ],
            [
              78.3102382,
              17.4724808
            ]
          ]
        ]
      }
    },
    {
      "type": "Feature",
      "properties": {
        "name": "Aparna Sarovar",
        "osm_id": 422917808,
        "type": "residential"
      },
      "geometry": {
        "type": "Polygon",
        "coordinates": [
          [
            [
              78.3095162,
              17.4644782
            ],
            [
              78.3096627,
              17.4644225
            ],
            [
              78.3116854,
              17.4637594
            ],
            [
              78.3128296,
              17.4633961
            ],
            [
              78.3123866,
              17.4615943
            ],
            [
              78.3096292,
              17.4621096
            ],
            [
              78.3100738,
              17.4634539
            ],
            [
              78.3102022,
              17.4634467
            ],
            [
              78.3104094,
              17.4639098
            ],
            [
              78.3102827,
              17.4639514
            ],
            [
              78.3095944,
              17.4641775
            ],
            [
              78.3093903,
              17.4642446
            ],
            [
              78.3095162,
              17.4644782
            ]
          ]
        ]
      }
    },
    {
      "type": "Feature",
      "properties": {
        "name": "Aarambh Township",
        "osm_id": 440456540,
        "type": "residential"
      },
      "geometry": {
        "type": "Polygon",
        "coordinates": [
          [
            [
              78.3243574,
              17.4841539
            ],
            [
              78.3246474,
              17.4841322
            ],
            [
              78.3246758,
              17.4843058
            ],
            [
              78.3258073,
              17.4842353
            ],
            [
              78.3257903,
              17.4839912
            ],
            [
              78.3260689,
              17.4839749
            ],
            [
              78.3260523,
              17.4837464
            ],
            [
              78.3275814,
              17.4836387
            ],
            [
              78.3275643,
              17.4834272
            ],
            [
              78.329041,
              17.4833129
            ],
            [
              78.3288112,
              17.4830531
            ],
            [
              78.328658,
              17.4831343
            ],
            [
              78.3285048,
              17.4830856
            ],
            [
              78.3284793,
              17.4829313
            ],
            [
              78.3278617,
              17.4818866
            ],
            [
              78.3271978,
              17.4821843
            ],
            [
              78.3265301,
              17.4825335
            ],
            [
              78.3258832,
              17.4828258
            ],
            [
              78.3250661,
              17.4831668
            ],
            [
              78.324266,
              17.483321
            ],
            [
              78.3240022,
              17.483386
            ],
            [
              78.3241213,
              17.4841978
            ],
            [
              78.3243574,
              17.4841539
            ]
          ]
        ]
      }
    },
    {
      "type": "Feature",
      "properties": {
        "name": "Ratnadeep",
        "osm_id": 472478902,
        "type": "retail"
      },
      "geometry": {
        "type": "Polygon",
        "coordinates": [
          [
            [
              78.3087173,
              17.4725701
            ],
            [
              78.3090369,
              17.4725799
            ],
            [
              78.309028,
              17.4728673
            ],
            [
              78.3087109,
              17.4728592
            ],
            [
              78.3087173,
              17.4725701
            ]
          ]
        ]
      }
    },
    {
      "type": "Feature",
      "properties": {
        "name": "Epistemo Global",
        "osm_id": 520464008,
        "type": "school"
      },
      "geometry": {
        "type": "Polygon",
        "coordinates": [
          [
            [
              78.3044396,
              17.4686325
            ],
            [
              78.304386,
              17.468218
            ],
            [
              78.304158,
              17.4681975
            ],
            [
              78.3042143,
              17.4686197
            ],
            [
              78.3044396,
              17.4686325
            ]
          ]
        ]
      }
    },
    {
      "type": "Feature",
      "properties": {
        "name": "DCB Bank",
        "osm_id": 535310490,
        "type": "commercial"
      },
      "geometry": {
        "type": "Polygon",
        "coordinates": [
          [
            [
              78.3263229,
              17.494725
            ],
            [
              78.3263974,
              17.4947152
            ],
            [
              78.3264263,
              17.4945937
            ],
            [
              78.3263177,
              17.4946011
            ],
            [
              78.3263229,
              17.494725
            ]
          ]
        ]
      }
    },
    {
      "type": "Feature",
      "properties": {
        "name": "Vijetha",
        "osm_id": 550373275,
        "type": "retail"
      },
      "geometry": {
        "type": "Polygon",
        "coordinates": [
          [
            [
              78.3087173,
              17.4725701
            ],
            [
              78.3090369,
              17.4725799
            ],
            [
              78.3090403,
              17.472478
            ],
            [
              78.3090521,
              17.4722074
            ],
            [
              78.3087291,
              17.4722018
            ],
            [
              78.3087173,
              17.4725701
            ]
          ]
        ]
      }
    },
    {
      "type": "Feature",
      "properties": {
        "name": "Men's Hostel - L (MN-L)",
        "osm_id": 620504259,
        "type": "residential"
      },
      "geometry": {
        "type": "Polygon",
        "coordinates": [
          [
            [
              78.314035,
              17.4502188
            ],
            [
              78.3138415,
              17.449924
            ],
            [
              78.3139775,
              17.4498428
            ],
            [
              78.3141287,
              17.4500731
            ],
            [
              78.3143648,
              17.4501135
            ],
            [
              78.3143858,
              17.450002
            ],
            [
              78.3143355,
              17.4499934
            ],
            [
              78.3143498,
              17.4499174
            ],
            [
              78.3144549,
              17.4499354
            ],
            [
              78.3144748,
              17.4498296
            ],
            [
              78.3145379,
              17.4498404
            ],
            [
              78.3145194,
              17.4499387
            ],
            [
              78.3146229,
              17.4499565
            ],
            [
              78.314606,
              17.4500458
            ],
            [
              78.3145557,
              17.4500372
            ],
            [
              78.3145383,
              17.4501297
            ],
            [
              78.3146719,
              17.4501526
            ],
            [
              78.3150493,
              17.4499196
            ],
            [
              78.3151411,
              17.4500549
            ],
            [
              78.3147014,
              17.4503264
            ],
            [
              78.314035,
              17.4502188
            ]
          ]
        ]
      }
    },
    {
      "type": "Feature",
      "properties": {
        "name": "I Hostel",
        "osm_id": 620504304,
        "type": "residential"
      },
      "geometry": {
        "type": "Polygon",
        "coordinates": [
          [
            [
              78.3141009,
              17.4489738
            ],
            [
              78.3140119,
              17.4488495
            ],
            [
              78.3143067,
              17.4486574
            ],
            [
              78.3149599,
              17.4487538
            ],
            [
              78.3152045,
              17.4490824
            ],
            [
              78.3150839,
              17.4491641
            ],
            [
              78.3148958,
              17.4489113
            ],
            [
              78.314724,
              17.4488661
            ],
            [
              78.3147038,
              17.448936
            ],
            [
              78.3147529,
              17.4489489
            ],
            [
              78.3147581,
              17.4490239
            ],
            [
              78.3146789,
              17.4490289
            ],
            [
              78.3146565,
              17.4491424
            ],
            [
              78.3145359,
              17.4491207
            ],
            [
              78.3145606,
              17.4489958
            ],
            [
              78.314505,
              17.4489858
            ],
            [
              78.314518,
              17.4489204
            ],
            [
              78.3146109,
              17.4489371
            ],
            [
              78.3146245,
              17.4488683
            ],
            [
              78.3143412,
              17.4488172
            ],
            [
              78.3141009,
              17.4489738
            ]
          ]
        ]
      }
    },
    {
      "type": "Feature",
      "properties": {
        "name": "Aparna CyberZon",
        "osm_id": 625059529,
        "type": "residential"
      },
      "geometry": {
        "type": "Polygon",
        "coordinates": [
          [
            [
              78.3111222,
              17.4729088
            ],
            [
              78.3119358,
              17.4728986
            ],
            [
              78.3120813,
              17.4728953
            ],
            [
              78.3120884,
              17.4731781
            ],
            [
              78.3120905,
              17.4732622
            ],
            [
              78.3121323,
              17.4732857
            ],
            [
              78.3121362,
              17.4734902
            ],
            [
              78.3122668,
              17.4737262
            ],
            [
              78.3122779,
              17.473998
            ],
            [
              78.3122886,
              17.4741772
            ],
            [
              78.3122103,
              17.4742174
            ],
            [
              78.3119767,
              17.4743457
            ],
            [
              78.3119537,
              17.4746175
            ],
            [
              78.3121961,
              17.4746192
            ],
            [
              78.3124031,
              17.4747913
            ],
            [
              78.3124987,
              17.4747981
            ],
            [
              78.3125536,
              17.4748892
            ],
            [
              78.3125723,
              17.4749301
            ],
            [
              78.3125661,
              17.4751483
            ],
            [
              78.312566,
              17.4753635
            ],
            [
              78.3128048,
              17.4754007
            ],
            [
              78.3130685,
              17.4753956
            ],
            [
              78.3136458,
              17.4754156
            ],
            [
              78.3138092,
              17.475185
            ],
            [
              78.3138615,
              17.4749065
            ],
            [
              78.3138332,
              17.4747174
            ],
            [
              78.3137962,
              17.4745324
            ],
            [
              78.314062,
              17.4745304
            ],
            [
              78.314367,
              17.4743454
            ],
            [
              78.3144759,
              17.4745594
            ],
            [
              78.3147243,
              17.4744618
            ],
            [
              78.3146437,
              17.4742373
            ],
            [
              78.3149221,
              17.474099
            ],
            [
              78.314953,
              17.4740836
            ],
            [
              78.3148354,
              17.473749
            ],
            [
              78.314892,
              17.4733479
            ],
            [
              78.3149465,
              17.4730798
            ],
            [
              78.3144933,
              17.4730279
            ],
            [
              78.3142973,
              17.4729759
            ],
            [
              78.313916,
              17.4729967
            ],
            [
              78.3130772,
              17.4727307
            ],
            [
              78.3127069,
              17.4723463
            ],
            [
              78.3124145,
              17.4723211
            ],
            [
              78.3121385,
              17.4722973
            ],
            [
              78.3121034,
              17.4722943
            ],
            [
              78.3118419,
              17.4722257
            ],
            [
              78.3110881,
              17.4727453
            ],
            [
              78.3111008,
              17.4728061
            ],
            [
              78.3111222,
              17.4729088
            ]
          ]
        ]
      }
    },
    {
      "type": "Feature",
      "properties": {
        "name": "E Block",
        "osm_id": 625063135,
        "type": "apartments"
      },
      "geometry": {
        "type": "Polygon",
        "coordinates": [
          [
            [
              78.3123961,
              17.4738131
            ],
            [
              78.3123758,
              17.4731333
            ],
            [
              78.3125855,
              17.4731276
            ],
            [
              78.3126058,
              17.4738073
            ],
            [
              78.3123961,
              17.4738131
            ]
          ]
        ]
      }
    },
    {
      "type": "Feature",
      "properties": {
        "name": "G Block",
        "osm_id": 625063136,
        "type": "apartments"
      },
      "geometry": {
        "type": "Polygon",
        "coordinates": [
          [
            [
              78.3129972,
              17.4737902
            ],
            [
              78.312965,
              17.4730764
            ],
            [
              78.313217,
              17.473066
            ],
            [
              78.3132492,
              17.4737799
            ],
            [
              78.3129972,
              17.4737902
            ]
          ]
        ]
      }
    },
    {
      "type": "Feature",
      "properties": {
        "name": "I Block",
        "osm_id": 625063137,
        "type": "apartments"
      },
      "geometry": {
        "type": "Polygon",
        "coordinates": [
          [
            [
              78.3138389,
              17.4735429
            ],
            [
              78.3138296,
              17.4731111
            ],
            [
              78.3140721,
              17.4731146
            ],
            [
              78.314076,
              17.4735353
            ],
            [
              78.3138389,
              17.4735429
            ]
          ]
        ]
      }
    },
    {
      "type": "Feature",
      "properties": {
        "name": "J Block",
        "osm_id": 625063138,
        "type": "apartments"
      },
      "geometry": {
        "type": "Polygon",
        "coordinates": [
          [
            [
              78.314165,
              17.4737237
            ],
            [
              78.3141532,
              17.4731103
            ],
            [
              78.3143745,
              17.4731083
            ],
            [
              78.3143799,
              17.473703
            ],
            [
              78.314165,
              17.4737237
            ]
          ]
        ]
      }
    },
    {
      "type": "Feature",
      "properties": {
        "name": "K Block",
        "osm_id": 625063139,
        "type": "apartments"
      },
      "geometry": {
        "type": "Polygon",
        "coordinates": [
          [
            [
              78.3144725,
              17.4737304
            ],
            [
              78.3144595,
              17.4731581
            ],
            [
              78.3147007,
              17.4731551
            ],
            [
              78.3147048,
              17.473714
            ],
            [
              78.3144725,
              17.4737304
            ]
          ]
        ]
      }
    },
    {
      "type": "Feature",
      "properties": {
        "name": "L Block",
        "osm_id": 625063140,
        "type": "apartments"
      },
      "geometry": {
        "type": "Polygon",
        "coordinates": [
          [
            [
              78.3139955,
              17.4743574
            ],
            [
              78.3139784,
              17.4738945
            ],
            [
              78.3141886,
              17.4738874
            ],
            [
              78.3142058,
              17.4743503
            ],
            [
              78.3139955,
              17.4743574
            ]
          ]
        ]
      }
    },
    {
      "type": "Feature",
      "properties": {
        "name": "F Block",
        "osm_id": 625063141,
        "type": "apartments"
      },
      "geometry": {
        "type": "Polygon",
        "coordinates": [
          [
            [
              78.3128995,
              17.4735315
            ],
            [
              78.3128927,
              17.4731037
            ],
            [
              78.3126728,
              17.4731069
            ],
            [
              78.3126796,
              17.4735346
            ],
            [
              78.3128995,
              17.4735315
            ]
          ]
        ]
      }
    },
    {
      "type": "Feature",
      "properties": {
        "name": "H Block",
        "osm_id": 625063142,
        "type": "apartments"
      },
      "geometry": {
        "type": "Polygon",
        "coordinates": [
          [
            [
              78.3137453,
              17.4737478
            ],
            [
              78.3137268,
              17.473072
            ],
            [
              78.3134998,
              17.4730776
            ],
            [
              78.3135183,
              17.4737535
            ],
            [
              78.3137453,
              17.4737478
            ]
          ]
        ]
      }
    },
    {
      "type": "Feature",
      "properties": {
        "name": "M Block",
        "osm_id": 625063143,
        "type": "apartments"
      },
      "geometry": {
        "type": "Polygon",
        "coordinates": [
          [
            [
              78.3138849,
              17.4738972
            ],
            [
              78.3139002,
              17.4744177
            ],
            [
              78.3136682,
              17.4744239
            ],
            [
              78.3136529,
              17.4739034
            ],
            [
              78.3138849,
              17.4738972
            ]
          ]
        ]
      }
    },
    {
      "type": "Feature",
      "properties": {
        "name": "N Block",
        "osm_id": 625063144,
        "type": "apartments"
      },
      "geometry": {
        "type": "Polygon",
        "coordinates": [
          [
            [
              78.3135627,
              17.4745829
            ],
            [
              78.3135627,
              17.4739115
            ],
            [
              78.3133251,
              17.4739116
            ],
            [
              78.3133251,
              17.4745829
            ],
            [
              78.3135627,
              17.4745829
            ]
          ]
        ]
      }
    },
    {
      "type": "Feature",
      "properties": {
        "name": "O Block",
        "osm_id": 625063145,
        "type": "apartments"
      },
      "geometry": {
        "type": "Polygon",
        "coordinates": [
          [
            [
              78.3132418,
              17.4744301
            ],
            [
              78.3132387,
              17.4739221
            ],
            [
              78.3130199,
              17.4739233
            ],
            [
              78.313023,
              17.4744313
            ],
            [
              78.3132418,
              17.4744301
            ]
          ]
        ]
      }
    },
    {
      "type": "Feature",
      "properties": {
        "name": "P Block",
        "osm_id": 625063146,
        "type": "apartments"
      },
      "geometry": {
        "type": "Polygon",
        "coordinates": [
          [
            [
              78.3129373,
              17.4745989
            ],
            [
              78.3129304,
              17.473929
            ],
            [
              78.3127379,
              17.4739308
            ],
            [
              78.3127447,
              17.4746007
            ],
            [
              78.3129373,
              17.4745989
            ]
          ]
        ]
      }
    },
    {
      "type": "Feature",
      "properties": {
        "name": "Q Block",
        "osm_id": 625063147,
        "type": "apartments"
      },
      "geometry": {
        "type": "Polygon",
        "coordinates": [
          [
            [
              78.3125774,
              17.474617
            ],
            [
              78.3125848,
              17.4739551
            ],
            [
              78.3123648,
              17.4739528
            ],
            [
              78.3123574,
              17.4746147
            ],
            [
              78.3125774,
              17.474617
            ]
          ]
        ]
      }
    },
    {
      "type": "Feature",
      "properties": {
        "name": "R Block",
        "osm_id": 625063148,
        "type": "apartments"
      },
      "geometry": {
        "type": "Polygon",
        "coordinates": [
          [
            [
              78.3122937,
              17.4744668
            ],
            [
              78.312294,
              17.4742451
            ],
            [
              78.3121589,
              17.4742449
            ],
            [
              78.3121588,
              17.4743028
            ],
            [
              78.3120778,
              17.4743027
            ],
            [
              78.3120777,
              17.4743751
            ],
            [
              78.3120057,
              17.474375
            ],
            [
              78.3120055,
              17.4744953
            ],
            [
              78.3120903,
              17.4744954
            ],
            [
              78.3120904,
              17.4744666
            ],
            [
              78.3122937,
              17.4744668
            ]
          ]
        ]
      }
    },
    {
      "type": "Feature",
      "properties": {
        "name": "U Block",
        "osm_id": 625063150,
        "type": "apartments"
      },
      "geometry": {
        "type": "Polygon",
        "coordinates": [
          [
            [
              78.313415,
              17.475296
            ],
            [
              78.3134034,
              17.47466
            ],
            [
              78.3136248,
              17.4746564
            ],
            [
              78.3136364,
              17.4752924
            ],
            [
              78.313415,
              17.475296
            ]
          ]
        ]
      }
    },
    {
      "type": "Feature",
      "properties": {
        "name": "T Block",
        "osm_id": 625063151,
        "type": "apartments"
      },
      "geometry": {
        "type": "Polygon",
        "coordinates": [
          [
            [
              78.3130483,
              17.4752505
            ],
            [
              78.3130344,
              17.4747094
            ],
            [
              78.3132863,
              17.4747035
            ],
            [
              78.3133002,
              17.4752446
            ],
            [
              78.3130483,
              17.4752505
            ]
          ]
        ]
      }
    },
    {
      "type": "Feature",
      "properties": {
        "name": "S Block",
        "osm_id": 625063152,
        "type": "apartments"
      },
      "geometry": {
        "type": "Polygon",
        "coordinates": [
          [
            [
              78.3127047,
              17.4753465
            ],
            [
              78.312707,
              17.4747093
            ],
            [
              78.3129295,
              17.4746863
            ],
            [
              78.3129462,
              17.4753473
            ],
            [
              78.3127047,
              17.4753465
            ]
          ]
        ]
      }
    },
    {
      "type": "Feature",
      "properties": {
        "name": "D Block",
        "osm_id": 625063754,
        "type": "apartments"
      },
      "geometry": {
        "type": "Polygon",
        "coordinates": [
          [
            [
              78.3124182,
              17.4726952
            ],
            [
              78.312411,
              17.4724265
            ],
            [
              78.3125684,
              17.4724227
            ],
            [
              78.3125716,
              17.4725404
            ],
            [
              78.3126364,
              17.4725388
            ],
            [
              78.3126404,
              17.4726898
            ],
            [
              78.3124182,
              17.4726952
            ]
          ]
        ]
      }
    },
    {
      "type": "Feature",
      "properties": {
        "name": "C Block",
        "osm_id": 625063755,
        "type": "apartments"
      },
      "geometry": {
        "type": "Polygon",
        "coordinates": [
          [
            [
              78.3121444,
              17.4726983
            ],
            [
              78.3121372,
              17.4724085
            ],
            [
              78.3123529,
              17.4724036
            ],
            [
              78.31236,
              17.4726935
            ],
            [
              78.3121444,
              17.4726983
            ]
          ]
        ]
      }
    },
    {
      "type": "Feature",
      "properties": {
        "name": "A & B Blocks",
        "osm_id": 625063756,
        "type": "apartments"
      },
      "geometry": {
        "type": "Polygon",
        "coordinates": [
          [
            [
              78.311521,
              17.4726895
            ],
            [
              78.312043,
              17.4726815
            ],
            [
              78.3120376,
              17.4723625
            ],
            [
              78.3117951,
              17.4723662
            ],
            [
              78.3117964,
              17.472443
            ],
            [
              78.3116759,
              17.4724448
            ],
            [
              78.3116786,
              17.4726014
            ],
            [
              78.3115196,
              17.4726038
            ],
            [
              78.311521,
              17.4726895
            ]
          ]
        ]
      }
    },
    {
      "type": "Feature",
      "properties": {
        "name": "Club house",
        "osm_id": 625064455,
        "type": "yes"
      },
      "geometry": {
        "type": "Polygon",
        "coordinates": [
          [
            [
              78.3125066,
              17.4730194
            ],
            [
              78.3132379,
              17.4729836
            ],
            [
              78.3132303,
              17.4728439
            ],
            [
              78.3129455,
              17.4728579
            ],
            [
              78.3129424,
              17.4728015
            ],
            [
              78.3129949,
              17.4727422
            ],
            [
              78.312873,
              17.4726441
            ],
            [
              78.3127613,
              17.4727704
            ],
            [
              78.3126811,
              17.4727743
            ],
            [
              78.3126836,
              17.4728204
            ],
            [
              78.3124964,
              17.4728295
            ],
            [
              78.3125066,
              17.4730194
            ]
          ]
        ]
      }
    },
    {
      "type": "Feature",
      "properties": {
        "name": "Sun Ridge Signature",
        "osm_id": 626667175,
        "type": "yes"
      },
      "geometry": {
        "type": "Polygon",
        "coordinates": [
          [
            [
              78.3023365,
              17.4550725
            ],
            [
              78.3027328,
              17.455068
            ],
            [
              78.3027294,
              17.4547986
            ],
            [
              78.3023331,
              17.4548031
            ],
            [
              78.3023365,
              17.4550725
            ]
          ]
        ]
      }
    },
    {
      "type": "Feature",
      "properties": {
        "name": "SNR Meadows",
        "osm_id": 626667176,
        "type": "yes"
      },
      "geometry": {
        "type": "Polygon",
        "coordinates": [
          [
            [
              78.3019854,
              17.4549927
            ],
            [
              78.3021988,
              17.4549892
            ],
            [
              78.3021964,
              17.4548534
            ],
            [
              78.301983,
              17.4548569
            ],
            [
              78.3019854,
              17.4549927
            ]
          ]
        ]
      }
    },
    {
      "type": "Feature",
      "properties": {
        "name": "Kakatiya Residency",
        "osm_id": 626667177,
        "type": "yes"
      },
      "geometry": {
        "type": "Polygon",
        "coordinates": [
          [
            [
              78.302002,
              17.4547831
            ],
            [
              78.3022132,
              17.4547818
            ],
            [
              78.3022124,
              17.4546598
            ],
            [
              78.3020012,
              17.454661
            ],
            [
              78.302002,
              17.4547831
            ]
          ]
        ]
      }
    },
    {
      "type": "Feature",
      "properties": {
        "name": "Manjeera Diamond Towers",
        "osm_id": 626667178,
        "type": "residential"
      },
      "geometry": {
        "type": "Polygon",
        "coordinates": [
          [
            [
              78.3028167,
              17.4556065
            ],
            [
              78.3021408,
              17.4556679
            ],
            [
              78.3023178,
              17.4564611
            ],
            [
              78.302114,
              17.4564508
            ],
            [
              78.3020442,
              17.4564918
            ],
            [
              78.3014381,
              17.4565276
            ],
            [
              78.3010679,
              17.4561592
            ],
            [
              78.3008533,
              17.456154
            ],
            [
              78.3007782,
              17.4560159
            ],
            [
              78.3006066,
              17.4560978
            ],
            [
              78.3002525,
              17.4552994
            ],
            [
              78.3000219,
              17.4549873
            ],
            [
              78.2997322,
              17.45445
            ],
            [
              78.2999092,
              17.4543322
            ],
            [
              78.3005905,
              17.4541276
            ],
            [
              78.3007821,
              17.4545988
            ],
            [
              78.3009329,
              17.4545789
            ],
            [
              78.3009231,
              17.4544295
            ],
            [
              78.3011913,
              17.4543271
            ],
            [
              78.3010894,
              17.4540099
            ],
            [
              78.3016258,
              17.453887
            ],
            [
              78.3027684,
              17.4538666
            ],
            [
              78.3028167,
              17.4556065
            ]
          ]
        ]
      }
    },
    {
      "type": "Feature",
      "properties": {
        "name": "Ramky One Kosmos",
        "osm_id": 626835204,
        "type": "residential"
      },
      "geometry": {
        "type": "Polygon",
        "coordinates": [
          [
            [
              78.3037757,
              17.4625461
            ],
            [
              78.3038075,
              17.4616615
            ],
            [
              78.3037509,
              17.4614488
            ],
            [
              78.3052763,
              17.4608411
            ],
            [
              78.3052161,
              17.4620633
            ],
            [
              78.3037757,
              17.4625461
            ]
          ]
        ]
      }
    },
    {
      "type": "Feature",
      "properties": {
        "name": "Lakshmi Vihar Phase 2",
        "osm_id": 660660900,
        "type": "residential"
      },
      "geometry": {
        "type": "Polygon",
        "coordinates": [
          [
            [
              78.3098596,
              17.4795619
            ],
            [
              78.3104133,
              17.4806701
            ],
            [
              78.3106386,
              17.4806982
            ],
            [
              78.3105635,
              17.4809694
            ],
            [
              78.3096703,
              17.4809003
            ],
            [
              78.3086913,
              17.480821
            ],
            [
              78.3076173,
              17.4807411
            ],
            [
              78.3073126,
              17.4807161
            ],
            [
              78.3071222,
              17.4807085
            ],
            [
              78.307141,
              17.4802582
            ],
            [
              78.3072195,
              17.479999
            ],
            [
              78.3072217,
              17.479797
            ],
            [
              78.3072375,
              17.4795751
            ],
            [
              78.3073555,
              17.4795853
            ],
            [
              78.307376,
              17.4794004
            ],
            [
              78.3075889,
              17.4794011
            ],
            [
              78.3079805,
              17.4793807
            ],
            [
              78.3081575,
              17.4793705
            ],
            [
              78.308289,
              17.4793653
            ],
            [
              78.3085666,
              17.4793551
            ],
            [
              78.3087249,
              17.47935
            ],
            [
              78.3088792,
              17.4793475
            ],
            [
              78.3089989,
              17.4793551
            ],
            [
              78.3092118,
              17.4793817
            ],
            [
              78.3094193,
              17.4794528
            ],
            [
              78.3098596,
              17.4795619
            ]
          ]
        ]
      }
    },
    {
      "type": "Feature",
      "properties": {
        "name": "Honey Dew Residency",
        "osm_id": 694848248,
        "type": "yes"
      },
      "geometry": {
        "type": "Polygon",
        "coordinates": [
          [
            [
              78.3242802,
              17.500731
            ],
            [
              78.3243149,
              17.5008274
            ],
            [
              78.3245141,
              17.5007531
            ],
            [
              78.3244563,
              17.5006512
            ],
            [
              78.3242802,
              17.500731
            ]
          ]
        ]
      }
    },
    {
      "type": "Feature",
      "properties": {
        "name": "Vaishno Devi Temple",
        "osm_id": 707873005,
        "type": "yes"
      },
      "geometry": {
        "type": "Polygon",
        "coordinates": [
          [
            [
              78.3245206,
              17.4910283
            ],
            [
              78.3246126,
              17.4910046
            ],
            [
              78.3245876,
              17.4909406
            ],
            [
              78.324505,
              17.4909659
            ],
            [
              78.3245206,
              17.4910283
            ]
          ]
        ]
      }
    },
    {
      "type": "Feature",
      "properties": {
        "name": "Ladies Hostel 9",
        "osm_id": 722933285,
        "type": "yes"
      },
      "geometry": {
        "type": "Polygon",
        "coordinates": [
          [
            [
              78.3166968,
              17.4477361
            ],
            [
              78.3168003,
              17.4477467
            ],
            [
              78.3168107,
              17.447654
            ],
            [
              78.3167703,
              17.4476517
            ],
            [
              78.3167821,
              17.4475711
            ],
            [
              78.3169465,
              17.447593
            ],
            [
              78.3169466,
              17.4475924
            ],
            [
              78.316987,
              17.4475978
            ],
            [
              78.3170036,
              17.4476205
            ],
            [
              78.3170056,
              17.4476192
            ],
            [
              78.3171867,
              17.4478666
            ],
            [
              78.3172748,
              17.4478079
            ],
            [
              78.3171014,
              17.447571
            ],
            [
              78.3171251,
              17.4475552
            ],
            [
              78.3170643,
              17.4474721
            ],
            [
              78.3169681,
              17.4474559
            ],
            [
              78.3169609,
              17.4474948
            ],
            [
              78.316494,
              17.4474164
            ],
            [
              78.3164999,
              17.4473843
            ],
            [
              78.3164059,
              17.4473685
            ],
            [
              78.3163248,
              17.447421
            ],
            [
              78.3163429,
              17.4474464
            ],
            [
              78.3161441,
              17.447575
            ],
            [
              78.3161544,
              17.4475896
            ],
            [
              78.3161363,
              17.4476013
            ],
            [
              78.3161187,
              17.4475767
            ],
            [
              78.3160648,
              17.4476116
            ],
            [
              78.3161235,
              17.4476943
            ],
            [
              78.316179,
              17.4476584
            ],
            [
              78.3161549,
              17.4476244
            ],
            [
              78.316174,
              17.4476121
            ],
            [
              78.3162057,
              17.4476567
            ],
            [
              78.3164387,
              17.447506
            ],
            [
              78.3166209,
              17.4475338
            ],
            [
              78.3166072,
              17.4476154
            ],
            [
              78.3166623,
              17.4476239
            ],
            [
              78.3166579,
              17.4476505
            ],
            [
              78.3165625,
              17.4476359
            ],
            [
              78.3165343,
              17.4476997
            ],
            [
              78.3166034,
              17.4477275
            ],
            [
              78.3165985,
              17.4477707
            ],
            [
              78.3165821,
              17.447769
            ],
            [
              78.3165748,
              17.4478334
            ],
            [
              78.316594,
              17.4478353
            ],
            [
              78.3165932,
              17.4478425
            ],
            [
              78.3166867,
              17.4478521
            ],
            [
              78.3166873,
              17.4478471
            ],
            [
              78.3167099,
              17.4478494
            ],
            [
              78.3167162,
              17.4477938
            ],
            [
              78.3166906,
              17.4477911
            ],
            [
              78.3166968,
              17.4477361
            ]
          ]
        ]
      }
    },
    {
      "type": "Feature",
      "properties": {
        "name": "Pochamma temple",
        "osm_id": 733439003,
        "type": "yes"
      },
      "geometry": {
        "type": "Polygon",
        "coordinates": [
          [
            [
              78.318408,
              17.5057962
            ],
            [
              78.3184033,
              17.5057487
            ],
            [
              78.3184696,
              17.5057442
            ],
            [
              78.3184673,
              17.5057939
            ],
            [
              78.318408,
              17.5057962
            ]
          ]
        ]
      }
    },
    {
      "type": "Feature",
      "properties": {
        "name": "SS Residency",
        "osm_id": 733439004,
        "type": "apartments"
      },
      "geometry": {
        "type": "Polygon",
        "coordinates": [
          [
            [
              78.3188818,
              17.5055838
            ],
            [
              78.3188652,
              17.5054325
            ],
            [
              78.3189623,
              17.5054257
            ],
            [
              78.3189718,
              17.5055725
            ],
            [
              78.3188818,
              17.5055838
            ]
          ]
        ]
      }
    },
    {
      "type": "Feature",
      "properties": {
        "name": "AkkiRaju Towers",
        "osm_id": 733462400,
        "type": "apartments"
      },
      "geometry": {
        "type": "Polygon",
        "coordinates": [
          [
            [
              78.3187239,
              17.505403
            ],
            [
              78.318708,
              17.5052541
            ],
            [
              78.3188059,
              17.505234
            ],
            [
              78.3188191,
              17.5053954
            ],
            [
              78.3187239,
              17.505403
            ]
          ]
        ]
      }
    },
    {
      "type": "Feature",
      "properties": {
        "name": "Skypx Gardens",
        "osm_id": 733463188,
        "type": "apartments"
      },
      "geometry": {
        "type": "Polygon",
        "coordinates": [
          [
            [
              78.3184635,
              17.5034525
            ],
            [
              78.3182791,
              17.5028957
            ],
            [
              78.3184635,
              17.5028408
            ],
            [
              78.3186363,
              17.5033646
            ],
            [
              78.3186188,
              17.5033932
            ],
            [
              78.3185672,
              17.5034195
            ],
            [
              78.3184635,
              17.5034525
            ]
          ]
        ]
      }
    },
    {
      "type": "Feature",
      "properties": {
        "name": "Godavari Apartments",
        "osm_id": 733463638,
        "type": "apartments"
      },
      "geometry": {
        "type": "Polygon",
        "coordinates": [
          [
            [
              78.317325,
              17.5025631
            ],
            [
              78.3172027,
              17.5023303
            ],
            [
              78.3175522,
              17.5021655
            ],
            [
              78.317652,
              17.5023889
            ],
            [
              78.317325,
              17.5025631
            ]
          ]
        ]
      }
    },
    {
      "type": "Feature",
      "properties": {
        "name": "Nivas Heights Apartment",
        "osm_id": 741819484,
        "type": "apartments"
      },
      "geometry": {
        "type": "Polygon",
        "coordinates": [
          [
            [
              78.3093531,
              17.5082043
            ],
            [
              78.3094777,
              17.5082887
            ],
            [
              78.3096053,
              17.5081326
            ],
            [
              78.3094777,
              17.5080472
            ],
            [
              78.3093531,
              17.5082043
            ]
          ]
        ]
      }
    },
    {
      "type": "Feature",
      "properties": {
        "name": "Shamrock Apartments",
        "osm_id": 768421426,
        "type": "yes"
      },
      "geometry": {
        "type": "Polygon",
        "coordinates": [
          [
            [
              78.3013004,
              17.5126549
            ],
            [
              78.3015879,
              17.5126022
            ],
            [
              78.3015958,
              17.5125777
            ],
            [
              78.3015572,
              17.512073
            ],
            [
              78.3015554,
              17.5120565
            ],
            [
              78.3012669,
              17.5122005
            ],
            [
              78.3009913,
              17.5125244
            ],
            [
              78.3010821,
              17.5125909
            ],
            [
              78.3013004,
              17.5126549
            ]
          ]
        ]
      }
    },
    {
      "type": "Feature",
      "properties": {
        "name": "Goldfish Zreshta Villas",
        "osm_id": 773659456,
        "type": "residential"
      },
      "geometry": {
        "type": "Polygon",
        "coordinates": [
          [
            [
              78.3230402,
              17.4047471
            ],
            [
              78.3247518,
              17.4041431
            ],
            [
              78.3243924,
              17.4031091
            ],
            [
              78.3238702,
              17.4030727
            ],
            [
              78.3236492,
              17.4028102
            ],
            [
              78.323577,
              17.4026896
            ],
            [
              78.3230177,
              17.4024916
            ],
            [
              78.3230312,
              17.4036452
            ],
            [
              78.3230402,
              17.4047471
            ]
          ]
        ]
      }
    },
    {
      "type": "Feature",
      "properties": {
        "name": "Cyber City Westbrook",
        "osm_id": 773659457,
        "type": "residential"
      },
      "geometry": {
        "type": "Polygon",
        "coordinates": [
          [
            [
              78.3259757,
              17.4076688
            ],
            [
              78.3269091,
              17.4072899
            ],
            [
              78.3270647,
              17.4071978
            ],
            [
              78.3278825,
              17.406715
            ],
            [
              78.3276299,
              17.405108
            ],
            [
              78.3266562,
              17.4051771
            ],
            [
              78.3258899,
              17.4052425
            ],
            [
              78.3259757,
              17.4076688
            ]
          ]
        ]
      }
    },
    {
      "type": "Feature",
      "properties": {
        "name": "Sonata Software",
        "osm_id": 773660988,
        "type": "construction"
      },
      "geometry": {
        "type": "Polygon",
        "coordinates": [
          [
            [
              78.3202517,
              17.4071276
            ],
            [
              78.321955,
              17.4071154
            ],
            [
              78.3220762,
              17.4055875
            ],
            [
              78.3206281,
              17.405971
            ],
            [
              78.3203985,
              17.4063423
            ],
            [
              78.3203985,
              17.4068049
            ],
            [
              78.3202517,
              17.4071276
            ]
          ]
        ]
      }
    },
    {
      "type": "Feature",
      "properties": {
        "name": "Laxmi Infobahn",
        "osm_id": 773812175,
        "type": "yes"
      },
      "geometry": {
        "type": "Polygon",
        "coordinates": [
          [
            [
              78.3232103,
              17.4077616
            ],
            [
              78.3233313,
              17.4059718
            ],
            [
              78.323929,
              17.4060193
            ],
            [
              78.3239946,
              17.4065232
            ],
            [
              78.3240074,
              17.4069371
            ],
            [
              78.324052,
              17.4069736
            ],
            [
              78.3242434,
              17.4078441
            ],
            [
              78.3232103,
              17.4077616
            ]
          ]
        ]
      }
    },
    {
      "type": "Feature",
      "properties": {
        "name": "Mandal office",
        "osm_id": 776449616,
        "type": "yes"
      },
      "geometry": {
        "type": "Polygon",
        "coordinates": [
          [
            [
              78.2673431,
              17.5264298
            ],
            [
              78.2673675,
              17.5264584
            ],
            [
              78.2673453,
              17.5264827
            ],
            [
              78.2674031,
              17.526559
            ],
            [
              78.2674297,
              17.5265357
            ],
            [
              78.2674553,
              17.5265632
            ],
            [
              78.2675774,
              17.5264817
            ],
            [
              78.2675341,
              17.5264425
            ],
            [
              78.2675741,
              17.526397
            ],
            [
              78.2675263,
              17.526344
            ],
            [
              78.267483,
              17.5263906
            ],
            [
              78.2674575,
              17.5263493
            ],
            [
              78.2673931,
              17.5263927
            ],
            [
              78.2673431,
              17.5264298
            ]
          ]
        ]
      }
    },
    {
      "type": "Feature",
      "properties": {
        "name": "Venkateshwara Nilayam",
        "osm_id": 776449618,
        "type": "yes"
      },
      "geometry": {
        "type": "Polygon",
        "coordinates": [
          [
            [
              78.2645153,
              17.5252194
            ],
            [
              78.264558,
              17.525265
            ],
            [
              78.2645611,
              17.5252623
            ],
            [
              78.2646278,
              17.5253336
            ],
            [
              78.2646858,
              17.5252843
            ],
            [
              78.2646131,
              17.5252064
            ],
            [
              78.2646116,
              17.5251938
            ],
            [
              78.2645823,
              17.5251625
            ],
            [
              78.2645153,
              17.5252194
            ]
          ]
        ]
      }
    },
    {
      "type": "Feature",
      "properties": {
        "name": "RK Stores",
        "osm_id": 786479000,
        "type": "yes"
      },
      "geometry": {
        "type": "Polygon",
        "coordinates": [
          [
            [
              78.3029502,
              17.4562819
            ],
            [
              78.303059,
              17.4562796
            ],
            [
              78.3030564,
              17.4561711
            ],
            [
              78.3029477,
              17.4561735
            ],
            [
              78.3029502,
              17.4562819
            ]
          ]
        ]
      }
    },
    {
      "type": "Feature",
      "properties": {
        "name": "Jerusalem prayer house",
        "osm_id": 793420240,
        "type": "yes"
      },
      "geometry": {
        "type": "Polygon",
        "coordinates": [
          [
            [
              78.3289103,
              17.483487
            ],
            [
              78.3290063,
              17.4834727
            ],
            [
              78.3289918,
              17.4834008
            ],
            [
              78.3289785,
              17.4833282
            ],
            [
              78.3288814,
              17.483349
            ],
            [
              78.3289103,
              17.483487
            ]
          ]
        ]
      }
    },
    {
      "type": "Feature",
      "properties": {
        "name": "Commercial Building",
        "osm_id": 798338620,
        "type": "yes"
      },
      "geometry": {
        "type": "Polygon",
        "coordinates": [
          [
            [
              78.3008666,
              17.5082833
            ],
            [
              78.301049,
              17.5081809
            ],
            [
              78.3009417,
              17.5080812
            ],
            [
              78.3007942,
              17.5081784
            ],
            [
              78.3008666,
              17.5082833
            ]
          ]
        ]
      }
    },
    {
      "type": "Feature",
      "properties": {
        "name": "Commerce Building",
        "osm_id": 798338622,
        "type": "yes"
      },
      "geometry": {
        "type": "Polygon",
        "coordinates": [
          [
            [
              78.3003475,
              17.507524
            ],
            [
              78.3004226,
              17.5076442
            ],
            [
              78.3005219,
              17.5075649
            ],
            [
              78.3004602,
              17.5074626
            ],
            [
              78.3003475,
              17.507524
            ]
          ]
        ]
      }
    },
    {
      "type": "Feature",
      "properties": {
        "name": "Ravindra Reddy Anna House",
        "osm_id": 804814098,
        "type": "yes"
      },
      "geometry": {
        "type": "Polygon",
        "coordinates": [
          [
            [
              78.3081647,
              17.5126347
            ],
            [
              78.3081895,
              17.5127018
            ],
            [
              78.3083368,
              17.5126524
            ],
            [
              78.308312,
              17.5125852
            ],
            [
              78.3081647,
              17.5126347
            ]
          ]
        ]
      }
    },
    {
      "type": "Feature",
      "properties": {
        "name": "DMart",
        "osm_id": 879760814,
        "type": "yes"
      },
      "geometry": {
        "type": "Polygon",
        "coordinates": [
          [
            [
              78.2960504,
              17.5095992
            ],
            [
              78.2958314,
              17.5096765
            ],
            [
              78.2959965,
              17.5101019
            ],
            [
              78.2962155,
              17.5100246
            ],
            [
              78.2960504,
              17.5095992
            ]
          ]
        ]
      }
    },
    {
      "type": "Feature",
      "properties": {
        "name": "SS Classic Apartments",
        "osm_id": 891612573,
        "type": "apartments"
      },
      "geometry": {
        "type": "Polygon",
        "coordinates": [
          [
            [
              78.3189802,
              17.5048953
            ],
            [
              78.3189649,
              17.50478
            ],
            [
              78.3190375,
              17.5047703
            ],
            [
              78.3190387,
              17.5047569
            ],
            [
              78.3191406,
              17.5047436
            ],
            [
              78.3191406,
              17.5048759
            ],
            [
              78.3189802,
              17.5048953
            ]
          ]
        ]
      }
    },
    {
      "type": "Feature",
      "properties": {
        "name": "Mahidhara Rock Garden Colony",
        "osm_id": 891652383,
        "type": "residential"
      },
      "geometry": {
        "type": "Polygon",
        "coordinates": [
          [
            [
              78.3234983,
              17.5070522
            ],
            [
              78.3249096,
              17.5073132
            ],
            [
              78.3251321,
              17.5043457
            ],
            [
              78.3235831,
              17.5041246
            ],
            [
              78.3231421,
              17.5041408
            ],
            [
              78.3231915,
              17.5046096
            ],
            [
              78.3234983,
              17.5070522
            ]
          ]
        ]
      }
    },
    {
      "type": "Feature",
      "properties": {
        "name": "Shubham Arcade Spurthy Towers",
        "osm_id": 891661964,
        "type": "apartments"
      },
      "geometry": {
        "type": "Polygon",
        "coordinates": [
          [
            [
              78.3219797,
              17.501297
            ],
            [
              78.3219642,
              17.5010034
            ],
            [
              78.3219577,
              17.5008372
            ],
            [
              78.3221649,
              17.5008088
            ],
            [
              78.3221942,
              17.5012839
            ],
            [
              78.3221177,
              17.5012882
            ],
            [
              78.3220258,
              17.5012931
            ],
            [
              78.3219797,
              17.501297
            ]
          ]
        ]
      }
    },
    {
      "type": "Feature",
      "properties": {
        "name": "Sri Lakshmi Ganapathi Devastanam",
        "osm_id": 891668365,
        "type": "yes"
      },
      "geometry": {
        "type": "Polygon",
        "coordinates": [
          [
            [
              78.3236741,
              17.4995365
            ],
            [
              78.3238672,
              17.4994733
            ],
            [
              78.3238089,
              17.4993371
            ],
            [
              78.3236111,
              17.4993939
            ],
            [
              78.3236741,
              17.4995365
            ]
          ]
        ]
      }
    },
    {
      "type": "Feature",
      "properties": {
        "name": "Virgo Star Apartments",
        "osm_id": 891675480,
        "type": "apartments"
      },
      "geometry": {
        "type": "Polygon",
        "coordinates": [
          [
            [
              78.3192422,
              17.5044537
            ],
            [
              78.3192788,
              17.5045487
            ],
            [
              78.3194429,
              17.5044894
            ],
            [
              78.3194017,
              17.504398
            ],
            [
              78.3193994,
              17.5043923
            ],
            [
              78.3192392,
              17.5044494
            ],
            [
              78.3192422,
              17.5044537
            ]
          ]
        ]
      }
    },
    {
      "type": "Feature",
      "properties": {
        "name": "Clubhouse 1",
        "osm_id": 898560579,
        "type": "yes"
      },
      "geometry": {
        "type": "Polygon",
        "coordinates": [
          [
            [
              78.3102235,
              17.4736933
            ],
            [
              78.3102201,
              17.4735876
            ],
            [
              78.3100889,
              17.4735915
            ],
            [
              78.3100923,
              17.4736972
            ],
            [
              78.3102235,
              17.4736933
            ]
          ]
        ]
      }
    },
    {
      "type": "Feature",
      "properties": {
        "name": "Bonsai Homes",
        "osm_id": 906697752,
        "type": "residential"
      },
      "geometry": {
        "type": "Polygon",
        "coordinates": [
          [
            [
              78.2990065,
              17.475372
            ],
            [
              78.2986508,
              17.4752269
            ],
            [
              78.2984988,
              17.4755657
            ],
            [
              78.2988616,
              17.4757137
            ],
            [
              78.2989216,
              17.4755797
            ],
            [
              78.2987639,
              17.4755153
            ],
            [
              78.2987984,
              17.4754384
            ],
            [
              78.2989491,
              17.4754999
            ],
            [
              78.2990065,
              17.475372
            ]
          ]
        ]
      }
    },
    {
      "type": "Feature",
      "properties": {
        "name": "Bonsai Homes",
        "osm_id": 906697753,
        "type": "residential"
      },
      "geometry": {
        "type": "Polygon",
        "coordinates": [
          [
            [
              78.2991807,
              17.4750252
            ],
            [
              78.2988345,
              17.4748773
            ],
            [
              78.2986758,
              17.4752151
            ],
            [
              78.299025,
              17.4753643
            ],
            [
              78.2990881,
              17.4752299
            ],
            [
              78.2989398,
              17.4751665
            ],
            [
              78.2989764,
              17.4750886
            ],
            [
              78.2991217,
              17.4751507
            ],
            [
              78.2991807,
              17.4750252
            ]
          ]
        ]
      }
    },
    {
      "type": "Feature",
      "properties": {
        "name": "Gayathri apartments(Gayatri Classic Apartments)",
        "osm_id": 906697755,
        "type": "yes"
      },
      "geometry": {
        "type": "Polygon",
        "coordinates": [
          [
            [
              78.313723,
              17.4811047
            ],
            [
              78.3136399,
              17.4802655
            ],
            [
              78.3137525,
              17.4802681
            ],
            [
              78.3137954,
              17.48046
            ],
            [
              78.3138169,
              17.4806774
            ],
            [
              78.3139349,
              17.4806749
            ],
            [
              78.3139644,
              17.4810996
            ],
            [
              78.3138357,
              17.4811072
            ],
            [
              78.3138303,
              17.4810944
            ],
            [
              78.313723,
              17.4811047
            ]
          ]
        ]
      }
    },
    {
      "type": "Feature",
      "properties": {
        "name": "Block A",
        "osm_id": 958832228,
        "type": "yes"
      },
      "geometry": {
        "type": "Polygon",
        "coordinates": [
          [
            [
              78.3262498,
              17.5042271
            ],
            [
              78.326388,
              17.5042284
            ],
            [
              78.3263906,
              17.5042578
            ],
            [
              78.3265113,
              17.5042578
            ],
            [
              78.3265113,
              17.5041631
            ],
            [
              78.326396,
              17.5041606
            ],
            [
              78.3263973,
              17.5041439
            ],
            [
              78.3264939,
              17.5041439
            ],
            [
              78.3264939,
              17.5040339
            ],
            [
              78.3263933,
              17.5040378
            ],
            [
              78.3263933,
              17.5040122
            ],
            [
              78.3264872,
              17.5040148
            ],
            [
              78.3264899,
              17.5039073
            ],
            [
              78.3264161,
              17.503906
            ],
            [
              78.3264161,
              17.5038894
            ],
            [
              78.3265033,
              17.5038881
            ],
            [
              78.326506,
              17.5038012
            ],
            [
              78.3263692,
              17.5037973
            ],
            [
              78.3263678,
              17.5037769
            ],
            [
              78.3262579,
              17.503773
            ],
            [
              78.3262565,
              17.5038741
            ],
            [
              78.3263088,
              17.5038766
            ],
            [
              78.3263088,
              17.5039495
            ],
            [
              78.326274,
              17.5039495
            ],
            [
              78.3262726,
              17.5040595
            ],
            [
              78.3263129,
              17.5040595
            ],
            [
              78.3263115,
              17.5041401
            ],
            [
              78.3262538,
              17.5041363
            ],
            [
              78.3262498,
              17.5042271
            ]
          ]
        ]
      }
    },
    {
      "type": "Feature",
      "properties": {
        "name": "CLUBHOUSE",
        "osm_id": 958832230,
        "type": "yes"
      },
      "geometry": {
        "type": "Polygon",
        "coordinates": [
          [
            [
              78.3267675,
              17.5034776
            ],
            [
              78.3267702,
              17.5032781
            ],
            [
              78.3266173,
              17.5032781
            ],
            [
              78.3266173,
              17.5033139
            ],
            [
              78.3264376,
              17.5033088
            ],
            [
              78.3264336,
              17.5033599
            ],
            [
              78.3263692,
              17.5033612
            ],
            [
              78.3263665,
              17.5034392
            ],
            [
              78.3263277,
              17.5034431
            ],
            [
              78.3263236,
              17.5035492
            ],
            [
              78.3263652,
              17.5035518
            ],
            [
              78.3263679,
              17.5036017
            ],
            [
              78.3264738,
              17.5036004
            ],
            [
              78.3264711,
              17.5034712
            ],
            [
              78.3265449,
              17.5034712
            ],
            [
              78.3265463,
              17.5034124
            ],
            [
              78.326616,
              17.5034124
            ],
            [
              78.326612,
              17.5034789
            ],
            [
              78.3267675,
              17.5034776
            ]
          ]
        ]
      }
    },
    {
      "type": "Feature",
      "properties": {
        "name": "Block E",
        "osm_id": 958832232,
        "type": "yes"
      },
      "geometry": {
        "type": "Polygon",
        "coordinates": [
          [
            [
              78.325873,
              17.5033318
            ],
            [
              78.3259977,
              17.5033331
            ],
            [
              78.3259977,
              17.5033024
            ],
            [
              78.3261198,
              17.5033062
            ],
            [
              78.3261211,
              17.5032128
            ],
            [
              78.3260179,
              17.5032154
            ],
            [
              78.3260179,
              17.5031936
            ],
            [
              78.3260997,
              17.5031898
            ],
            [
              78.3260956,
              17.5031016
            ],
            [
              78.3260125,
              17.5031028
            ],
            [
              78.3260125,
              17.5030734
            ],
            [
              78.3261064,
              17.5030773
            ],
            [
              78.3260983,
              17.502966
            ],
            [
              78.3260138,
              17.5029685
            ],
            [
              78.3260179,
              17.5029468
            ],
            [
              78.3261171,
              17.5029455
            ],
            [
              78.3261225,
              17.502847
            ],
            [
              78.3259964,
              17.5028522
            ],
            [
              78.3259991,
              17.5028969
            ],
            [
              78.3258677,
              17.5028995
            ],
            [
              78.325869,
              17.5029711
            ],
            [
              78.3259548,
              17.5029698
            ],
            [
              78.3259535,
              17.503044
            ],
            [
              78.3258958,
              17.503044
            ],
            [
              78.3258905,
              17.5031591
            ],
            [
              78.3259656,
              17.5031591
            ],
            [
              78.3259629,
              17.5031796
            ],
            [
              78.3259213,
              17.5031821
            ],
            [
              78.3259213,
              17.5032128
            ],
            [
              78.325979,
              17.5032116
            ],
            [
              78.325979,
              17.5032346
            ],
            [
              78.3258757,
              17.5032307
            ],
            [
              78.325873,
              17.5033318
            ]
          ]
        ]
      }
    },
    {
      "type": "Feature",
      "properties": {
        "name": "Block C",
        "osm_id": 960028939,
        "type": "yes"
      },
      "geometry": {
        "type": "Polygon",
        "coordinates": [
          [
            [
              78.3255022,
              17.5040429
            ],
            [
              78.3256242,
              17.5040455
            ],
            [
              78.3256269,
              17.5040608
            ],
            [
              78.3256819,
              17.5040583
            ],
            [
              78.3256819,
              17.5040736
            ],
            [
              78.3257543,
              17.5040749
            ],
            [
              78.3257543,
              17.5039585
            ],
            [
              78.3256417,
              17.5039623
            ],
            [
              78.3256403,
              17.5039419
            ],
            [
              78.3257382,
              17.5039393
            ],
            [
              78.3257356,
              17.5038472
            ],
            [
              78.325647,
              17.5038472
            ],
            [
              78.3256497,
              17.5038255
            ],
            [
              78.3257262,
              17.5038229
            ],
            [
              78.3257275,
              17.5037334
            ],
            [
              78.3256444,
              17.5037308
            ],
            [
              78.325647,
              17.5037065
            ],
            [
              78.3257463,
              17.5037078
            ],
            [
              78.3257463,
              17.5036055
            ],
            [
              78.3256216,
              17.5036004
            ],
            [
              78.3256242,
              17.5035799
            ],
            [
              78.3254982,
              17.5035735
            ],
            [
              78.3255035,
              17.5036848
            ],
            [
              78.3255478,
              17.5036835
            ],
            [
              78.3255505,
              17.5037577
            ],
            [
              78.3255196,
              17.503759
            ],
            [
              78.3255183,
              17.5038677
            ],
            [
              78.3255706,
              17.503869
            ],
            [
              78.3255693,
              17.5039431
            ],
            [
              78.3255062,
              17.5039444
            ],
            [
              78.3255022,
              17.5040429
            ]
          ]
        ]
      }
    },
    {
      "type": "Feature",
      "properties": {
        "name": "Block B",
        "osm_id": 960028952,
        "type": "yes"
      },
      "geometry": {
        "type": "Polygon",
        "coordinates": [
          [
            [
              78.325877,
              17.5041337
            ],
            [
              78.3259991,
              17.5041363
            ],
            [
              78.3260018,
              17.5041516
            ],
            [
              78.3260567,
              17.5041491
            ],
            [
              78.3260567,
              17.5041644
            ],
            [
              78.3261292,
              17.5041657
            ],
            [
              78.3261292,
              17.5040493
            ],
            [
              78.3260165,
              17.5040531
            ],
            [
              78.3260152,
              17.5040327
            ],
            [
              78.3261131,
              17.5040301
            ],
            [
              78.3261104,
              17.503938
            ],
            [
              78.3260219,
              17.503938
            ],
            [
              78.3260246,
              17.5039163
            ],
            [
              78.326101,
              17.5039137
            ],
            [
              78.3261023,
              17.5038242
            ],
            [
              78.3260192,
              17.5038216
            ],
            [
              78.3260219,
              17.5037973
            ],
            [
              78.3261211,
              17.5037986
            ],
            [
              78.3261211,
              17.5036963
            ],
            [
              78.3259964,
              17.5036912
            ],
            [
              78.3259991,
              17.5036707
            ],
            [
              78.325873,
              17.5036643
            ],
            [
              78.3258784,
              17.5037756
            ],
            [
              78.3259226,
              17.5037743
            ],
            [
              78.3259253,
              17.5038485
            ],
            [
              78.3258945,
              17.5038498
            ],
            [
              78.3258931,
              17.5039585
            ],
            [
              78.3259454,
              17.5039598
            ],
            [
              78.3259441,
              17.504034
            ],
            [
              78.3258811,
              17.5040352
            ],
            [
              78.325877,
              17.5041337
            ]
          ]
        ]
      }
    },
    {
      "type": "Feature",
      "properties": {
        "name": "Block F",
        "osm_id": 960028953,
        "type": "yes"
      },
      "geometry": {
        "type": "Polygon",
        "coordinates": [
          [
            [
              78.3262418,
              17.5031847
            ],
            [
              78.3264859,
              17.5031834
            ],
            [
              78.3264859,
              17.5030824
            ],
            [
              78.3263786,
              17.5030798
            ],
            [
              78.32638,
              17.5030568
            ],
            [
              78.3264644,
              17.5030568
            ],
            [
              78.3264591,
              17.502957
            ],
            [
              78.3263786,
              17.502957
            ],
            [
              78.32638,
              17.5029238
            ],
            [
              78.3264591,
              17.5029238
            ],
            [
              78.3264577,
              17.502824
            ],
            [
              78.32638,
              17.5028227
            ],
            [
              78.3263773,
              17.5027972
            ],
            [
              78.3264872,
              17.5028023
            ],
            [
              78.3264872,
              17.5027191
            ],
            [
              78.3263545,
              17.5027127
            ],
            [
              78.3263518,
              17.5027422
            ],
            [
              78.3262297,
              17.5027409
            ],
            [
              78.3262338,
              17.5028253
            ],
            [
              78.3263209,
              17.5028253
            ],
            [
              78.3263209,
              17.5028982
            ],
            [
              78.3262619,
              17.5028982
            ],
            [
              78.3262633,
              17.503012
            ],
            [
              78.326325,
              17.5030133
            ],
            [
              78.326325,
              17.5030312
            ],
            [
              78.3262821,
              17.5030299
            ],
            [
              78.3262847,
              17.5030721
            ],
            [
              78.3263504,
              17.5030721
            ],
            [
              78.3263518,
              17.503099
            ],
            [
              78.3262418,
              17.5030952
            ],
            [
              78.3262418,
              17.5031847
            ]
          ]
        ]
      }
    },
    {
      "type": "Feature",
      "properties": {
        "name": "Block D",
        "osm_id": 960028954,
        "type": "yes"
      },
      "geometry": {
        "type": "Polygon",
        "coordinates": [
          [
            [
              78.3254935,
              17.5034431
            ],
            [
              78.3256209,
              17.5034443
            ],
            [
              78.3256222,
              17.50342
            ],
            [
              78.3257335,
              17.5034264
            ],
            [
              78.3257242,
              17.5033382
            ],
            [
              78.3256249,
              17.5033407
            ],
            [
              78.3256263,
              17.5033267
            ],
            [
              78.3256893,
              17.5033203
            ],
            [
              78.3256906,
              17.5032768
            ],
            [
              78.3256477,
              17.5032729
            ],
            [
              78.3256477,
              17.503255
            ],
            [
              78.3257201,
              17.5032563
            ],
            [
              78.3257174,
              17.5031527
            ],
            [
              78.3256356,
              17.5031566
            ],
            [
              78.3256343,
              17.5031271
            ],
            [
              78.3256893,
              17.5031259
            ],
            [
              78.3256946,
              17.503076
            ],
            [
              78.3257416,
              17.5030798
            ],
            [
              78.3257402,
              17.5029673
            ],
            [
              78.3256155,
              17.5029647
            ],
            [
              78.3256155,
              17.5030044
            ],
            [
              78.3254841,
              17.503012
            ],
            [
              78.3254881,
              17.5031092
            ],
            [
              78.3256008,
              17.5031054
            ],
            [
              78.3256008,
              17.5031271
            ],
            [
              78.3255149,
              17.503131
            ],
            [
              78.3255149,
              17.5032141
            ],
            [
              78.3255994,
              17.5032205
            ],
            [
              78.3255954,
              17.5032371
            ],
            [
              78.3255015,
              17.503241
            ],
            [
              78.3255002,
              17.5033318
            ],
            [
              78.3255941,
              17.5033318
            ],
            [
              78.3255941,
              17.5033561
            ],
            [
              78.3254895,
              17.5033586
            ],
            [
              78.3254935,
              17.5034431
            ]
          ]
        ]
      }
    },
    {
      "type": "Feature",
      "properties": {
        "name": "Sahithi's House",
        "osm_id": 998988190,
        "type": "house"
      },
      "geometry": {
        "type": "Polygon",
        "coordinates": [
          [
            [
              78.3138573,
              17.5115688
            ],
            [
              78.313958,
              17.5115636
            ],
            [
              78.3139542,
              17.5114957
            ],
            [
              78.3138534,
              17.5115009
            ],
            [
              78.3138573,
              17.5115688
            ]
          ]
        ]
      }
    },
    {
      "type": "Feature",
      "properties": {
        "name": "Bonsai Housing Arbour",
        "osm_id": 1026750517,
        "type": "residential"
      },
      "geometry": {
        "type": "Polygon",
        "coordinates": [
          [
            [
              78.2993296,
              17.4749624
            ],
            [
              78.2993641,
              17.4748827
            ],
            [
              78.2994723,
              17.4749253
            ],
            [
              78.2994378,
              17.475005
            ],
            [
              78.2993296,
              17.4749624
            ]
          ]
        ]
      }
    },
    {
      "type": "Feature",
      "properties": {
        "name": "Bonsai Housing Arbour",
        "osm_id": 1026750518,
        "type": "residential"
      },
      "geometry": {
        "type": "Polygon",
        "coordinates": [
          [
            [
              78.2991384,
              17.4753525
            ],
            [
              78.2991897,
              17.4752377
            ],
            [
              78.2993872,
              17.475318
            ],
            [
              78.2993359,
              17.4754328
            ],
            [
              78.2991384,
              17.4753525
            ]
          ]
        ]
      }
    },
    {
      "type": "Feature",
      "properties": {
        "name": "Bonsai Housing Arbour",
        "osm_id": 1026750519,
        "type": "residential"
      },
      "geometry": {
        "type": "Polygon",
        "coordinates": [
          [
            [
              78.29909,
              17.475458
            ],
            [
              78.2991212,
              17.4753856
            ],
            [
              78.299319,
              17.4754633
            ],
            [
              78.2992878,
              17.4755356
            ],
            [
              78.29909,
              17.475458
            ]
          ]
        ]
      }
    },
    {
      "type": "Feature",
      "properties": {
        "name": "Bonsai Housing Arbour",
        "osm_id": 1026750520,
        "type": "residential"
      },
      "geometry": {
        "type": "Polygon",
        "coordinates": [
          [
            [
              78.2990407,
              17.4755839
            ],
            [
              78.2990802,
              17.4754967
            ],
            [
              78.2992677,
              17.475574
            ],
            [
              78.2992281,
              17.4756613
            ],
            [
              78.2990407,
              17.4755839
            ]
          ]
        ]
      }
    },
    {
      "type": "Feature",
      "properties": {
        "name": "Bonsai Housing Arbour",
        "osm_id": 1026750521,
        "type": "residential"
      },
      "geometry": {
        "type": "Polygon",
        "coordinates": [
          [
            [
              78.2989841,
              17.4756993
            ],
            [
              78.2990221,
              17.4756152
            ],
            [
              78.299217,
              17.4756953
            ],
            [
              78.299179,
              17.4757794
            ],
            [
              78.2989841,
              17.4756993
            ]
          ]
        ]
      }
    },
    {
      "type": "Feature",
      "properties": {
        "name": "Bonsai Housing Arbour",
        "osm_id": 1026750522,
        "type": "residential"
      },
      "geometry": {
        "type": "Polygon",
        "coordinates": [
          [
            [
              78.2988866,
              17.4758967
            ],
            [
              78.2989529,
              17.4757453
            ],
            [
              78.2991442,
              17.4758215
            ],
            [
              78.2990779,
              17.4759729
            ],
            [
              78.2988866,
              17.4758967
            ]
          ]
        ]
      }
    },
    {
      "type": "Feature",
      "properties": {
        "name": "Bonsai Housing Arbour",
        "osm_id": 1026750523,
        "type": "residential"
      },
      "geometry": {
        "type": "Polygon",
        "coordinates": [
          [
            [
              78.2988314,
              17.4760201
            ],
            [
              78.2988711,
              17.4759355
            ],
            [
              78.2990585,
              17.4760153
            ],
            [
              78.2990189,
              17.4761
            ],
            [
              78.2988314,
              17.4760201
            ]
          ]
        ]
      }
    },
    {
      "type": "Feature",
      "properties": {
        "name": "Bonsai Housing Arbour",
        "osm_id": 1026750524,
        "type": "residential"
      },
      "geometry": {
        "type": "Polygon",
        "coordinates": [
          [
            [
              78.2987809,
              17.4761409
            ],
            [
              78.2988145,
              17.4760649
            ],
            [
              78.2990045,
              17.4761415
            ],
            [
              78.2989708,
              17.4762175
            ],
            [
              78.2987809,
              17.4761409
            ]
          ]
        ]
      }
    },
    {
      "type": "Feature",
      "properties": {
        "name": "Bonsai Housing Arbour",
        "osm_id": 1026750525,
        "type": "residential"
      },
      "geometry": {
        "type": "Polygon",
        "coordinates": [
          [
            [
              78.2987325,
              17.4762605
            ],
            [
              78.2987663,
              17.4761807
            ],
            [
              78.2989482,
              17.4762509
            ],
            [
              78.2989145,
              17.4763306
            ],
            [
              78.2987325,
              17.4762605
            ]
          ]
        ]
      }
    },
    {
      "type": "Feature",
      "properties": {
        "name": "Bonsai Housing Arbour",
        "osm_id": 1026750526,
        "type": "residential"
      },
      "geometry": {
        "type": "Polygon",
        "coordinates": [
          [
            [
              78.2986823,
              17.4763672
            ],
            [
              78.2987159,
              17.4762938
            ],
            [
              78.2988911,
              17.4763668
            ],
            [
              78.2988576,
              17.4764401
            ],
            [
              78.2986823,
              17.4763672
            ]
          ]
        ]
      }
    },
    {
      "type": "Feature",
      "properties": {
        "name": "Bonsai Housing Arbour",
        "osm_id": 1026750527,
        "type": "residential"
      },
      "geometry": {
        "type": "Polygon",
        "coordinates": [
          [
            [
              78.2986149,
              17.4765221
            ],
            [
              78.2986603,
              17.4764151
            ],
            [
              78.2988231,
              17.4764779
            ],
            [
              78.2987777,
              17.4765849
            ],
            [
              78.2986149,
              17.4765221
            ]
          ]
        ]
      }
    },
    {
      "type": "Feature",
      "properties": {
        "name": "Bonsai Homes",
        "osm_id": 1026750528,
        "type": "residential"
      },
      "geometry": {
        "type": "Polygon",
        "coordinates": [
          [
            [
              78.2984091,
              17.4757357
            ],
            [
              78.2984515,
              17.4756443
            ],
            [
              78.2986253,
              17.4757178
            ],
            [
              78.2985829,
              17.4758091
            ],
            [
              78.2984091,
              17.4757357
            ]
          ]
        ]
      }
    },
    {
      "type": "Feature",
      "properties": {
        "name": "Trishala Saffron",
        "osm_id": 1036231896,
        "type": "apartments"
      },
      "geometry": {
        "type": "Polygon",
        "coordinates": [
          [
            [
              78.3102501,
              17.4712076
            ],
            [
              78.3099094,
              17.47121
            ],
            [
              78.3099112,
              17.4711282
            ],
            [
              78.3099179,
              17.470922
            ],
            [
              78.310265,
              17.4709146
            ],
            [
              78.3102501,
              17.4712076
            ]
          ]
        ]
      }
    },
    {
      "type": "Feature",
      "properties": {
        "name": "DMart",
        "osm_id": 1082936184,
        "type": "yes"
      },
      "geometry": {
        "type": "Polygon",
        "coordinates": [
          [
            [
              78.3091223,
              17.4668584
            ],
            [
              78.309566,
              17.4667997
            ],
            [
              78.3096211,
              17.4671704
            ],
            [
              78.3091579,
              17.4671797
            ],
            [
              78.3091223,
              17.4668584
            ]
          ]
        ]
      }
    },
    {
      "type": "Feature",
      "properties": {
        "name": "Navodaya",
        "osm_id": 1083199708,
        "type": "school"
      },
      "geometry": {
        "type": "Polygon",
        "coordinates": [
          [
            [
              78.3078256,
              17.4586977
            ],
            [
              78.3082699,
              17.4584871
            ],
            [
              78.3078678,
              17.4577148
            ],
            [
              78.3074233,
              17.4579254
            ],
            [
              78.3078256,
              17.4586977
            ]
          ]
        ]
      }
    },
    {
      "type": "Feature",
      "properties": {
        "name": "Podar Jumbo Kids Plus",
        "osm_id": 1083199743,
        "type": "school"
      },
      "geometry": {
        "type": "Polygon",
        "coordinates": [
          [
            [
              78.3090044,
              17.4657677
            ],
            [
              78.3092546,
              17.465735
            ],
            [
              78.309206,
              17.4653971
            ],
            [
              78.3089559,
              17.4654298
            ],
            [
              78.3090044,
              17.4657677
            ]
          ]
        ]
      }
    },
    {
      "type": "Feature",
      "properties": {
        "name": "Nestcon Zion Apartment",
        "osm_id": 1083199744,
        "type": "apartments"
      },
      "geometry": {
        "type": "Polygon",
        "coordinates": [
          [
            [
              78.3084276,
              17.4655509
            ],
            [
              78.3086584,
              17.4655683
            ],
            [
              78.3086719,
              17.4654048
            ],
            [
              78.3084411,
              17.4653874
            ],
            [
              78.3084276,
              17.4655509
            ]
          ]
        ]
      }
    },
    {
      "type": "Feature",
      "properties": {
        "name": "Laxmi's Grandeur Apartments East Block",
        "osm_id": 1083199745,
        "type": "apartments"
      },
      "geometry": {
        "type": "Polygon",
        "coordinates": [
          [
            [
              78.3080619,
              17.4654683
            ],
            [
              78.3080668,
              17.4653954
            ],
            [
              78.3080704,
              17.4653406
            ],
            [
              78.3082138,
              17.4653492
            ],
            [
              78.3082053,
              17.465477
            ],
            [
              78.3080619,
              17.4654683
            ]
          ]
        ]
      }
    },
    {
      "type": "Feature",
      "properties": {
        "name": "Laxmi's Grandeur Apartments West Block",
        "osm_id": 1083199746,
        "type": "apartments"
      },
      "geometry": {
        "type": "Polygon",
        "coordinates": [
          [
            [
              78.3078002,
              17.4654524
            ],
            [
              78.3080101,
              17.465461
            ],
            [
              78.3080124,
              17.4654094
            ],
            [
              78.3080148,
              17.4653578
            ],
            [
              78.3078049,
              17.4653491
            ],
            [
              78.3078002,
              17.4654524
            ]
          ]
        ]
      }
    },
    {
      "type": "Feature",
      "properties": {
        "name": "Aakruthy Castle Apartments",
        "osm_id": 1083199747,
        "type": "apartments"
      },
      "geometry": {
        "type": "Polygon",
        "coordinates": [
          [
            [
              78.307809,
              17.4655221
            ],
            [
              78.307981,
              17.4655374
            ],
            [
              78.3079782,
              17.4656221
            ],
            [
              78.3079768,
              17.4656664
            ],
            [
              78.3078033,
              17.4656602
            ],
            [
              78.307809,
              17.4655221
            ]
          ]
        ]
      }
    },
    {
      "type": "Feature",
      "properties": {
        "name": "sai baba temple",
        "osm_id": 1087174301,
        "type": "yes"
      },
      "geometry": {
        "type": "Polygon",
        "coordinates": [
          [
            [
              78.325766,
              17.4970903
            ],
            [
              78.3259349,
              17.4970322
            ],
            [
              78.3258186,
              17.496702
            ],
            [
              78.325658,
              17.4967443
            ],
            [
              78.325766,
              17.4970903
            ]
          ]
        ]
      }
    },
    {
      "type": "Feature",
      "properties": {
        "name": "My Home Ankura",
        "osm_id": 1120726005,
        "type": "residential"
      },
      "geometry": {
        "type": "Polygon",
        "coordinates": [
          [
            [
              78.2640212,
              17.4677016
            ],
            [
              78.2659034,
              17.4676556
            ],
            [
              78.2658529,
              17.4621207
            ],
            [
              78.2638713,
              17.4621371
            ],
            [
              78.2629376,
              17.4621449
            ],
            [
              78.2621258,
              17.4624095
            ],
            [
              78.2622994,
              17.4628942
            ],
            [
              78.262343,
              17.4637948
            ],
            [
              78.2612295,
              17.464002
            ],
            [
              78.2610947,
              17.4640271
            ],
            [
              78.2610969,
              17.4643012
            ],
            [
              78.2605112,
              17.4643723
            ],
            [
              78.2607746,
              17.4663452
            ],
            [
              78.2611748,
              17.4663226
            ],
            [
              78.2611836,
              17.4674913
            ],
            [
              78.2630537,
              17.4674652
            ],
            [
              78.2630559,
              17.467574
            ],
            [
              78.2640168,
              17.4675635
            ],
            [
              78.2640212,
              17.4677016
            ]
          ]
        ]
      }
    },
    {
      "type": "Feature",
      "properties": {
        "name": "Infiniti Homes",
        "osm_id": 1120726008,
        "type": "residential"
      },
      "geometry": {
        "type": "Polygon",
        "coordinates": [
          [
            [
              78.286305,
              17.4537228
            ],
            [
              78.2868841,
              17.4537647
            ],
            [
              78.2869017,
              17.4541665
            ],
            [
              78.2886742,
              17.4540827
            ],
            [
              78.2886167,
              17.45547
            ],
            [
              78.2896695,
              17.4548991
            ],
            [
              78.2897482,
              17.4550603
            ],
            [
              78.29049,
              17.4546494
            ],
            [
              78.2904248,
              17.4540576
            ],
            [
              78.2904511,
              17.452463
            ],
            [
              78.2872483,
              17.4527811
            ],
            [
              78.2872088,
              17.4522621
            ],
            [
              78.2861909,
              17.4523207
            ],
            [
              78.286305,
              17.4537228
            ]
          ]
        ]
      }
    },
    {
      "type": "Feature",
      "properties": {
        "name": "Aakriti Arv Viva",
        "osm_id": 1120726009,
        "type": "residential"
      },
      "geometry": {
        "type": "Polygon",
        "coordinates": [
          [
            [
              78.2825168,
              17.4511019
            ],
            [
              78.2840173,
              17.4518302
            ],
            [
              78.2843481,
              17.451427
            ],
            [
              78.2846013,
              17.4508655
            ],
            [
              78.2845785,
              17.4500743
            ],
            [
              78.2839671,
              17.4500016
            ],
            [
              78.2834406,
              17.4499502
            ],
            [
              78.2829475,
              17.4499399
            ],
            [
              78.2826114,
              17.4499028
            ],
            [
              78.2824018,
              17.4498948
            ],
            [
              78.2822815,
              17.4499072
            ],
            [
              78.282236,
              17.4499048
            ],
            [
              78.2825168,
              17.4511019
            ]
          ]
        ]
      }
    },
    {
      "type": "Feature",
      "properties": {
        "name": "Vision Urjith",
        "osm_id": 1120726010,
        "type": "residential"
      },
      "geometry": {
        "type": "Polygon",
        "coordinates": [
          [
            [
              78.2788814,
              17.4534884
            ],
            [
              78.2804521,
              17.4531536
            ],
            [
              78.2815051,
              17.4532959
            ],
            [
              78.2820755,
              17.4531787
            ],
            [
              78.2817596,
              17.45235
            ],
            [
              78.2823651,
              17.4521742
            ],
            [
              78.2818654,
              17.4490158
            ],
            [
              78.2814308,
              17.4490318
            ],
            [
              78.2804346,
              17.4490685
            ],
            [
              78.2789078,
              17.4494034
            ],
            [
              78.2786357,
              17.4507176
            ],
            [
              78.2787573,
              17.4520887
            ],
            [
              78.2788814,
              17.4534884
            ]
          ]
        ]
      }
    },
    {
      "type": "Feature",
      "properties": {
        "name": "Rajapushpa Greendale",
        "osm_id": 1120726011,
        "type": "residential"
      },
      "geometry": {
        "type": "Polygon",
        "coordinates": [
          [
            [
              78.2727267,
              17.4517101
            ],
            [
              78.2730419,
              17.4505117
            ],
            [
              78.273239,
              17.4505687
            ],
            [
              78.2732626,
              17.4504854
            ],
            [
              78.2748869,
              17.4508903
            ],
            [
              78.2751869,
              17.4499561
            ],
            [
              78.2736542,
              17.4495561
            ],
            [
              78.2736279,
              17.4495264
            ],
            [
              78.2736806,
              17.4493394
            ],
            [
              78.2734764,
              17.4492891
            ],
            [
              78.2737091,
              17.4484237
            ],
            [
              78.2756566,
              17.447507
            ],
            [
              78.2757975,
              17.4474521
            ],
            [
              78.275943,
              17.4474298
            ],
            [
              78.2767838,
              17.4475811
            ],
            [
              78.2772334,
              17.4476446
            ],
            [
              78.2777401,
              17.4477151
            ],
            [
              78.2778173,
              17.4477998
            ],
            [
              78.2778511,
              17.4479182
            ],
            [
              78.2778125,
              17.4480545
            ],
            [
              78.2770474,
              17.4507587
            ],
            [
              78.2754634,
              17.4503604
            ],
            [
              78.2751115,
              17.4515025
            ],
            [
              78.2767464,
              17.4518913
            ],
            [
              78.2765631,
              17.452581
            ],
            [
              78.276468,
              17.4526566
            ],
            [
              78.2727267,
              17.4517101
            ]
          ]
        ]
      }
    },
    {
      "type": "Feature",
      "properties": {
        "name": "2BHK Housing, Kollur",
        "osm_id": 1120726012,
        "type": "residential"
      },
      "geometry": {
        "type": "Polygon",
        "coordinates": [
          [
            [
              78.253887,
              17.4323556
            ],
            [
              78.2537501,
              17.4315637
            ],
            [
              78.2591818,
              17.4310446
            ],
            [
              78.2599051,
              17.4327579
            ],
            [
              78.2599287,
              17.432799
            ],
            [
              78.2604542,
              17.4340585
            ],
            [
              78.2604454,
              17.4357831
            ],
            [
              78.2595416,
              17.4376918
            ],
            [
              78.2548733,
              17.4380602
            ],
            [
              78.2545547,
              17.4344362
            ],
            [
              78.254368,
              17.4323124
            ],
            [
              78.253887,
              17.4323556
            ]
          ]
        ]
      }
    },
    {
      "type": "Feature",
      "properties": {
        "name": "Movie Towers",
        "osm_id": 1120726018,
        "type": "residential"
      },
      "geometry": {
        "type": "Polygon",
        "coordinates": [
          [
            [
              78.3140995,
              17.4059385
            ],
            [
              78.314601,
              17.4059936
            ],
            [
              78.3154276,
              17.4060844
            ],
            [
              78.3152778,
              17.4076364
            ],
            [
              78.3138912,
              17.4075617
            ],
            [
              78.3140995,
              17.4059385
            ]
          ]
        ]
      }
    },
    {
      "type": "Feature",
      "properties": {
        "name": "Go Karting & Paintball Tickets",
        "osm_id": 1134842648,
        "type": "yes"
      },
      "geometry": {
        "type": "Polygon",
        "coordinates": [
          [
            [
              78.3298431,
              17.4139298
            ],
            [
              78.3299095,
              17.4139081
            ],
            [
              78.3298746,
              17.413811
            ],
            [
              78.3298081,
              17.4138328
            ],
            [
              78.3298431,
              17.4139298
            ]
          ]
        ]
      }
    },
    {
      "type": "Feature",
      "properties": {
        "name": "One Golf",
        "osm_id": 1134842651,
        "type": "yes"
      },
      "geometry": {
        "type": "Polygon",
        "coordinates": [
          [
            [
              78.3288515,
              17.4137245
            ],
            [
              78.3291827,
              17.4136095
            ],
            [
              78.3291178,
              17.4134392
            ],
            [
              78.3287865,
              17.4135542
            ],
            [
              78.3288515,
              17.4137245
            ]
          ]
        ]
      }
    },
    {
      "type": "Feature",
      "properties": {
        "name": "Cient foundation",
        "osm_id": 1138695307,
        "type": "commercial"
      },
      "geometry": {
        "type": "Polygon",
        "coordinates": [
          [
            [
              78.3286164,
              17.4836069
            ],
            [
              78.3285788,
              17.4834348
            ],
            [
              78.3287754,
              17.4833928
            ],
            [
              78.3288109,
              17.4835731
            ],
            [
              78.3286164,
              17.4836069
            ]
          ]
        ]
      }
    },
    {
      "type": "Feature",
      "properties": {
        "name": "ZPHS school",
        "osm_id": 1138695318,
        "type": "school"
      },
      "geometry": {
        "type": "Polygon",
        "coordinates": [
          [
            [
              78.320861,
              17.4840684
            ],
            [
              78.3208941,
              17.4838185
            ],
            [
              78.3209867,
              17.4838297
            ],
            [
              78.3209535,
              17.4840795
            ],
            [
              78.320861,
              17.4840684
            ]
          ]
        ]
      }
    },
    {
      "type": "Feature",
      "properties": {
        "name": "tellapur area",
        "osm_id": 1148774734,
        "type": "apartments"
      },
      "geometry": {
        "type": "Polygon",
        "coordinates": [
          [
            [
              78.2860911,
              17.4637321
            ],
            [
              78.2860562,
              17.4635731
            ],
            [
              78.2861652,
              17.4635513
            ],
            [
              78.286172,
              17.4635822
            ],
            [
              78.2862001,
              17.4637103
            ],
            [
              78.2860911,
              17.4637321
            ]
          ]
        ]
      }
    },
    {
      "type": "Feature",
      "properties": {
        "name": "Radhey Skye",
        "osm_id": 1206750685,
        "type": "residential"
      },
      "geometry": {
        "type": "Polygon",
        "coordinates": [
          [
            [
              78.2417954,
              17.4879193
            ],
            [
              78.2427298,
              17.4879289
            ],
            [
              78.2426949,
              17.487524
            ],
            [
              78.2437012,
              17.4875152
            ],
            [
              78.2436858,
              17.4880051
            ],
            [
              78.245068,
              17.4880332
            ],
            [
              78.2451541,
              17.4870372
            ],
            [
              78.2440298,
              17.4866947
            ],
            [
              78.2440911,
              17.4870678
            ],
            [
              78.2420772,
              17.4869469
            ],
            [
              78.2420131,
              17.4862745
            ],
            [
              78.2414857,
              17.4862769
            ],
            [
              78.2417954,
              17.4879193
            ]
          ]
        ]
      }
    },
    {
      "type": "Feature",
      "properties": {
        "name": "Aparna Cyberlife",
        "osm_id": 1212194477,
        "type": "residential"
      },
      "geometry": {
        "type": "Polygon",
        "coordinates": [
          [
            [
              78.3116097,
              17.4707752
            ],
            [
              78.3125773,
              17.4708011
            ],
            [
              78.3127999,
              17.4705401
            ],
            [
              78.3130177,
              17.4702582
            ],
            [
              78.3131507,
              17.4701552
            ],
            [
              78.3132288,
              17.4700957
            ],
            [
              78.3133171,
              17.4700646
            ],
            [
              78.313559,
              17.4700361
            ],
            [
              78.3132961,
              17.4690869
            ],
            [
              78.3131754,
              17.4690894
            ],
            [
              78.3110747,
              17.4690742
            ],
            [
              78.3112343,
              17.4691323
            ],
            [
              78.311211,
              17.4696596
            ],
            [
              78.3100989,
              17.4697649
            ],
            [
              78.3101043,
              17.4701563
            ],
            [
              78.3098955,
              17.4706708
            ],
            [
              78.3105756,
              17.4706805
            ],
            [
              78.3105839,
              17.4701493
            ],
            [
              78.3113653,
              17.4701604
            ],
            [
              78.311615,
              17.4704397
            ],
            [
              78.3116097,
              17.4707752
            ]
          ]
        ]
      }
    },
    {
      "type": "Feature",
      "properties": {
        "name": "Aparna Sarovar Zenith",
        "osm_id": 1212194478,
        "type": "residential"
      },
      "geometry": {
        "type": "Polygon",
        "coordinates": [
          [
            [
              78.3106974,
              17.4661654
            ],
            [
              78.3133498,
              17.4656585
            ],
            [
              78.3134479,
              17.4660712
            ],
            [
              78.3135114,
              17.4663157
            ],
            [
              78.3135295,
              17.4663876
            ],
            [
              78.3134463,
              17.4669736
            ],
            [
              78.3135027,
              17.4671936
            ],
            [
              78.3130011,
              17.4675364
            ],
            [
              78.3127382,
              17.4680788
            ],
            [
              78.312867,
              17.4686545
            ],
            [
              78.313044,
              17.4687773
            ],
            [
              78.3131754,
              17.4690894
            ],
            [
              78.3110747,
              17.4690742
            ],
            [
              78.3107963,
              17.4685931
            ],
            [
              78.3107856,
              17.4683628
            ],
            [
              78.3109204,
              17.4683033
            ],
            [
              78.3109036,
              17.4676351
            ],
            [
              78.3108634,
              17.4675415
            ],
            [
              78.3106974,
              17.4661654
            ]
          ]
        ]
      }
    },
    {
      "type": "Feature",
      "properties": {
        "name": "Aparna Neo Mall",
        "osm_id": 1212194479,
        "type": "commercial"
      },
      "geometry": {
        "type": "Polygon",
        "coordinates": [
          [
            [
              78.3100181,
              17.4664067
            ],
            [
              78.3106158,
              17.4663436
            ],
            [
              78.3107398,
              17.4674109
            ],
            [
              78.3101419,
              17.467474
            ],
            [
              78.3100181,
              17.4664067
            ]
          ]
        ]
      }
    },
    {
      "type": "Feature",
      "properties": {
        "name": "Aparna Sarovar Grande",
        "osm_id": 1212194481,
        "type": "residential"
      },
      "geometry": {
        "type": "Polygon",
        "coordinates": [
          [
            [
              78.3116332,
              17.4657096
            ],
            [
              78.309769,
              17.4660755
            ],
            [
              78.3096627,
              17.4644225
            ],
            [
              78.3116854,
              17.4637594
            ],
            [
              78.3116332,
              17.4657096
            ]
          ]
        ]
      }
    },
    {
      "type": "Feature",
      "properties": {
        "name": "NCC Cyber Urbania",
        "osm_id": 1212194500,
        "type": "residential"
      },
      "geometry": {
        "type": "Polygon",
        "coordinates": [
          [
            [
              78.2827833,
              17.4456341
            ],
            [
              78.2850954,
              17.4451735
            ],
            [
              78.2848138,
              17.4443496
            ],
            [
              78.2826599,
              17.4447539
            ],
            [
              78.2827621,
              17.4454828
            ],
            [
              78.2827833,
              17.4456341
            ]
          ]
        ]
      }
    },
    {
      "type": "Feature",
      "properties": {
        "name": "Sancia Garden Villas",
        "osm_id": 1212194505,
        "type": "residential"
      },
      "geometry": {
        "type": "Polygon",
        "coordinates": [
          [
            [
              78.2861543,
              17.4351304
            ],
            [
              78.2898375,
              17.437067
            ],
            [
              78.289867,
              17.4367164
            ],
            [
              78.2896095,
              17.4358591
            ],
            [
              78.2894975,
              17.4358012
            ],
            [
              78.2873324,
              17.434682
            ],
            [
              78.2873806,
              17.4345822
            ],
            [
              78.2870775,
              17.4345617
            ],
            [
              78.2866967,
              17.4343493
            ],
            [
              78.2867664,
              17.4339655
            ],
            [
              78.2866538,
              17.4339194
            ],
            [
              78.2867131,
              17.4336298
            ],
            [
              78.2865384,
              17.4336507
            ],
            [
              78.286466,
              17.4334307
            ],
            [
              78.2862085,
              17.4335458
            ],
            [
              78.286179,
              17.4342224
            ],
            [
              78.2861547,
              17.4347514
            ],
            [
              78.2861543,
              17.4351304
            ]
          ]
        ]
      }
    },
    {
      "type": "Feature",
      "properties": {
        "name": "Muppa Indraprastha",
        "osm_id": 1212194506,
        "type": "residential"
      },
      "geometry": {
        "type": "Polygon",
        "coordinates": [
          [
            [
              78.2802728,
              17.4373996
            ],
            [
              78.2809432,
              17.4376167
            ],
            [
              78.2857338,
              17.4391679
            ],
            [
              78.285723,
              17.4389887
            ],
            [
              78.2848952,
              17.4359112
            ],
            [
              78.2842264,
              17.4361432
            ],
            [
              78.2840896,
              17.4357517
            ],
            [
              78.2830569,
              17.436069
            ],
            [
              78.2829496,
              17.4356902
            ],
            [
              78.2811579,
              17.4361509
            ],
            [
              78.2809353,
              17.4354727
            ],
            [
              78.2802084,
              17.4357849
            ],
            [
              78.2802728,
              17.4373996
            ]
          ]
        ]
      }
    },
    {
      "type": "Feature",
      "properties": {
        "name": "BHEL Cyber Colony",
        "osm_id": 1212194515,
        "type": "residential"
      },
      "geometry": {
        "type": "Polygon",
        "coordinates": [
          [
            [
              78.2718736,
              17.4461875
            ],
            [
              78.2720986,
              17.4466452
            ],
            [
              78.2719438,
              17.4467144
            ],
            [
              78.2721717,
              17.4471781
            ],
            [
              78.270411,
              17.4479658
            ],
            [
              78.2699504,
              17.4470289
            ],
            [
              78.2711749,
              17.4464811
            ],
            [
              78.2695734,
              17.4430062
            ],
            [
              78.2687259,
              17.4432953
            ],
            [
              78.2687819,
              17.4434143
            ],
            [
              78.2695681,
              17.445084
            ],
            [
              78.2672212,
              17.4461459
            ],
            [
              78.2676126,
              17.4469687
            ],
            [
              78.268699,
              17.4492523
            ],
            [
              78.2683101,
              17.4494288
            ],
            [
              78.268294,
              17.4509283
            ],
            [
              78.2687527,
              17.4504959
            ],
            [
              78.2749432,
              17.4477247
            ],
            [
              78.2740608,
              17.445844
            ],
            [
              78.2749352,
              17.4454525
            ],
            [
              78.2735968,
              17.442561
            ],
            [
              78.2726419,
              17.4429499
            ],
            [
              78.272147,
              17.4419372
            ],
            [
              78.2719894,
              17.4419833
            ],
            [
              78.2724246,
              17.442845
            ],
            [
              78.2715583,
              17.4432109
            ],
            [
              78.2720411,
              17.4442524
            ],
            [
              78.2728913,
              17.4438711
            ],
            [
              78.2736531,
              17.4454243
            ],
            [
              78.2718736,
              17.4461875
            ]
          ]
        ]
      }
    },
    {
      "type": "Feature",
      "properties": {
        "name": "Magnas Majestic Meadows",
        "osm_id": 1212194517,
        "type": "residential"
      },
      "geometry": {
        "type": "Polygon",
        "coordinates": [
          [
            [
              78.2690974,
              17.4389794
            ],
            [
              78.2708612,
              17.4386254
            ],
            [
              78.2709262,
              17.437416
            ],
            [
              78.2709857,
              17.4362013
            ],
            [
              78.2710359,
              17.4350085
            ],
            [
              78.2694632,
              17.4353934
            ],
            [
              78.2685469,
              17.4356213
            ],
            [
              78.2681656,
              17.4357301
            ],
            [
              78.2681511,
              17.4358647
            ],
            [
              78.2678533,
              17.4359255
            ],
            [
              78.2681167,
              17.4370545
            ],
            [
              78.2681998,
              17.4373805
            ],
            [
              78.2682588,
              17.4376408
            ],
            [
              78.268482,
              17.4385705
            ],
            [
              78.268977,
              17.4384882
            ],
            [
              78.2690974,
              17.4389794
            ]
          ]
        ]
      }
    },
    {
      "type": "Feature",
      "properties": {
        "name": "Skoda Service Center",
        "osm_id": 1212211104,
        "type": "yes"
      },
      "geometry": {
        "type": "Polygon",
        "coordinates": [
          [
            [
              78.3277952,
              17.4239008
            ],
            [
              78.3286562,
              17.4238904
            ],
            [
              78.3286502,
              17.423445
            ],
            [
              78.3277893,
              17.4234554
            ],
            [
              78.3277952,
              17.4239008
            ]
          ]
        ]
      }
    },
    {
      "type": "Feature",
      "properties": {
        "name": "Kia Service Center",
        "osm_id": 1212211105,
        "type": "yes"
      },
      "geometry": {
        "type": "Polygon",
        "coordinates": [
          [
            [
              78.3271314,
              17.4233051
            ],
            [
              78.3285116,
              17.42328
            ],
            [
              78.328506,
              17.4230018
            ],
            [
              78.3271258,
              17.4230269
            ],
            [
              78.3271314,
              17.4233051
            ]
          ]
        ]
      }
    },
    {
      "type": "Feature",
      "properties": {
        "name": "KTR Farm House",
        "osm_id": 1233769616,
        "type": "yes"
      },
      "geometry": {
        "type": "Polygon",
        "coordinates": [
          [
            [
              78.2842145,
              17.4073314
            ],
            [
              78.2842981,
              17.4076425
            ],
            [
              78.2841042,
              17.4076899
            ],
            [
              78.2840749,
              17.4075805
            ],
            [
              78.2841215,
              17.4075692
            ],
            [
              78.2841028,
              17.4074995
            ],
            [
              78.2840461,
              17.4075134
            ],
            [
              78.2840107,
              17.4073813
            ],
            [
              78.2842145,
              17.4073314
            ]
          ]
        ]
      }
    },
    {
      "type": "Feature",
      "properties": {
        "name": "Dmart",
        "osm_id": 1236743614,
        "type": "yes"
      },
      "geometry": {
        "type": "Polygon",
        "coordinates": [
          [
            [
              78.295695,
              17.5105003
            ],
            [
              78.2955638,
              17.5101204
            ],
            [
              78.2950633,
              17.510288
            ],
            [
              78.2951872,
              17.5106609
            ],
            [
              78.295695,
              17.5105003
            ]
          ]
        ]
      }
    },
    {
      "type": "Feature",
      "properties": {
        "name": "Tiffin Center",
        "osm_id": 1236743616,
        "type": "yes"
      },
      "geometry": {
        "type": "Polygon",
        "coordinates": [
          [
            [
              78.3002913,
              17.509584
            ],
            [
              78.3002084,
              17.5094292
            ],
            [
              78.300263,
              17.5094055
            ],
            [
              78.3003414,
              17.5095616
            ],
            [
              78.3002913,
              17.509584
            ]
          ]
        ]
      }
    },
    {
      "type": "Feature",
      "properties": {
        "name": "Multiple Cafeterias",
        "osm_id": 1251533033,
        "type": "yes"
      },
      "geometry": {
        "type": "Polygon",
        "coordinates": [
          [
            [
              78.3300334,
              17.4143789
            ],
            [
              78.3300703,
              17.4143642
            ],
            [
              78.3299574,
              17.4140827
            ],
            [
              78.3299199,
              17.4140963
            ],
            [
              78.3300334,
              17.4143789
            ]
          ]
        ]
      }
    },
    {
      "type": "Feature",
      "properties": {
        "name": "Kiransha's Home",
        "osm_id": 1262465923,
        "type": "yes"
      },
      "geometry": {
        "type": "Polygon",
        "coordinates": [
          [
            [
              78.3168423,
              17.4908966
            ],
            [
              78.3167476,
              17.4907629
            ],
            [
              78.3167218,
              17.4907795
            ],
            [
              78.3168164,
              17.4909132
            ],
            [
              78.3168423,
              17.4908966
            ]
          ]
        ]
      }
    },
    {
      "type": "Feature",
      "properties": {
        "name": "Tuljabhavani temple",
        "osm_id": 1262465924,
        "type": "roof"
      },
      "geometry": {
        "type": "Polygon",
        "coordinates": [
          [
            [
              78.3169153,
              17.4905949
            ],
            [
              78.31686,
              17.4905264
            ],
            [
              78.3168227,
              17.4905539
            ],
            [
              78.3167971,
              17.4905223
            ],
            [
              78.3167614,
              17.4905486
            ],
            [
              78.3167793,
              17.4905707
            ],
            [
              78.316751,
              17.4905916
            ],
            [
              78.316814,
              17.4906695
            ],
            [
              78.3169153,
              17.4905949
            ]
          ]
        ]
      }
    },
    {
      "type": "Feature",
      "properties": {
        "name": "130",
        "osm_id": 1272068716,
        "type": "yes"
      },
      "geometry": {
        "type": "Polygon",
        "coordinates": [
          [
            [
              78.2766913,
              17.4501755
            ],
            [
              78.2767137,
              17.4500945
            ],
            [
              78.2768541,
              17.4501299
            ],
            [
              78.2768316,
              17.4502109
            ],
            [
              78.2766913,
              17.4501755
            ]
          ]
        ]
      }
    },
    {
      "type": "Feature",
      "properties": {
        "name": "91",
        "osm_id": 1272068782,
        "type": "yes"
      },
      "geometry": {
        "type": "Polygon",
        "coordinates": [
          [
            [
              78.2768642,
              17.4502229
            ],
            [
              78.2768894,
              17.4501312
            ],
            [
              78.2770349,
              17.4501676
            ],
            [
              78.2770097,
              17.4502594
            ],
            [
              78.2768642,
              17.4502229
            ]
          ]
        ]
      }
    },
    {
      "type": "Feature",
      "properties": {
        "name": "131",
        "osm_id": 1272068853,
        "type": "yes"
      },
      "geometry": {
        "type": "Polygon",
        "coordinates": [
          [
            [
              78.276394,
              17.4501027
            ],
            [
              78.276422,
              17.450011
            ],
            [
              78.2765677,
              17.4500515
            ],
            [
              78.2765397,
              17.4501432
            ],
            [
              78.276394,
              17.4501027
            ]
          ]
        ]
      }
    },
    {
      "type": "Feature",
      "properties": {
        "name": "168",
        "osm_id": 1272068924,
        "type": "yes"
      },
      "geometry": {
        "type": "Polygon",
        "coordinates": [
          [
            [
              78.2762101,
              17.450059
            ],
            [
              78.2762378,
              17.4499653
            ],
            [
              78.2763817,
              17.4500071
            ],
            [
              78.2763505,
              17.4500959
            ],
            [
              78.2762101,
              17.450059
            ]
          ]
        ]
      }
    },
    {
      "type": "Feature",
      "properties": {
        "name": "167",
        "osm_id": 1272068976,
        "type": "yes"
      },
      "geometry": {
        "type": "Polygon",
        "coordinates": [
          [
            [
              78.2762437,
              17.4499368
            ],
            [
              78.2762714,
              17.4498431
            ],
            [
              78.2764066,
              17.4498791
            ],
            [
              78.276378,
              17.4499712
            ],
            [
              78.2762437,
              17.4499368
            ]
          ]
        ]
      }
    },
    {
      "type": "Feature",
      "properties": {
        "name": "166",
        "osm_id": 1272069130,
        "type": "yes"
      },
      "geometry": {
        "type": "Polygon",
        "coordinates": [
          [
            [
              78.2762816,
              17.4498239
            ],
            [
              78.2763093,
              17.4497302
            ],
            [
              78.2764419,
              17.4497654
            ],
            [
              78.2764203,
              17.4498583
            ],
            [
              78.2762816,
              17.4498239
            ]
          ]
        ]
      }
    },
    {
      "type": "Feature",
      "properties": {
        "name": "165",
        "osm_id": 1272069278,
        "type": "yes"
      },
      "geometry": {
        "type": "Polygon",
        "coordinates": [
          [
            [
              78.2763121,
              17.4497015
            ],
            [
              78.2763398,
              17.4496078
            ],
            [
              78.2764724,
              17.449643
            ],
            [
              78.2764508,
              17.4497358
            ],
            [
              78.2763121,
              17.4497015
            ]
          ]
        ]
      }
    },
    {
      "type": "Feature",
      "properties": {
        "name": "164",
        "osm_id": 1272069281,
        "type": "yes"
      },
      "geometry": {
        "type": "Polygon",
        "coordinates": [
          [
            [
              78.2763477,
              17.4495779
            ],
            [
              78.2763754,
              17.4494842
            ],
            [
              78.276508,
              17.4495194
            ],
            [
              78.2764864,
              17.4496123
            ],
            [
              78.2763477,
              17.4495779
            ]
          ]
        ]
      }
    },
    {
      "type": "Feature",
      "properties": {
        "name": "163",
        "osm_id": 1272069332,
        "type": "yes"
      },
      "geometry": {
        "type": "Polygon",
        "coordinates": [
          [
            [
              78.2763834,
              17.449456
            ],
            [
              78.2764111,
              17.4493623
            ],
            [
              78.2765437,
              17.4493975
            ],
            [
              78.276522,
              17.4494904
            ],
            [
              78.2763834,
              17.449456
            ]
          ]
        ]
      }
    },
    {
      "type": "Feature",
      "properties": {
        "name": "162",
        "osm_id": 1272069561,
        "type": "yes"
      },
      "geometry": {
        "type": "Polygon",
        "coordinates": [
          [
            [
              78.2764103,
              17.4493342
            ],
            [
              78.276438,
              17.4492405
            ],
            [
              78.2765706,
              17.4492757
            ],
            [
              78.276549,
              17.4493685
            ],
            [
              78.2764103,
              17.4493342
            ]
          ]
        ]
      }
    },
    {
      "type": "Feature",
      "properties": {
        "name": "161",
        "osm_id": 1272069595,
        "type": "yes"
      },
      "geometry": {
        "type": "Polygon",
        "coordinates": [
          [
            [
              78.2764442,
              17.4492106
            ],
            [
              78.2764719,
              17.4491169
            ],
            [
              78.2766045,
              17.4491521
            ],
            [
              78.2765829,
              17.449245
            ],
            [
              78.2764442,
              17.4492106
            ]
          ]
        ]
      }
    },
    {
      "type": "Feature",
      "properties": {
        "name": "160",
        "osm_id": 1272069688,
        "type": "yes"
      },
      "geometry": {
        "type": "Polygon",
        "coordinates": [
          [
            [
              78.2764746,
              17.4490929
            ],
            [
              78.2765023,
              17.4489992
            ],
            [
              78.2766349,
              17.4490344
            ],
            [
              78.2766133,
              17.4491273
            ],
            [
              78.2764746,
              17.4490929
            ]
          ]
        ]
      }
    },
    {
      "type": "Feature",
      "properties": {
        "name": "132",
        "osm_id": 1272069747,
        "type": "yes"
      },
      "geometry": {
        "type": "Polygon",
        "coordinates": [
          [
            [
              78.276424,
              17.4499849
            ],
            [
              78.276452,
              17.4498932
            ],
            [
              78.2765976,
              17.4499337
            ],
            [
              78.2765697,
              17.4500254
            ],
            [
              78.276424,
              17.4499849
            ]
          ]
        ]
      }
    },
    {
      "type": "Feature",
      "properties": {
        "name": "133",
        "osm_id": 1272069760,
        "type": "yes"
      },
      "geometry": {
        "type": "Polygon",
        "coordinates": [
          [
            [
              78.2764618,
              17.4498632
            ],
            [
              78.2764898,
              17.4497715
            ],
            [
              78.2766354,
              17.449812
            ],
            [
              78.2766074,
              17.4499037
            ],
            [
              78.2764618,
              17.4498632
            ]
          ]
        ]
      }
    },
    {
      "type": "Feature",
      "properties": {
        "name": "134",
        "osm_id": 1272069771,
        "type": "yes"
      },
      "geometry": {
        "type": "Polygon",
        "coordinates": [
          [
            [
              78.2764875,
              17.4497436
            ],
            [
              78.2765155,
              17.4496519
            ],
            [
              78.2766612,
              17.4496923
            ],
            [
              78.2766332,
              17.4497841
            ],
            [
              78.2764875,
              17.4497436
            ]
          ]
        ]
      }
    },
    {
      "type": "Feature",
      "properties": {
        "name": "135",
        "osm_id": 1272069813,
        "type": "yes"
      },
      "geometry": {
        "type": "Polygon",
        "coordinates": [
          [
            [
              78.2765231,
              17.4496203
            ],
            [
              78.2765511,
              17.4495286
            ],
            [
              78.2766967,
              17.4495691
            ],
            [
              78.2766688,
              17.4496608
            ],
            [
              78.2765231,
              17.4496203
            ]
          ]
        ]
      }
    },
    {
      "type": "Feature",
      "properties": {
        "name": "136",
        "osm_id": 1272069897,
        "type": "yes"
      },
      "geometry": {
        "type": "Polygon",
        "coordinates": [
          [
            [
              78.2765554,
              17.449496
            ],
            [
              78.2765834,
              17.4494043
            ],
            [
              78.2767291,
              17.4494448
            ],
            [
              78.2767011,
              17.4495365
            ],
            [
              78.2765554,
              17.449496
            ]
          ]
        ]
      }
    },
    {
      "type": "Feature",
      "properties": {
        "name": "137",
        "osm_id": 1272069996,
        "type": "yes"
      },
      "geometry": {
        "type": "Polygon",
        "coordinates": [
          [
            [
              78.2765916,
              17.4493785
            ],
            [
              78.2766196,
              17.4492868
            ],
            [
              78.2767652,
              17.4493272
            ],
            [
              78.2767372,
              17.4494189
            ],
            [
              78.2765916,
              17.4493785
            ]
          ]
        ]
      }
    },
    {
      "type": "Feature",
      "properties": {
        "name": "138",
        "osm_id": 1272070013,
        "type": "yes"
      },
      "geometry": {
        "type": "Polygon",
        "coordinates": [
          [
            [
              78.2766228,
              17.4492552
            ],
            [
              78.2766508,
              17.4491635
            ],
            [
              78.2767964,
              17.449204
            ],
            [
              78.2767684,
              17.4492957
            ],
            [
              78.2766228,
              17.4492552
            ]
          ]
        ]
      }
    },
    {
      "type": "Feature",
      "properties": {
        "name": "139",
        "osm_id": 1272070022,
        "type": "yes"
      },
      "geometry": {
        "type": "Polygon",
        "coordinates": [
          [
            [
              78.276654,
              17.4491309
            ],
            [
              78.276682,
              17.4490392
            ],
            [
              78.2768276,
              17.4490797
            ],
            [
              78.2767996,
              17.4491714
            ],
            [
              78.276654,
              17.4491309
            ]
          ]
        ]
      }
    },
    {
      "type": "Feature",
      "properties": {
        "name": "140",
        "osm_id": 1272070329,
        "type": "yes"
      },
      "geometry": {
        "type": "Polygon",
        "coordinates": [
          [
            [
              78.2767069,
              17.4489229
            ],
            [
              78.2767349,
              17.4488312
            ],
            [
              78.2768806,
              17.4488716
            ],
            [
              78.2768526,
              17.4489633
            ],
            [
              78.2767069,
              17.4489229
            ]
          ]
        ]
      }
    },
    {
      "type": "Feature",
      "properties": {
        "name": "141",
        "osm_id": 1272070347,
        "type": "yes"
      },
      "geometry": {
        "type": "Polygon",
        "coordinates": [
          [
            [
              78.2767467,
              17.4488094
            ],
            [
              78.2767747,
              17.4487177
            ],
            [
              78.2769203,
              17.4487582
            ],
            [
              78.2768924,
              17.4488499
            ],
            [
              78.2767467,
              17.4488094
            ]
          ]
        ]
      }
    },
    {
      "type": "Feature",
      "properties": {
        "name": "142",
        "osm_id": 1272070717,
        "type": "yes"
      },
      "geometry": {
        "type": "Polygon",
        "coordinates": [
          [
            [
              78.2767787,
              17.4486831
            ],
            [
              78.2768066,
              17.4485914
            ],
            [
              78.2769523,
              17.4486318
            ],
            [
              78.2769243,
              17.4487235
            ],
            [
              78.2767787,
              17.4486831
            ]
          ]
        ]
      }
    },
    {
      "type": "Feature",
      "properties": {
        "name": "143",
        "osm_id": 1272071109,
        "type": "yes"
      },
      "geometry": {
        "type": "Polygon",
        "coordinates": [
          [
            [
              78.2768106,
              17.4485635
            ],
            [
              78.2768386,
              17.4484718
            ],
            [
              78.2769842,
              17.4485122
            ],
            [
              78.2769562,
              17.4486039
            ],
            [
              78.2768106,
              17.4485635
            ]
          ]
        ]
      }
    },
    {
      "type": "Feature",
      "properties": {
        "name": "144",
        "osm_id": 1272071112,
        "type": "yes"
      },
      "geometry": {
        "type": "Polygon",
        "coordinates": [
          [
            [
              78.2768425,
              17.4484461
            ],
            [
              78.2768705,
              17.4483544
            ],
            [
              78.2770161,
              17.4483949
            ],
            [
              78.2769882,
              17.4484866
            ],
            [
              78.2768425,
              17.4484461
            ]
          ]
        ]
      }
    },
    {
      "type": "Feature",
      "properties": {
        "name": "145",
        "osm_id": 1272071133,
        "type": "yes"
      },
      "geometry": {
        "type": "Polygon",
        "coordinates": [
          [
            [
              78.2768733,
              17.4483198
            ],
            [
              78.2769013,
              17.4482281
            ],
            [
              78.2770469,
              17.4482685
            ],
            [
              78.2770189,
              17.4483602
            ],
            [
              78.2768733,
              17.4483198
            ]
          ]
        ]
      }
    },
    {
      "type": "Feature",
      "properties": {
        "name": "146",
        "osm_id": 1272071234,
        "type": "yes"
      },
      "geometry": {
        "type": "Polygon",
        "coordinates": [
          [
            [
              78.2769028,
              17.4481979
            ],
            [
              78.2769308,
              17.4481062
            ],
            [
              78.2770765,
              17.4481467
            ],
            [
              78.2770485,
              17.4482384
            ],
            [
              78.2769028,
              17.4481979
            ]
          ]
        ]
      }
    },
    {
      "type": "Feature",
      "properties": {
        "name": "147",
        "osm_id": 1272071441,
        "type": "yes"
      },
      "geometry": {
        "type": "Polygon",
        "coordinates": [
          [
            [
              78.2769383,
              17.4480727
            ],
            [
              78.2769663,
              17.447981
            ],
            [
              78.2771119,
              17.4480214
            ],
            [
              78.277084,
              17.4481131
            ],
            [
              78.2769383,
              17.4480727
            ]
          ]
        ]
      }
    },
    {
      "type": "Feature",
      "properties": {
        "name": "148",
        "osm_id": 1272071474,
        "type": "yes"
      },
      "geometry": {
        "type": "Polygon",
        "coordinates": [
          [
            [
              78.276978,
              17.4479616
            ],
            [
              78.277006,
              17.4478699
            ],
            [
              78.2771517,
              17.4479103
            ],
            [
              78.2771237,
              17.448002
            ],
            [
              78.276978,
              17.4479616
            ]
          ]
        ]
      }
    },
    {
      "type": "Feature",
      "properties": {
        "name": "159",
        "osm_id": 1272071505,
        "type": "yes"
      },
      "geometry": {
        "type": "Polygon",
        "coordinates": [
          [
            [
              78.276532,
              17.4488908
            ],
            [
              78.2765597,
              17.4487971
            ],
            [
              78.2766923,
              17.4488323
            ],
            [
              78.2766707,
              17.4489252
            ],
            [
              78.276532,
              17.4488908
            ]
          ]
        ]
      }
    },
    {
      "type": "Feature",
      "properties": {
        "name": "158",
        "osm_id": 1272071622,
        "type": "yes"
      },
      "geometry": {
        "type": "Polygon",
        "coordinates": [
          [
            [
              78.2765618,
              17.4487692
            ],
            [
              78.2765895,
              17.4486755
            ],
            [
              78.2767221,
              17.4487107
            ],
            [
              78.2767005,
              17.4488036
            ],
            [
              78.2765618,
              17.4487692
            ]
          ]
        ]
      }
    },
    {
      "type": "Feature",
      "properties": {
        "name": "157",
        "osm_id": 1272071640,
        "type": "yes"
      },
      "geometry": {
        "type": "Polygon",
        "coordinates": [
          [
            [
              78.2765975,
              17.4486427
            ],
            [
              78.2766252,
              17.448549
            ],
            [
              78.2767578,
              17.4485842
            ],
            [
              78.2767362,
              17.4486771
            ],
            [
              78.2765975,
              17.4486427
            ]
          ]
        ]
      }
    },
    {
      "type": "Feature",
      "properties": {
        "name": "156",
        "osm_id": 1272071693,
        "type": "yes"
      },
      "geometry": {
        "type": "Polygon",
        "coordinates": [
          [
            [
              78.2766303,
              17.4485212
            ],
            [
              78.276658,
              17.4484275
            ],
            [
              78.2767906,
              17.4484627
            ],
            [
              78.276769,
              17.4485556
            ],
            [
              78.2766303,
              17.4485212
            ]
          ]
        ]
      }
    },
    {
      "type": "Feature",
      "properties": {
        "name": "155",
        "osm_id": 1272071773,
        "type": "yes"
      },
      "geometry": {
        "type": "Polygon",
        "coordinates": [
          [
            [
              78.2766661,
              17.448401
            ],
            [
              78.2766938,
              17.4483073
            ],
            [
              78.2768264,
              17.4483425
            ],
            [
              78.2768048,
              17.4484354
            ],
            [
              78.2766661,
              17.448401
            ]
          ]
        ]
      }
    },
    {
      "type": "Feature",
      "properties": {
        "name": "154",
        "osm_id": 1272071836,
        "type": "yes"
      },
      "geometry": {
        "type": "Polygon",
        "coordinates": [
          [
            [
              78.2766951,
              17.448276
            ],
            [
              78.2767228,
              17.4481823
            ],
            [
              78.2768554,
              17.4482175
            ],
            [
              78.2768338,
              17.4483104
            ],
            [
              78.2766951,
              17.448276
            ]
          ]
        ]
      }
    },
    {
      "type": "Feature",
      "properties": {
        "name": "153",
        "osm_id": 1272071860,
        "type": "yes"
      },
      "geometry": {
        "type": "Polygon",
        "coordinates": [
          [
            [
              78.2767264,
              17.448153
            ],
            [
              78.2767541,
              17.4480593
            ],
            [
              78.2768867,
              17.4480945
            ],
            [
              78.2768651,
              17.4481874
            ],
            [
              78.2767264,
              17.448153
            ]
          ]
        ]
      }
    },
    {
      "type": "Feature",
      "properties": {
        "name": "152",
        "osm_id": 1272071883,
        "type": "yes"
      },
      "geometry": {
        "type": "Polygon",
        "coordinates": [
          [
            [
              78.2767652,
              17.448035
            ],
            [
              78.2767929,
              17.4479413
            ],
            [
              78.2769255,
              17.4479765
            ],
            [
              78.2769039,
              17.4480694
            ],
            [
              78.2767652,
              17.448035
            ]
          ]
        ]
      }
    },
    {
      "type": "Feature",
      "properties": {
        "name": "151",
        "osm_id": 1272071941,
        "type": "yes"
      },
      "geometry": {
        "type": "Polygon",
        "coordinates": [
          [
            [
              78.2768044,
              17.4479234
            ],
            [
              78.2768321,
              17.4478297
            ],
            [
              78.2769647,
              17.4478649
            ],
            [
              78.2769431,
              17.4479578
            ],
            [
              78.2768044,
              17.4479234
            ]
          ]
        ]
      }
    },
    {
      "type": "Feature",
      "properties": {
        "name": "150",
        "osm_id": 1272071954,
        "type": "yes"
      },
      "geometry": {
        "type": "Polygon",
        "coordinates": [
          [
            [
              78.2768406,
              17.4477879
            ],
            [
              78.2768683,
              17.4476942
            ],
            [
              78.2770009,
              17.4477294
            ],
            [
              78.2769793,
              17.4478223
            ],
            [
              78.2768406,
              17.4477879
            ]
          ]
        ]
      }
    },
    {
      "type": "Feature",
      "properties": {
        "name": "149",
        "osm_id": 1272072060,
        "type": "yes"
      },
      "geometry": {
        "type": "Polygon",
        "coordinates": [
          [
            [
              78.2770329,
              17.447809
            ],
            [
              78.2771719,
              17.4478431
            ],
            [
              78.2771975,
              17.447748
            ],
            [
              78.2770585,
              17.447714
            ],
            [
              78.2770329,
              17.447809
            ]
          ]
        ]
      }
    },
    {
      "type": "Feature",
      "properties": {
        "name": "129",
        "osm_id": 1272072105,
        "type": "yes"
      },
      "geometry": {
        "type": "Polygon",
        "coordinates": [
          [
            [
              78.276725,
              17.4500543
            ],
            [
              78.2767474,
              17.4499733
            ],
            [
              78.2768878,
              17.4500087
            ],
            [
              78.2768653,
              17.4500897
            ],
            [
              78.276725,
              17.4500543
            ]
          ]
        ]
      }
    },
    {
      "type": "Feature",
      "properties": {
        "name": "128",
        "osm_id": 1272072134,
        "type": "yes"
      },
      "geometry": {
        "type": "Polygon",
        "coordinates": [
          [
            [
              78.2767555,
              17.449933
            ],
            [
              78.2767779,
              17.449852
            ],
            [
              78.2769183,
              17.4498874
            ],
            [
              78.2768958,
              17.4499684
            ],
            [
              78.2767555,
              17.449933
            ]
          ]
        ]
      }
    },
    {
      "type": "Feature",
      "properties": {
        "name": "127",
        "osm_id": 1272072209,
        "type": "yes"
      },
      "geometry": {
        "type": "Polygon",
        "coordinates": [
          [
            [
              78.2767893,
              17.4498132
            ],
            [
              78.2768117,
              17.4497322
            ],
            [
              78.2769521,
              17.4497676
            ],
            [
              78.2769296,
              17.4498486
            ],
            [
              78.2767893,
              17.4498132
            ]
          ]
        ]
      }
    },
    {
      "type": "Feature",
      "properties": {
        "name": "126",
        "osm_id": 1272072433,
        "type": "yes"
      },
      "geometry": {
        "type": "Polygon",
        "coordinates": [
          [
            [
              78.2768215,
              17.4496935
            ],
            [
              78.2768439,
              17.4496125
            ],
            [
              78.2769843,
              17.4496479
            ],
            [
              78.2769618,
              17.4497289
            ],
            [
              78.2768215,
              17.4496935
            ]
          ]
        ]
      }
    },
    {
      "type": "Feature",
      "properties": {
        "name": "125",
        "osm_id": 1272072547,
        "type": "yes"
      },
      "geometry": {
        "type": "Polygon",
        "coordinates": [
          [
            [
              78.2768601,
              17.4495706
            ],
            [
              78.2768825,
              17.4494896
            ],
            [
              78.2770229,
              17.449525
            ],
            [
              78.2770004,
              17.449606
            ],
            [
              78.2768601,
              17.4495706
            ]
          ]
        ]
      }
    },
    {
      "type": "Feature",
      "properties": {
        "name": "124",
        "osm_id": 1272072624,
        "type": "yes"
      },
      "geometry": {
        "type": "Polygon",
        "coordinates": [
          [
            [
              78.2768859,
              17.4494478
            ],
            [
              78.2769083,
              17.4493668
            ],
            [
              78.2770487,
              17.4494022
            ],
            [
              78.2770262,
              17.4494832
            ],
            [
              78.2768859,
              17.4494478
            ]
          ]
        ]
      }
    },
    {
      "type": "Feature",
      "properties": {
        "name": "123",
        "osm_id": 1272072633,
        "type": "yes"
      },
      "geometry": {
        "type": "Polygon",
        "coordinates": [
          [
            [
              78.2769213,
              17.4493219
            ],
            [
              78.2769437,
              17.4492409
            ],
            [
              78.2770841,
              17.4492763
            ],
            [
              78.2770616,
              17.4493573
            ],
            [
              78.2769213,
              17.4493219
            ]
          ]
        ]
      }
    },
    {
      "type": "Feature",
      "properties": {
        "name": "122",
        "osm_id": 1272072685,
        "type": "yes"
      },
      "geometry": {
        "type": "Polygon",
        "coordinates": [
          [
            [
              78.2769487,
              17.4492021
            ],
            [
              78.2769711,
              17.4491211
            ],
            [
              78.2771115,
              17.4491565
            ],
            [
              78.277089,
              17.4492375
            ],
            [
              78.2769487,
              17.4492021
            ]
          ]
        ]
      }
    },
    {
      "type": "Feature",
      "properties": {
        "name": "121",
        "osm_id": 1272072727,
        "type": "yes"
      },
      "geometry": {
        "type": "Polygon",
        "coordinates": [
          [
            [
              78.2770114,
              17.4489949
            ],
            [
              78.2770338,
              17.4489139
            ],
            [
              78.2771742,
              17.4489493
            ],
            [
              78.2771517,
              17.4490303
            ],
            [
              78.2770114,
              17.4489949
            ]
          ]
        ]
      }
    },
    {
      "type": "Feature",
      "properties": {
        "name": "120",
        "osm_id": 1272072763,
        "type": "yes"
      },
      "geometry": {
        "type": "Polygon",
        "coordinates": [
          [
            [
              78.2770484,
              17.4488766
            ],
            [
              78.2770708,
              17.4487956
            ],
            [
              78.2772112,
              17.448831
            ],
            [
              78.2771887,
              17.448912
            ],
            [
              78.2770484,
              17.4488766
            ]
          ]
        ]
      }
    },
    {
      "type": "Feature",
      "properties": {
        "name": "119",
        "osm_id": 1272073007,
        "type": "yes"
      },
      "geometry": {
        "type": "Polygon",
        "coordinates": [
          [
            [
              78.277079,
              17.4487615
            ],
            [
              78.2771014,
              17.4486805
            ],
            [
              78.2772418,
              17.4487159
            ],
            [
              78.2772193,
              17.4487969
            ],
            [
              78.277079,
              17.4487615
            ]
          ]
        ]
      }
    },
    {
      "type": "Feature",
      "properties": {
        "name": "118",
        "osm_id": 1272073015,
        "type": "yes"
      },
      "geometry": {
        "type": "Polygon",
        "coordinates": [
          [
            [
              78.2771064,
              17.4486387
            ],
            [
              78.2771288,
              17.4485577
            ],
            [
              78.2772692,
              17.4485931
            ],
            [
              78.2772467,
              17.4486741
            ],
            [
              78.2771064,
              17.4486387
            ]
          ]
        ]
      }
    },
    {
      "type": "Feature",
      "properties": {
        "name": "117",
        "osm_id": 1272073032,
        "type": "yes"
      },
      "geometry": {
        "type": "Polygon",
        "coordinates": [
          [
            [
              78.2771402,
              17.4485112
            ],
            [
              78.2771626,
              17.4484302
            ],
            [
              78.277303,
              17.4484656
            ],
            [
              78.2772805,
              17.4485466
            ],
            [
              78.2771402,
              17.4485112
            ]
          ]
        ]
      }
    },
    {
      "type": "Feature",
      "properties": {
        "name": "116",
        "osm_id": 1272073150,
        "type": "yes"
      },
      "geometry": {
        "type": "Polygon",
        "coordinates": [
          [
            [
              78.2771708,
              17.4483945
            ],
            [
              78.2771932,
              17.4483135
            ],
            [
              78.2773336,
              17.4483489
            ],
            [
              78.2773111,
              17.4484299
            ],
            [
              78.2771708,
              17.4483945
            ]
          ]
        ]
      }
    },
    {
      "type": "Feature",
      "properties": {
        "name": "115",
        "osm_id": 1272073196,
        "type": "yes"
      },
      "geometry": {
        "type": "Polygon",
        "coordinates": [
          [
            [
              78.2772013,
              17.4482671
            ],
            [
              78.2772237,
              17.4481861
            ],
            [
              78.2773641,
              17.4482215
            ],
            [
              78.2773416,
              17.4483025
            ],
            [
              78.2772013,
              17.4482671
            ]
          ]
        ]
      }
    },
    {
      "type": "Feature",
      "properties": {
        "name": "114",
        "osm_id": 1272073268,
        "type": "yes"
      },
      "geometry": {
        "type": "Polygon",
        "coordinates": [
          [
            [
              78.27724,
              17.4481474
            ],
            [
              78.2772624,
              17.4480663
            ],
            [
              78.2774028,
              17.4481017
            ],
            [
              78.2773803,
              17.4481828
            ],
            [
              78.27724,
              17.4481474
            ]
          ]
        ]
      }
    },
    {
      "type": "Feature",
      "properties": {
        "name": "113",
        "osm_id": 1272073335,
        "type": "yes"
      },
      "geometry": {
        "type": "Polygon",
        "coordinates": [
          [
            [
              78.2772754,
              17.4480245
            ],
            [
              78.2772978,
              17.4479435
            ],
            [
              78.2774382,
              17.4479789
            ],
            [
              78.2774157,
              17.4480599
            ],
            [
              78.2772754,
              17.4480245
            ]
          ]
        ]
      }
    },
    {
      "type": "Feature",
      "properties": {
        "name": "112",
        "osm_id": 1272073404,
        "type": "yes"
      },
      "geometry": {
        "type": "Polygon",
        "coordinates": [
          [
            [
              78.277306,
              17.4479002
            ],
            [
              78.2773284,
              17.4478192
            ],
            [
              78.2774688,
              17.4478546
            ],
            [
              78.2774463,
              17.4479356
            ],
            [
              78.277306,
              17.4479002
            ]
          ]
        ]
      }
    },
    {
      "type": "Feature",
      "properties": {
        "name": "111",
        "osm_id": 1272073420,
        "type": "yes"
      },
      "geometry": {
        "type": "Polygon",
        "coordinates": [
          [
            [
              78.2773366,
              17.4478011
            ],
            [
              78.277359,
              17.4477201
            ],
            [
              78.2774994,
              17.4477555
            ],
            [
              78.2774769,
              17.4478365
            ],
            [
              78.2773366,
              17.4478011
            ]
          ]
        ]
      }
    },
    {
      "type": "Feature",
      "properties": {
        "name": "92",
        "osm_id": 1272074122,
        "type": "yes"
      },
      "geometry": {
        "type": "Polygon",
        "coordinates": [
          [
            [
              78.2769013,
              17.4500974
            ],
            [
              78.2769265,
              17.4500057
            ],
            [
              78.277072,
              17.4500421
            ],
            [
              78.2770468,
              17.4501339
            ],
            [
              78.2769013,
              17.4500974
            ]
          ]
        ]
      }
    },
    {
      "type": "Feature",
      "properties": {
        "name": "93",
        "osm_id": 1272074126,
        "type": "yes"
      },
      "geometry": {
        "type": "Polygon",
        "coordinates": [
          [
            [
              78.2769463,
              17.4499808
            ],
            [
              78.2769715,
              17.4498891
            ],
            [
              78.277117,
              17.4499255
            ],
            [
              78.2770918,
              17.4500173
            ],
            [
              78.2769463,
              17.4499808
            ]
          ]
        ]
      }
    },
    {
      "type": "Feature",
      "properties": {
        "name": "94",
        "osm_id": 1272074136,
        "type": "yes"
      },
      "geometry": {
        "type": "Polygon",
        "coordinates": [
          [
            [
              78.2769737,
              17.4498595
            ],
            [
              78.2769989,
              17.4497678
            ],
            [
              78.2771444,
              17.4498042
            ],
            [
              78.2771192,
              17.449896
            ],
            [
              78.2769737,
              17.4498595
            ]
          ]
        ]
      }
    },
    {
      "type": "Feature",
      "properties": {
        "name": "95",
        "osm_id": 1272074185,
        "type": "yes"
      },
      "geometry": {
        "type": "Polygon",
        "coordinates": [
          [
            [
              78.2770072,
              17.4497389
            ],
            [
              78.2770324,
              17.4496472
            ],
            [
              78.2771779,
              17.4496836
            ],
            [
              78.2771527,
              17.4497754
            ],
            [
              78.2770072,
              17.4497389
            ]
          ]
        ]
      }
    },
    {
      "type": "Feature",
      "properties": {
        "name": "96",
        "osm_id": 1272074196,
        "type": "yes"
      },
      "geometry": {
        "type": "Polygon",
        "coordinates": [
          [
            [
              78.2770348,
              17.4496149
            ],
            [
              78.27706,
              17.4495232
            ],
            [
              78.2772055,
              17.4495596
            ],
            [
              78.2771803,
              17.4496514
            ],
            [
              78.2770348,
              17.4496149
            ]
          ]
        ]
      }
    },
    {
      "type": "Feature",
      "properties": {
        "name": "97",
        "osm_id": 1272074199,
        "type": "yes"
      },
      "geometry": {
        "type": "Polygon",
        "coordinates": [
          [
            [
              78.277067,
              17.4494963
            ],
            [
              78.2770922,
              17.4494046
            ],
            [
              78.2772377,
              17.449441
            ],
            [
              78.2772125,
              17.4495328
            ],
            [
              78.277067,
              17.4494963
            ]
          ]
        ]
      }
    },
    {
      "type": "Feature",
      "properties": {
        "name": "98",
        "osm_id": 1272074285,
        "type": "yes"
      },
      "geometry": {
        "type": "Polygon",
        "coordinates": [
          [
            [
              78.2771009,
              17.449372
            ],
            [
              78.2771261,
              17.4492803
            ],
            [
              78.2772716,
              17.4493167
            ],
            [
              78.2772464,
              17.4494085
            ],
            [
              78.2771009,
              17.449372
            ]
          ]
        ]
      }
    },
    {
      "type": "Feature",
      "properties": {
        "name": "99",
        "osm_id": 1272074292,
        "type": "yes"
      },
      "geometry": {
        "type": "Polygon",
        "coordinates": [
          [
            [
              78.277133,
              17.4492476
            ],
            [
              78.2771582,
              17.4491559
            ],
            [
              78.2773037,
              17.4491923
            ],
            [
              78.2772785,
              17.4492841
            ],
            [
              78.277133,
              17.4492476
            ]
          ]
        ]
      }
    },
    {
      "type": "Feature",
      "properties": {
        "name": "100",
        "osm_id": 1272074413,
        "type": "yes"
      },
      "geometry": {
        "type": "Polygon",
        "coordinates": [
          [
            [
              78.2771912,
              17.4490494
            ],
            [
              78.2772164,
              17.4489577
            ],
            [
              78.2773619,
              17.4489941
            ],
            [
              78.2773367,
              17.4490859
            ],
            [
              78.2771912,
              17.4490494
            ]
          ]
        ]
      }
    },
    {
      "type": "Feature",
      "properties": {
        "name": "101",
        "osm_id": 1272074455,
        "type": "yes"
      },
      "geometry": {
        "type": "Polygon",
        "coordinates": [
          [
            [
              78.2772225,
              17.4489284
            ],
            [
              78.2772477,
              17.4488367
            ],
            [
              78.2773932,
              17.4488731
            ],
            [
              78.277368,
              17.4489649
            ],
            [
              78.2772225,
              17.4489284
            ]
          ]
        ]
      }
    },
    {
      "type": "Feature",
      "properties": {
        "name": "102",
        "osm_id": 1272074458,
        "type": "yes"
      },
      "geometry": {
        "type": "Polygon",
        "coordinates": [
          [
            [
              78.2772538,
              17.4488032
            ],
            [
              78.277279,
              17.4487115
            ],
            [
              78.2774245,
              17.4487479
            ],
            [
              78.2773993,
              17.4488397
            ],
            [
              78.2772538,
              17.4488032
            ]
          ]
        ]
      }
    },
    {
      "type": "Feature",
      "properties": {
        "name": "103",
        "osm_id": 1272074513,
        "type": "yes"
      },
      "geometry": {
        "type": "Polygon",
        "coordinates": [
          [
            [
              78.2772877,
              17.4486855
            ],
            [
              78.2773129,
              17.4485938
            ],
            [
              78.2774584,
              17.4486302
            ],
            [
              78.2774332,
              17.448722
            ],
            [
              78.2772877,
              17.4486855
            ]
          ]
        ]
      }
    },
    {
      "type": "Feature",
      "properties": {
        "name": "104",
        "osm_id": 1272074542,
        "type": "yes"
      },
      "geometry": {
        "type": "Polygon",
        "coordinates": [
          [
            [
              78.2773181,
              17.4485652
            ],
            [
              78.2773433,
              17.4484735
            ],
            [
              78.2774888,
              17.4485099
            ],
            [
              78.2774636,
              17.4486017
            ],
            [
              78.2773181,
              17.4485652
            ]
          ]
        ]
      }
    },
    {
      "type": "Feature",
      "properties": {
        "name": "105",
        "osm_id": 1272074642,
        "type": "yes"
      },
      "geometry": {
        "type": "Polygon",
        "coordinates": [
          [
            [
              78.2773581,
              17.4484442
            ],
            [
              78.2773833,
              17.4483525
            ],
            [
              78.2775288,
              17.4483889
            ],
            [
              78.2775036,
              17.4484807
            ],
            [
              78.2773581,
              17.4484442
            ]
          ]
        ]
      }
    },
    {
      "type": "Feature",
      "properties": {
        "name": "106",
        "osm_id": 1272074646,
        "type": "yes"
      },
      "geometry": {
        "type": "Polygon",
        "coordinates": [
          [
            [
              78.2773842,
              17.4483173
            ],
            [
              78.2774094,
              17.4482256
            ],
            [
              78.2775549,
              17.448262
            ],
            [
              78.2775297,
              17.4483538
            ],
            [
              78.2773842,
              17.4483173
            ]
          ]
        ]
      }
    },
    {
      "type": "Feature",
      "properties": {
        "name": "107",
        "osm_id": 1272074837,
        "type": "yes"
      },
      "geometry": {
        "type": "Polygon",
        "coordinates": [
          [
            [
              78.2774181,
              17.4481946
            ],
            [
              78.2774433,
              17.4481029
            ],
            [
              78.2775888,
              17.4481393
            ],
            [
              78.2775636,
              17.4482311
            ],
            [
              78.2774181,
              17.4481946
            ]
          ]
        ]
      }
    },
    {
      "type": "Feature",
      "properties": {
        "name": "108",
        "osm_id": 1272074863,
        "type": "yes"
      },
      "geometry": {
        "type": "Polygon",
        "coordinates": [
          [
            [
              78.277452,
              17.4480727
            ],
            [
              78.2774772,
              17.447981
            ],
            [
              78.2776227,
              17.4480174
            ],
            [
              78.2775975,
              17.4481092
            ],
            [
              78.277452,
              17.4480727
            ]
          ]
        ]
      }
    },
    {
      "type": "Feature",
      "properties": {
        "name": "109",
        "osm_id": 1272074981,
        "type": "yes"
      },
      "geometry": {
        "type": "Polygon",
        "coordinates": [
          [
            [
              78.2774824,
              17.4479517
            ],
            [
              78.2775076,
              17.44786
            ],
            [
              78.2776531,
              17.4478964
            ],
            [
              78.2776279,
              17.4479882
            ],
            [
              78.2774824,
              17.4479517
            ]
          ]
        ]
      }
    },
    {
      "type": "Feature",
      "properties": {
        "name": "110",
        "osm_id": 1272075043,
        "type": "yes"
      },
      "geometry": {
        "type": "Polygon",
        "coordinates": [
          [
            [
              78.2775154,
              17.4478306
            ],
            [
              78.2775406,
              17.4477389
            ],
            [
              78.2776861,
              17.4477753
            ],
            [
              78.2776609,
              17.4478671
            ],
            [
              78.2775154,
              17.4478306
            ]
          ]
        ]
      }
    },
    {
      "type": "Feature",
      "properties": {
        "name": "235",
        "osm_id": 1272075229,
        "type": "yes"
      },
      "geometry": {
        "type": "Polygon",
        "coordinates": [
          [
            [
              78.2745148,
              17.4486066
            ],
            [
              78.2745372,
              17.4485256
            ],
            [
              78.2746776,
              17.448561
            ],
            [
              78.2746551,
              17.448642
            ],
            [
              78.2745148,
              17.4486066
            ]
          ]
        ]
      }
    },
    {
      "type": "Feature",
      "properties": {
        "name": "232",
        "osm_id": 1272075236,
        "type": "yes"
      },
      "geometry": {
        "type": "Polygon",
        "coordinates": [
          [
            [
              78.2746933,
              17.4486453
            ],
            [
              78.2747213,
              17.4485536
            ],
            [
              78.274867,
              17.448594
            ],
            [
              78.274839,
              17.4486857
            ],
            [
              78.2746933,
              17.4486453
            ]
          ]
        ]
      }
    },
    {
      "type": "Feature",
      "properties": {
        "name": "236",
        "osm_id": 1272075284,
        "type": "yes"
      },
      "geometry": {
        "type": "Polygon",
        "coordinates": [
          [
            [
              78.2745448,
              17.448492
            ],
            [
              78.2745672,
              17.448411
            ],
            [
              78.2747076,
              17.4484464
            ],
            [
              78.2746851,
              17.4485274
            ],
            [
              78.2745448,
              17.448492
            ]
          ]
        ]
      }
    },
    {
      "type": "Feature",
      "properties": {
        "name": "237",
        "osm_id": 1272075422,
        "type": "yes"
      },
      "geometry": {
        "type": "Polygon",
        "coordinates": [
          [
            [
              78.274573,
              17.4483612
            ],
            [
              78.2745954,
              17.4482802
            ],
            [
              78.2747358,
              17.4483156
            ],
            [
              78.2747133,
              17.4483966
            ],
            [
              78.274573,
              17.4483612
            ]
          ]
        ]
      }
    },
    {
      "type": "Feature",
      "properties": {
        "name": "238",
        "osm_id": 1272075478,
        "type": "yes"
      },
      "geometry": {
        "type": "Polygon",
        "coordinates": [
          [
            [
              78.2746143,
              17.448243
            ],
            [
              78.2746367,
              17.448162
            ],
            [
              78.2747771,
              17.4481974
            ],
            [
              78.2747546,
              17.4482784
            ],
            [
              78.2746143,
              17.448243
            ]
          ]
        ]
      }
    },
    {
      "type": "Feature",
      "properties": {
        "name": "239",
        "osm_id": 1272075508,
        "type": "yes"
      },
      "geometry": {
        "type": "Polygon",
        "coordinates": [
          [
            [
              78.2746481,
              17.4481141
            ],
            [
              78.2746705,
              17.4480331
            ],
            [
              78.2748109,
              17.4480685
            ],
            [
              78.2747884,
              17.4481495
            ],
            [
              78.2746481,
              17.4481141
            ]
          ]
        ]
      }
    },
    {
      "type": "Feature",
      "properties": {
        "name": "231",
        "osm_id": 1272075553,
        "type": "yes"
      },
      "geometry": {
        "type": "Polygon",
        "coordinates": [
          [
            [
              78.2747288,
              17.448526
            ],
            [
              78.2747512,
              17.448445
            ],
            [
              78.2748916,
              17.4484804
            ],
            [
              78.2748691,
              17.4485614
            ],
            [
              78.2747288,
              17.448526
            ]
          ]
        ]
      }
    },
    {
      "type": "Feature",
      "properties": {
        "name": "230",
        "osm_id": 1272075666,
        "type": "yes"
      },
      "geometry": {
        "type": "Polygon",
        "coordinates": [
          [
            [
              78.2747495,
              17.4484096
            ],
            [
              78.2747719,
              17.4483286
            ],
            [
              78.2749123,
              17.448364
            ],
            [
              78.2748898,
              17.448445
            ],
            [
              78.2747495,
              17.4484096
            ]
          ]
        ]
      }
    },
    {
      "type": "Feature",
      "properties": {
        "name": "229",
        "osm_id": 1272075720,
        "type": "yes"
      },
      "geometry": {
        "type": "Polygon",
        "coordinates": [
          [
            [
              78.2747927,
              17.448286
            ],
            [
              78.2748151,
              17.448205
            ],
            [
              78.2749555,
              17.4482404
            ],
            [
              78.274933,
              17.4483214
            ],
            [
              78.2747927,
              17.448286
            ]
          ]
        ]
      }
    },
    {
      "type": "Feature",
      "properties": {
        "name": "228",
        "osm_id": 1272075729,
        "type": "yes"
      },
      "geometry": {
        "type": "Polygon",
        "coordinates": [
          [
            [
              78.2748246,
              17.4481642
            ],
            [
              78.274847,
              17.4480832
            ],
            [
              78.2749874,
              17.4481186
            ],
            [
              78.2749649,
              17.4481996
            ],
            [
              78.2748246,
              17.4481642
            ]
          ]
        ]
      }
    },
    {
      "type": "Feature",
      "properties": {
        "name": "227",
        "osm_id": 1272075748,
        "type": "yes"
      },
      "geometry": {
        "type": "Polygon",
        "coordinates": [
          [
            [
              78.2748603,
              17.4480335
            ],
            [
              78.2748827,
              17.4479525
            ],
            [
              78.2750231,
              17.4479879
            ],
            [
              78.2750006,
              17.4480689
            ],
            [
              78.2748603,
              17.4480335
            ]
          ]
        ]
      }
    },
    {
      "type": "Feature",
      "properties": {
        "name": "226",
        "osm_id": 1272075873,
        "type": "yes"
      },
      "geometry": {
        "type": "Polygon",
        "coordinates": [
          [
            [
              78.2752188,
              17.4479135
            ],
            [
              78.2752412,
              17.4478325
            ],
            [
              78.2753816,
              17.4478679
            ],
            [
              78.2753591,
              17.4479489
            ],
            [
              78.2752188,
              17.4479135
            ]
          ]
        ]
      }
    },
    {
      "type": "Feature",
      "properties": {
        "name": "225",
        "osm_id": 1272075907,
        "type": "yes"
      },
      "geometry": {
        "type": "Polygon",
        "coordinates": [
          [
            [
              78.2751644,
              17.4481051
            ],
            [
              78.2751868,
              17.4480241
            ],
            [
              78.2753272,
              17.4480595
            ],
            [
              78.2753047,
              17.4481405
            ],
            [
              78.2751644,
              17.4481051
            ]
          ]
        ]
      }
    },
    {
      "type": "Feature",
      "properties": {
        "name": "224",
        "osm_id": 1272076013,
        "type": "yes"
      },
      "geometry": {
        "type": "Polygon",
        "coordinates": [
          [
            [
              78.2751212,
              17.4482574
            ],
            [
              78.2751436,
              17.4481764
            ],
            [
              78.275284,
              17.4482118
            ],
            [
              78.2752615,
              17.4482928
            ],
            [
              78.2751212,
              17.4482574
            ]
          ]
        ]
      }
    },
    {
      "type": "Feature",
      "properties": {
        "name": "223",
        "osm_id": 1272076018,
        "type": "yes"
      },
      "geometry": {
        "type": "Polygon",
        "coordinates": [
          [
            [
              78.2750724,
              17.4484096
            ],
            [
              78.2750948,
              17.4483286
            ],
            [
              78.2752352,
              17.448364
            ],
            [
              78.2752127,
              17.448445
            ],
            [
              78.2750724,
              17.4484096
            ]
          ]
        ]
      }
    },
    {
      "type": "Feature",
      "properties": {
        "name": "222",
        "osm_id": 1272076027,
        "type": "yes"
      },
      "geometry": {
        "type": "Polygon",
        "coordinates": [
          [
            [
              78.2750386,
              17.4485565
            ],
            [
              78.275061,
              17.4484755
            ],
            [
              78.2752014,
              17.4485109
            ],
            [
              78.2751789,
              17.4485919
            ],
            [
              78.2750386,
              17.4485565
            ]
          ]
        ]
      }
    },
    {
      "type": "Feature",
      "properties": {
        "name": "221",
        "osm_id": 1272076034,
        "type": "yes"
      },
      "geometry": {
        "type": "Polygon",
        "coordinates": [
          [
            [
              78.2749954,
              17.4487105
            ],
            [
              78.2750178,
              17.4486295
            ],
            [
              78.2751582,
              17.4486649
            ],
            [
              78.2751357,
              17.4487459
            ],
            [
              78.2749954,
              17.4487105
            ]
          ]
        ]
      }
    },
    {
      "type": "Feature",
      "properties": {
        "name": "320",
        "osm_id": 1272187675,
        "type": "residential"
      },
      "geometry": {
        "type": "Polygon",
        "coordinates": [
          [
            [
              78.2729303,
              17.4469017
            ],
            [
              78.2729046,
              17.4468465
            ],
            [
              78.2730233,
              17.4467962
            ],
            [
              78.273049,
              17.4468514
            ],
            [
              78.2729303,
              17.4469017
            ]
          ]
        ]
      }
    },
    {
      "type": "Feature",
      "properties": {
        "name": "55",
        "osm_id": 1273068781,
        "type": "residential"
      },
      "geometry": {
        "type": "Polygon",
        "coordinates": [
          [
            [
              78.2727643,
              17.4515995
            ],
            [
              78.2727868,
              17.4515123
            ],
            [
              78.2729461,
              17.4515497
            ],
            [
              78.2729205,
              17.4516489
            ],
            [
              78.2728745,
              17.4516381
            ],
            [
              78.2728776,
              17.4516261
            ],
            [
              78.2727643,
              17.4515995
            ]
          ]
        ]
      }
    },
    {
      "type": "Feature",
      "properties": {
        "name": "56",
        "osm_id": 1273124419,
        "type": "residential"
      },
      "geometry": {
        "type": "Polygon",
        "coordinates": [
          [
            [
              78.2727995,
              17.451469
            ],
            [
              78.272822,
              17.4513818
            ],
            [
              78.2729813,
              17.4514192
            ],
            [
              78.2729557,
              17.4515184
            ],
            [
              78.2729097,
              17.4515076
            ],
            [
              78.2729128,
              17.4514956
            ],
            [
              78.2727995,
              17.451469
            ]
          ]
        ]
      }
    },
    {
      "type": "Feature",
      "properties": {
        "name": "57",
        "osm_id": 1273124420,
        "type": "residential"
      },
      "geometry": {
        "type": "Polygon",
        "coordinates": [
          [
            [
              78.2728313,
              17.4513328
            ],
            [
              78.2728538,
              17.4512456
            ],
            [
              78.2730131,
              17.451283
            ],
            [
              78.2729875,
              17.4513822
            ],
            [
              78.2729415,
              17.4513714
            ],
            [
              78.2729446,
              17.4513594
            ],
            [
              78.2728313,
              17.4513328
            ]
          ]
        ]
      }
    },
    {
      "type": "Feature",
      "properties": {
        "name": "58",
        "osm_id": 1273124421,
        "type": "residential"
      },
      "geometry": {
        "type": "Polygon",
        "coordinates": [
          [
            [
              78.2728703,
              17.4512013
            ],
            [
              78.2728928,
              17.4511141
            ],
            [
              78.2730521,
              17.4511515
            ],
            [
              78.2730265,
              17.4512507
            ],
            [
              78.2729805,
              17.4512399
            ],
            [
              78.2729836,
              17.4512279
            ],
            [
              78.2728703,
              17.4512013
            ]
          ]
        ]
      }
    },
    {
      "type": "Feature",
      "properties": {
        "name": "58A",
        "osm_id": 1273124422,
        "type": "residential"
      },
      "geometry": {
        "type": "Polygon",
        "coordinates": [
          [
            [
              78.2729063,
              17.4510642
            ],
            [
              78.2729288,
              17.450977
            ],
            [
              78.2730881,
              17.4510144
            ],
            [
              78.2730625,
              17.4511136
            ],
            [
              78.2730165,
              17.4511028
            ],
            [
              78.2730196,
              17.4510908
            ],
            [
              78.2729063,
              17.4510642
            ]
          ]
        ]
      }
    },
    {
      "type": "Feature",
      "properties": {
        "name": "59",
        "osm_id": 1273124423,
        "type": "residential"
      },
      "geometry": {
        "type": "Polygon",
        "coordinates": [
          [
            [
              78.2729414,
              17.4509383
            ],
            [
              78.2729639,
              17.4508511
            ],
            [
              78.2731232,
              17.4508885
            ],
            [
              78.2730976,
              17.4509877
            ],
            [
              78.2730516,
              17.4509769
            ],
            [
              78.2730547,
              17.4509649
            ],
            [
              78.2729414,
              17.4509383
            ]
          ]
        ]
      }
    },
    {
      "type": "Feature",
      "properties": {
        "name": "61",
        "osm_id": 1273124424,
        "type": "residential"
      },
      "geometry": {
        "type": "Polygon",
        "coordinates": [
          [
            [
              78.2730226,
              17.4506318
            ],
            [
              78.2730451,
              17.4505445
            ],
            [
              78.2732044,
              17.4505819
            ],
            [
              78.2731788,
              17.4506812
            ],
            [
              78.2731328,
              17.4506704
            ],
            [
              78.2731359,
              17.4506584
            ],
            [
              78.2730226,
              17.4506318
            ]
          ]
        ]
      }
    },
    {
      "type": "Feature",
      "properties": {
        "name": "60",
        "osm_id": 1273124425,
        "type": "residential"
      },
      "geometry": {
        "type": "Polygon",
        "coordinates": [
          [
            [
              78.2729774,
              17.4507913
            ],
            [
              78.2729999,
              17.4507041
            ],
            [
              78.2731592,
              17.4507415
            ],
            [
              78.2731336,
              17.4508407
            ],
            [
              78.2730876,
              17.4508299
            ],
            [
              78.2730907,
              17.4508179
            ],
            [
              78.2729774,
              17.4507913
            ]
          ]
        ]
      }
    },
    {
      "type": "Feature",
      "properties": {
        "name": "69",
        "osm_id": 1273124426,
        "type": "residential"
      },
      "geometry": {
        "type": "Polygon",
        "coordinates": [
          [
            [
              78.2735525,
              17.4506866
            ],
            [
              78.273575,
              17.4505994
            ],
            [
              78.2737343,
              17.4506368
            ],
            [
              78.2737087,
              17.450736
            ],
            [
              78.2736627,
              17.4507252
            ],
            [
              78.2736658,
              17.4507132
            ],
            [
              78.2735525,
              17.4506866
            ]
          ]
        ]
      }
    },
    {
      "type": "Feature",
      "properties": {
        "name": "68",
        "osm_id": 1273124427,
        "type": "residential"
      },
      "geometry": {
        "type": "Polygon",
        "coordinates": [
          [
            [
              78.2735212,
              17.450803
            ],
            [
              78.2735437,
              17.4507158
            ],
            [
              78.273703,
              17.4507532
            ],
            [
              78.2736774,
              17.4508524
            ],
            [
              78.2736314,
              17.4508416
            ],
            [
              78.2736345,
              17.4508296
            ],
            [
              78.2735212,
              17.450803
            ]
          ]
        ]
      }
    },
    {
      "type": "Feature",
      "properties": {
        "name": "67",
        "osm_id": 1273124428,
        "type": "residential"
      },
      "geometry": {
        "type": "Polygon",
        "coordinates": [
          [
            [
              78.2734819,
              17.4509359
            ],
            [
              78.2735044,
              17.4508487
            ],
            [
              78.2736637,
              17.4508861
            ],
            [
              78.2736381,
              17.4509853
            ],
            [
              78.2735921,
              17.4509745
            ],
            [
              78.2735952,
              17.4509625
            ],
            [
              78.2734819,
              17.4509359
            ]
          ]
        ]
      }
    },
    {
      "type": "Feature",
      "properties": {
        "name": "66",
        "osm_id": 1273124429,
        "type": "residential"
      },
      "geometry": {
        "type": "Polygon",
        "coordinates": [
          [
            [
              78.2734526,
              17.4510697
            ],
            [
              78.2734751,
              17.4509825
            ],
            [
              78.2736344,
              17.4510199
            ],
            [
              78.2736088,
              17.4511191
            ],
            [
              78.2735628,
              17.4511083
            ],
            [
              78.2735659,
              17.4510963
            ],
            [
              78.2734526,
              17.4510697
            ]
          ]
        ]
      }
    },
    {
      "type": "Feature",
      "properties": {
        "name": "50",
        "osm_id": 1273124430,
        "type": "residential"
      },
      "geometry": {
        "type": "Polygon",
        "coordinates": [
          [
            [
              78.2733701,
              17.4513107
            ],
            [
              78.2733926,
              17.4512235
            ],
            [
              78.2735519,
              17.4512609
            ],
            [
              78.2735263,
              17.4513601
            ],
            [
              78.2734803,
              17.4513493
            ],
            [
              78.2734834,
              17.4513373
            ],
            [
              78.2733701,
              17.4513107
            ]
          ]
        ]
      }
    },
    {
      "type": "Feature",
      "properties": {
        "name": "49",
        "osm_id": 1273124431,
        "type": "residential"
      },
      "geometry": {
        "type": "Polygon",
        "coordinates": [
          [
            [
              78.2733434,
              17.4514446
            ],
            [
              78.2733659,
              17.4513574
            ],
            [
              78.2735252,
              17.4513948
            ],
            [
              78.2734996,
              17.451494
            ],
            [
              78.2734536,
              17.4514832
            ],
            [
              78.2734567,
              17.4514712
            ],
            [
              78.2733434,
              17.4514446
            ]
          ]
        ]
      }
    },
    {
      "type": "Feature",
      "properties": {
        "name": "48",
        "osm_id": 1273124432,
        "type": "residential"
      },
      "geometry": {
        "type": "Polygon",
        "coordinates": [
          [
            [
              78.2733016,
              17.4515737
            ],
            [
              78.2733241,
              17.4514865
            ],
            [
              78.2734834,
              17.4515239
            ],
            [
              78.2734578,
              17.4516231
            ],
            [
              78.2734118,
              17.4516123
            ],
            [
              78.2734149,
              17.4516003
            ],
            [
              78.2733016,
              17.4515737
            ]
          ]
        ]
      }
    },
    {
      "type": "Feature",
      "properties": {
        "name": "47",
        "osm_id": 1273124433,
        "type": "residential"
      },
      "geometry": {
        "type": "Polygon",
        "coordinates": [
          [
            [
              78.2732732,
              17.4517108
            ],
            [
              78.2732957,
              17.4516236
            ],
            [
              78.273455,
              17.451661
            ],
            [
              78.2734294,
              17.4517602
            ],
            [
              78.2733834,
              17.4517494
            ],
            [
              78.2733865,
              17.4517374
            ],
            [
              78.2732732,
              17.4517108
            ]
          ]
        ]
      }
    },
    {
      "type": "Feature",
      "properties": {
        "name": "39",
        "osm_id": 1273124434,
        "type": "residential"
      },
      "geometry": {
        "type": "Polygon",
        "coordinates": [
          [
            [
              78.2737861,
              17.4518606
            ],
            [
              78.2738086,
              17.4517734
            ],
            [
              78.2739679,
              17.4518108
            ],
            [
              78.2739423,
              17.45191
            ],
            [
              78.2738963,
              17.4518992
            ],
            [
              78.2738994,
              17.4518872
            ],
            [
              78.2737861,
              17.4518606
            ]
          ]
        ]
      }
    },
    {
      "type": "Feature",
      "properties": {
        "name": "40",
        "osm_id": 1273124435,
        "type": "residential"
      },
      "geometry": {
        "type": "Polygon",
        "coordinates": [
          [
            [
              78.2738262,
              17.4517124
            ],
            [
              78.2738487,
              17.4516252
            ],
            [
              78.274008,
              17.4516626
            ],
            [
              78.2739824,
              17.4517618
            ],
            [
              78.2739364,
              17.451751
            ],
            [
              78.2739395,
              17.451739
            ],
            [
              78.2738262,
              17.4517124
            ]
          ]
        ]
      }
    },
    {
      "type": "Feature",
      "properties": {
        "name": "41",
        "osm_id": 1273124436,
        "type": "residential"
      },
      "geometry": {
        "type": "Polygon",
        "coordinates": [
          [
            [
              78.273853,
              17.4515944
            ],
            [
              78.2738755,
              17.4515072
            ],
            [
              78.2740348,
              17.4515446
            ],
            [
              78.2740092,
              17.4516438
            ],
            [
              78.2739632,
              17.451633
            ],
            [
              78.2739663,
              17.451621
            ],
            [
              78.273853,
              17.4515944
            ]
          ]
        ]
      }
    },
    {
      "type": "Feature",
      "properties": {
        "name": "42",
        "osm_id": 1273124437,
        "type": "residential"
      },
      "geometry": {
        "type": "Polygon",
        "coordinates": [
          [
            [
              78.2738814,
              17.4514558
            ],
            [
              78.2739039,
              17.4513686
            ],
            [
              78.2740632,
              17.451406
            ],
            [
              78.2740376,
              17.4515052
            ],
            [
              78.2739916,
              17.4514944
            ],
            [
              78.2739947,
              17.4514824
            ],
            [
              78.2738814,
              17.4514558
            ]
          ]
        ]
      }
    },
    {
      "type": "Feature",
      "properties": {
        "name": "14",
        "osm_id": 1273124438,
        "type": "residential"
      },
      "geometry": {
        "type": "Polygon",
        "coordinates": [
          [
            [
              78.2754352,
              17.4520176
            ],
            [
              78.2754577,
              17.4519304
            ],
            [
              78.275617,
              17.4519678
            ],
            [
              78.2755914,
              17.452067
            ],
            [
              78.2755454,
              17.4520562
            ],
            [
              78.2755485,
              17.4520442
            ],
            [
              78.2754352,
              17.4520176
            ]
          ]
        ]
      }
    },
    {
      "type": "Feature",
      "properties": {
        "name": "13",
        "osm_id": 1273124439,
        "type": "residential"
      },
      "geometry": {
        "type": "Polygon",
        "coordinates": [
          [
            [
              78.2754049,
              17.4521369
            ],
            [
              78.2754274,
              17.4520497
            ],
            [
              78.2755867,
              17.4520871
            ],
            [
              78.2755611,
              17.4521863
            ],
            [
              78.2755151,
              17.4521755
            ],
            [
              78.2755182,
              17.4521635
            ],
            [
              78.2754049,
              17.4521369
            ]
          ]
        ]
      }
    },
    {
      "type": "Feature",
      "properties": {
        "name": "12",
        "osm_id": 1273124440,
        "type": "residential"
      },
      "geometry": {
        "type": "Polygon",
        "coordinates": [
          [
            [
              78.2753802,
              17.452249
            ],
            [
              78.2754027,
              17.4521618
            ],
            [
              78.275562,
              17.4521992
            ],
            [
              78.2755364,
              17.4522984
            ],
            [
              78.2754904,
              17.4522876
            ],
            [
              78.2754935,
              17.4522756
            ],
            [
              78.2753802,
              17.452249
            ]
          ]
        ]
      }
    },
    {
      "type": "Feature",
      "properties": {
        "name": "6",
        "osm_id": 1273124441,
        "type": "yes"
      },
      "geometry": {
        "type": "Polygon",
        "coordinates": [
          [
            [
              78.2758256,
              17.4523756
            ],
            [
              78.2758481,
              17.4522884
            ],
            [
              78.2760074,
              17.4523258
            ],
            [
              78.2759818,
              17.452425
            ],
            [
              78.2759358,
              17.4524142
            ],
            [
              78.2759389,
              17.4524022
            ],
            [
              78.2758256,
              17.4523756
            ]
          ]
        ]
      }
    },
    {
      "type": "Feature",
      "properties": {
        "name": "7",
        "osm_id": 1273124442,
        "type": "yes"
      },
      "geometry": {
        "type": "Polygon",
        "coordinates": [
          [
            [
              78.275854,
              17.4522526
            ],
            [
              78.2758765,
              17.4521654
            ],
            [
              78.2760358,
              17.4522028
            ],
            [
              78.2760102,
              17.452302
            ],
            [
              78.2759642,
              17.4522912
            ],
            [
              78.2759673,
              17.4522792
            ],
            [
              78.275854,
              17.4522526
            ]
          ]
        ]
      }
    },
    {
      "type": "Feature",
      "properties": {
        "name": "8",
        "osm_id": 1273124443,
        "type": "yes"
      },
      "geometry": {
        "type": "Polygon",
        "coordinates": [
          [
            [
              78.2758862,
              17.4521279
            ],
            [
              78.2759087,
              17.4520407
            ],
            [
              78.276068,
              17.4520781
            ],
            [
              78.2760424,
              17.4521773
            ],
            [
              78.2759964,
              17.4521665
            ],
            [
              78.2759995,
              17.4521545
            ],
            [
              78.2758862,
              17.4521279
            ]
          ]
        ]
      }
    },
    {
      "type": "Feature",
      "properties": {
        "name": "54",
        "osm_id": 1273125964,
        "type": "residential"
      },
      "geometry": {
        "type": "Polygon",
        "coordinates": [
          [
            [
              78.2730651,
              17.4516743
            ],
            [
              78.2730924,
              17.4515765
            ],
            [
              78.2732423,
              17.4516145
            ],
            [
              78.2732192,
              17.4516976
            ],
            [
              78.2731291,
              17.4516748
            ],
            [
              78.273125,
              17.4516895
            ],
            [
              78.2730651,
              17.4516743
            ]
          ]
        ]
      }
    },
    {
      "type": "Feature",
      "properties": {
        "name": "53",
        "osm_id": 1273125965,
        "type": "residential"
      },
      "geometry": {
        "type": "Polygon",
        "coordinates": [
          [
            [
              78.2731062,
              17.4515386
            ],
            [
              78.2731335,
              17.4514407
            ],
            [
              78.2732834,
              17.4514787
            ],
            [
              78.2732602,
              17.4515619
            ],
            [
              78.2731701,
              17.451539
            ],
            [
              78.273166,
              17.4515537
            ],
            [
              78.2731062,
              17.4515386
            ]
          ]
        ]
      }
    },
    {
      "type": "Feature",
      "properties": {
        "name": "52",
        "osm_id": 1273125966,
        "type": "residential"
      },
      "geometry": {
        "type": "Polygon",
        "coordinates": [
          [
            [
              78.2731408,
              17.4514099
            ],
            [
              78.273168,
              17.4513121
            ],
            [
              78.273318,
              17.4513501
            ],
            [
              78.2732948,
              17.4514333
            ],
            [
              78.2732047,
              17.4514104
            ],
            [
              78.2732006,
              17.4514251
            ],
            [
              78.2731408,
              17.4514099
            ]
          ]
        ]
      }
    },
    {
      "type": "Feature",
      "properties": {
        "name": "51",
        "osm_id": 1273125967,
        "type": "residential"
      },
      "geometry": {
        "type": "Polygon",
        "coordinates": [
          [
            [
              78.2731792,
              17.4512718
            ],
            [
              78.2732015,
              17.4511942
            ],
            [
              78.2733526,
              17.4512339
            ],
            [
              78.2733302,
              17.4513114
            ],
            [
              78.2731792,
              17.4512718
            ]
          ]
        ]
      }
    },
    {
      "type": "Feature",
      "properties": {
        "name": "43",
        "osm_id": 1273125968,
        "type": "residential"
      },
      "geometry": {
        "type": "Polygon",
        "coordinates": [
          [
            [
              78.2736885,
              17.4514065
            ],
            [
              78.2737109,
              17.4513289
            ],
            [
              78.273862,
              17.4513686
            ],
            [
              78.2738396,
              17.4514462
            ],
            [
              78.2736885,
              17.4514065
            ]
          ]
        ]
      }
    },
    {
      "type": "Feature",
      "properties": {
        "name": "44",
        "osm_id": 1273125969,
        "type": "residential"
      },
      "geometry": {
        "type": "Polygon",
        "coordinates": [
          [
            [
              78.2736473,
              17.4515397
            ],
            [
              78.2736697,
              17.4514622
            ],
            [
              78.2738208,
              17.4515018
            ],
            [
              78.2737984,
              17.4515794
            ],
            [
              78.2736473,
              17.4515397
            ]
          ]
        ]
      }
    },
    {
      "type": "Feature",
      "properties": {
        "name": "45",
        "osm_id": 1273125970,
        "type": "residential"
      },
      "geometry": {
        "type": "Polygon",
        "coordinates": [
          [
            [
              78.2736164,
              17.4516719
            ],
            [
              78.2736388,
              17.4515943
            ],
            [
              78.2737899,
              17.451634
            ],
            [
              78.2737675,
              17.4517115
            ],
            [
              78.2736164,
              17.4516719
            ]
          ]
        ]
      }
    },
    {
      "type": "Feature",
      "properties": {
        "name": "46",
        "osm_id": 1273125971,
        "type": "residential"
      },
      "geometry": {
        "type": "Polygon",
        "coordinates": [
          [
            [
              78.2735798,
              17.4518029
            ],
            [
              78.2736022,
              17.4517253
            ],
            [
              78.2737532,
              17.451765
            ],
            [
              78.2737308,
              17.4518426
            ],
            [
              78.2735798,
              17.4518029
            ]
          ]
        ]
      }
    },
    {
      "type": "Feature",
      "properties": {
        "name": "34",
        "osm_id": 1273125972,
        "type": "residential"
      },
      "geometry": {
        "type": "Polygon",
        "coordinates": [
          [
            [
              78.2744006,
              17.451579
            ],
            [
              78.2744229,
              17.4515015
            ],
            [
              78.274574,
              17.4515411
            ],
            [
              78.2745516,
              17.4516187
            ],
            [
              78.2744006,
              17.451579
            ]
          ]
        ]
      }
    },
    {
      "type": "Feature",
      "properties": {
        "name": "33",
        "osm_id": 1273125973,
        "type": "residential"
      },
      "geometry": {
        "type": "Polygon",
        "coordinates": [
          [
            [
              78.2743571,
              17.4517166
            ],
            [
              78.2743794,
              17.4516391
            ],
            [
              78.2745104,
              17.4516734
            ],
            [
              78.2745305,
              17.4516787
            ],
            [
              78.2745081,
              17.4517563
            ],
            [
              78.2743571,
              17.4517166
            ]
          ]
        ]
      }
    },
    {
      "type": "Feature",
      "properties": {
        "name": "32",
        "osm_id": 1273125974,
        "type": "residential"
      },
      "geometry": {
        "type": "Polygon",
        "coordinates": [
          [
            [
              78.2743204,
              17.4518433
            ],
            [
              78.2743428,
              17.4517657
            ],
            [
              78.2744939,
              17.4518054
            ],
            [
              78.2744715,
              17.451883
            ],
            [
              78.2743204,
              17.4518433
            ]
          ]
        ]
      }
    },
    {
      "type": "Feature",
      "properties": {
        "name": "31",
        "osm_id": 1273125975,
        "type": "residential"
      },
      "geometry": {
        "type": "Polygon",
        "coordinates": [
          [
            [
              78.2742918,
              17.451982
            ],
            [
              78.2743142,
              17.4519044
            ],
            [
              78.2744652,
              17.4519441
            ],
            [
              78.2744429,
              17.4520217
            ],
            [
              78.2742918,
              17.451982
            ]
          ]
        ]
      }
    },
    {
      "type": "Feature",
      "properties": {
        "name": "38",
        "osm_id": 1273125976,
        "type": "residential"
      },
      "geometry": {
        "type": "Polygon",
        "coordinates": [
          [
            [
              78.2740881,
              17.4519383
            ],
            [
              78.2741104,
              17.4518608
            ],
            [
              78.2742615,
              17.4519004
            ],
            [
              78.2742391,
              17.451978
            ],
            [
              78.2740881,
              17.4519383
            ]
          ]
        ]
      }
    },
    {
      "type": "Feature",
      "properties": {
        "name": "37",
        "osm_id": 1273125977,
        "type": "residential"
      },
      "geometry": {
        "type": "Polygon",
        "coordinates": [
          [
            [
              78.274127,
              17.4517931
            ],
            [
              78.2741494,
              17.4517155
            ],
            [
              78.2743004,
              17.4517552
            ],
            [
              78.274278,
              17.4518327
            ],
            [
              78.274127,
              17.4517931
            ]
          ]
        ]
      }
    },
    {
      "type": "Feature",
      "properties": {
        "name": "36",
        "osm_id": 1273125978,
        "type": "residential"
      },
      "geometry": {
        "type": "Polygon",
        "coordinates": [
          [
            [
              78.2741613,
              17.4516653
            ],
            [
              78.2741837,
              17.4515877
            ],
            [
              78.2743347,
              17.4516274
            ],
            [
              78.2743124,
              17.451705
            ],
            [
              78.2741613,
              17.4516653
            ]
          ]
        ]
      }
    },
    {
      "type": "Feature",
      "properties": {
        "name": "35",
        "osm_id": 1273125979,
        "type": "residential"
      },
      "geometry": {
        "type": "Polygon",
        "coordinates": [
          [
            [
              78.2742002,
              17.4515343
            ],
            [
              78.2742226,
              17.4514567
            ],
            [
              78.2743737,
              17.4514964
            ],
            [
              78.2743513,
              17.4515739
            ],
            [
              78.2742002,
              17.4515343
            ]
          ]
        ]
      }
    },
    {
      "type": "Feature",
      "properties": {
        "name": "82",
        "osm_id": 1273125980,
        "type": "residential"
      },
      "geometry": {
        "type": "Polygon",
        "coordinates": [
          [
            [
              78.2744633,
              17.4513262
            ],
            [
              78.2744858,
              17.451239
            ],
            [
              78.2746451,
              17.4512764
            ],
            [
              78.2746195,
              17.4513756
            ],
            [
              78.2745735,
              17.4513648
            ],
            [
              78.2745766,
              17.4513528
            ],
            [
              78.2744633,
              17.4513262
            ]
          ]
        ]
      }
    },
    {
      "type": "Feature",
      "properties": {
        "name": "83",
        "osm_id": 1273125981,
        "type": "residential"
      },
      "geometry": {
        "type": "Polygon",
        "coordinates": [
          [
            [
              78.2745075,
              17.4511843
            ],
            [
              78.27453,
              17.4510971
            ],
            [
              78.2746893,
              17.4511345
            ],
            [
              78.2746637,
              17.4512337
            ],
            [
              78.2746177,
              17.4512229
            ],
            [
              78.2746208,
              17.4512109
            ],
            [
              78.2745075,
              17.4511843
            ]
          ]
        ]
      }
    },
    {
      "type": "Feature",
      "properties": {
        "name": "84",
        "osm_id": 1273125982,
        "type": "residential"
      },
      "geometry": {
        "type": "Polygon",
        "coordinates": [
          [
            [
              78.2745487,
              17.451048
            ],
            [
              78.2745712,
              17.4509608
            ],
            [
              78.2747305,
              17.4509982
            ],
            [
              78.2747049,
              17.4510974
            ],
            [
              78.2746589,
              17.4510866
            ],
            [
              78.274662,
              17.4510746
            ],
            [
              78.2745487,
              17.451048
            ]
          ]
        ]
      }
    },
    {
      "type": "Feature",
      "properties": {
        "name": "85",
        "osm_id": 1273125983,
        "type": "residential"
      },
      "geometry": {
        "type": "Polygon",
        "coordinates": [
          [
            [
              78.2745841,
              17.4509216
            ],
            [
              78.2746066,
              17.4508344
            ],
            [
              78.2747659,
              17.4508718
            ],
            [
              78.2747403,
              17.450971
            ],
            [
              78.2746943,
              17.4509602
            ],
            [
              78.2746974,
              17.4509482
            ],
            [
              78.2745841,
              17.4509216
            ]
          ]
        ]
      }
    },
    {
      "type": "Feature",
      "properties": {
        "name": "81",
        "osm_id": 1273125984,
        "type": "residential"
      },
      "geometry": {
        "type": "Polygon",
        "coordinates": [
          [
            [
              78.2742642,
              17.4512725
            ],
            [
              78.2742866,
              17.451195
            ],
            [
              78.2744377,
              17.4512346
            ],
            [
              78.2744153,
              17.4513122
            ],
            [
              78.2742642,
              17.4512725
            ]
          ]
        ]
      }
    },
    {
      "type": "Feature",
      "properties": {
        "name": "80",
        "osm_id": 1273125985,
        "type": "residential"
      },
      "geometry": {
        "type": "Polygon",
        "coordinates": [
          [
            [
              78.2743114,
              17.4511338
            ],
            [
              78.2743337,
              17.4510562
            ],
            [
              78.2744848,
              17.4510959
            ],
            [
              78.2744624,
              17.4511734
            ],
            [
              78.2743114,
              17.4511338
            ]
          ]
        ]
      }
    },
    {
      "type": "Feature",
      "properties": {
        "name": "79",
        "osm_id": 1273125986,
        "type": "residential"
      },
      "geometry": {
        "type": "Polygon",
        "coordinates": [
          [
            [
              78.2743408,
              17.4509989
            ],
            [
              78.2743632,
              17.4509213
            ],
            [
              78.2745142,
              17.450961
            ],
            [
              78.2744919,
              17.4510386
            ],
            [
              78.2743408,
              17.4509989
            ]
          ]
        ]
      }
    },
    {
      "type": "Feature",
      "properties": {
        "name": "78",
        "osm_id": 1273125987,
        "type": "residential"
      },
      "geometry": {
        "type": "Polygon",
        "coordinates": [
          [
            [
              78.2743835,
              17.4508752
            ],
            [
              78.2744059,
              17.4507977
            ],
            [
              78.274557,
              17.4508373
            ],
            [
              78.2745346,
              17.4509149
            ],
            [
              78.2743835,
              17.4508752
            ]
          ]
        ]
      }
    },
    {
      "type": "Feature",
      "properties": {
        "name": "65",
        "osm_id": 1273125988,
        "type": "residential"
      },
      "geometry": {
        "type": "Polygon",
        "coordinates": [
          [
            [
              78.2732439,
              17.4510341
            ],
            [
              78.2732712,
              17.4509362
            ],
            [
              78.2734211,
              17.4509742
            ],
            [
              78.273398,
              17.4510574
            ],
            [
              78.2733079,
              17.4510345
            ],
            [
              78.2733038,
              17.4510492
            ],
            [
              78.2732439,
              17.4510341
            ]
          ]
        ]
      }
    },
    {
      "type": "Feature",
      "properties": {
        "name": "64",
        "osm_id": 1273125989,
        "type": "residential"
      },
      "geometry": {
        "type": "Polygon",
        "coordinates": [
          [
            [
              78.2732826,
              17.4508987
            ],
            [
              78.2733099,
              17.4508009
            ],
            [
              78.2734598,
              17.4508389
            ],
            [
              78.2734367,
              17.450922
            ],
            [
              78.2733466,
              17.4508992
            ],
            [
              78.2733425,
              17.4509139
            ],
            [
              78.2732826,
              17.4508987
            ]
          ]
        ]
      }
    },
    {
      "type": "Feature",
      "properties": {
        "name": "63",
        "osm_id": 1273125990,
        "type": "residential"
      },
      "geometry": {
        "type": "Polygon",
        "coordinates": [
          [
            [
              78.2733149,
              17.4507654
            ],
            [
              78.2733421,
              17.4506676
            ],
            [
              78.2734921,
              17.4507056
            ],
            [
              78.2734689,
              17.4507887
            ],
            [
              78.2733788,
              17.4507659
            ],
            [
              78.2733747,
              17.4507806
            ],
            [
              78.2733149,
              17.4507654
            ]
          ]
        ]
      }
    },
    {
      "type": "Feature",
      "properties": {
        "name": "62",
        "osm_id": 1273125991,
        "type": "residential"
      },
      "geometry": {
        "type": "Polygon",
        "coordinates": [
          [
            [
              78.27336,
              17.4506424
            ],
            [
              78.2733873,
              17.4505445
            ],
            [
              78.2735372,
              17.4505826
            ],
            [
              78.273514,
              17.4506657
            ],
            [
              78.2734239,
              17.4506428
            ],
            [
              78.2734198,
              17.4506576
            ],
            [
              78.27336,
              17.4506424
            ]
          ]
        ]
      }
    },
    {
      "type": "Feature",
      "properties": {
        "name": "18",
        "osm_id": 1273125992,
        "type": "residential"
      },
      "geometry": {
        "type": "Polygon",
        "coordinates": [
          [
            [
              78.2749483,
              17.4520318
            ],
            [
              78.2749708,
              17.4519446
            ],
            [
              78.2751301,
              17.451982
            ],
            [
              78.2751045,
              17.4520812
            ],
            [
              78.2750585,
              17.4520704
            ],
            [
              78.2750616,
              17.4520584
            ],
            [
              78.2749483,
              17.4520318
            ]
          ]
        ]
      }
    },
    {
      "type": "Feature",
      "properties": {
        "name": "19",
        "osm_id": 1273125993,
        "type": "residential"
      },
      "geometry": {
        "type": "Polygon",
        "coordinates": [
          [
            [
              78.2749768,
              17.4519035
            ],
            [
              78.2749993,
              17.4518163
            ],
            [
              78.2751586,
              17.4518537
            ],
            [
              78.275133,
              17.4519529
            ],
            [
              78.275087,
              17.4519421
            ],
            [
              78.2750901,
              17.4519301
            ],
            [
              78.2749768,
              17.4519035
            ]
          ]
        ]
      }
    },
    {
      "type": "Feature",
      "properties": {
        "name": "16",
        "osm_id": 1273125994,
        "type": "residential"
      },
      "geometry": {
        "type": "Polygon",
        "coordinates": [
          [
            [
              78.2752254,
              17.4521006
            ],
            [
              78.2752478,
              17.452023
            ],
            [
              78.2753988,
              17.4520627
            ],
            [
              78.2753765,
              17.4521402
            ],
            [
              78.2752254,
              17.4521006
            ]
          ]
        ]
      }
    },
    {
      "type": "Feature",
      "properties": {
        "name": "15",
        "osm_id": 1273125995,
        "type": "residential"
      },
      "geometry": {
        "type": "Polygon",
        "coordinates": [
          [
            [
              78.275252,
              17.451974
            ],
            [
              78.2752743,
              17.4518964
            ],
            [
              78.2754254,
              17.4519361
            ],
            [
              78.275403,
              17.4520137
            ],
            [
              78.275252,
              17.451974
            ]
          ]
        ]
      }
    },
    {
      "type": "Feature",
      "properties": {
        "name": "11",
        "osm_id": 1273125996,
        "type": "residential"
      },
      "geometry": {
        "type": "Polygon",
        "coordinates": [
          [
            [
              78.2756367,
              17.4523302
            ],
            [
              78.275659,
              17.4522526
            ],
            [
              78.2758101,
              17.4522923
            ],
            [
              78.2757877,
              17.4523698
            ],
            [
              78.2756367,
              17.4523302
            ]
          ]
        ]
      }
    },
    {
      "type": "Feature",
      "properties": {
        "name": "10",
        "osm_id": 1273125997,
        "type": "residential"
      },
      "geometry": {
        "type": "Polygon",
        "coordinates": [
          [
            [
              78.2756765,
              17.4521982
            ],
            [
              78.2756988,
              17.4521206
            ],
            [
              78.2758499,
              17.4521603
            ],
            [
              78.2758275,
              17.4522378
            ],
            [
              78.2756765,
              17.4521982
            ]
          ]
        ]
      }
    },
    {
      "type": "Feature",
      "properties": {
        "name": "9",
        "osm_id": 1273125998,
        "type": "residential"
      },
      "geometry": {
        "type": "Polygon",
        "coordinates": [
          [
            [
              78.2757068,
              17.4520915
            ],
            [
              78.2757292,
              17.452014
            ],
            [
              78.2758802,
              17.4520536
            ],
            [
              78.2758578,
              17.4521312
            ],
            [
              78.2757068,
              17.4520915
            ]
          ]
        ]
      }
    },
    {
      "type": "Feature",
      "properties": {
        "name": "5",
        "osm_id": 1273125999,
        "type": "yes"
      },
      "geometry": {
        "type": "Polygon",
        "coordinates": [
          [
            [
              78.2760991,
              17.4524477
            ],
            [
              78.2761288,
              17.4523617
            ],
            [
              78.2762769,
              17.4523985
            ],
            [
              78.2762501,
              17.4524873
            ],
            [
              78.2760991,
              17.4524477
            ]
          ]
        ]
      }
    },
    {
      "type": "Feature",
      "properties": {
        "name": "4",
        "osm_id": 1273126000,
        "type": "yes"
      },
      "geometry": {
        "type": "Polygon",
        "coordinates": [
          [
            [
              78.2761321,
              17.4523302
            ],
            [
              78.2761618,
              17.4522442
            ],
            [
              78.2763099,
              17.452281
            ],
            [
              78.2762831,
              17.4523698
            ],
            [
              78.2761321,
              17.4523302
            ]
          ]
        ]
      }
    },
    {
      "type": "Feature",
      "properties": {
        "name": "3",
        "osm_id": 1273126001,
        "type": "yes"
      },
      "geometry": {
        "type": "Polygon",
        "coordinates": [
          [
            [
              78.2761645,
              17.4522093
            ],
            [
              78.2761942,
              17.4521233
            ],
            [
              78.2763423,
              17.4521602
            ],
            [
              78.2763155,
              17.452249
            ],
            [
              78.2761645,
              17.4522093
            ]
          ]
        ]
      }
    },
    {
      "type": "Feature",
      "properties": {
        "name": "2",
        "osm_id": 1273126002,
        "type": "yes"
      },
      "geometry": {
        "type": "Polygon",
        "coordinates": [
          [
            [
              78.2763427,
              17.4522543
            ],
            [
              78.2763725,
              17.4521683
            ],
            [
              78.2765206,
              17.4522051
            ],
            [
              78.2764938,
              17.4522939
            ],
            [
              78.2763427,
              17.4522543
            ]
          ]
        ]
      }
    },
    {
      "type": "Feature",
      "properties": {
        "name": "1",
        "osm_id": 1273126003,
        "type": "residential"
      },
      "geometry": {
        "type": "Polygon",
        "coordinates": [
          [
            [
              78.2763103,
              17.4523667
            ],
            [
              78.2763401,
              17.4522807
            ],
            [
              78.2764882,
              17.4523176
            ],
            [
              78.2764613,
              17.4524064
            ],
            [
              78.2763103,
              17.4523667
            ]
          ]
        ]
      }
    },
    {
      "type": "Feature",
      "properties": {
        "name": "30",
        "osm_id": 1273126004,
        "type": "residential"
      },
      "geometry": {
        "type": "Polygon",
        "coordinates": [
          [
            [
              78.2750512,
              17.4516868
            ],
            [
              78.2750948,
              17.4515467
            ],
            [
              78.2751924,
              17.4515744
            ],
            [
              78.2751488,
              17.4517144
            ],
            [
              78.2750512,
              17.4516868
            ]
          ]
        ]
      }
    },
    {
      "type": "Feature",
      "properties": {
        "name": "29",
        "osm_id": 1273126005,
        "type": "residential"
      },
      "geometry": {
        "type": "Polygon",
        "coordinates": [
          [
            [
              78.2751869,
              17.4517181
            ],
            [
              78.2752305,
              17.451578
            ],
            [
              78.2753281,
              17.4516057
            ],
            [
              78.2752845,
              17.4517458
            ],
            [
              78.2751869,
              17.4517181
            ]
          ]
        ]
      }
    },
    {
      "type": "Feature",
      "properties": {
        "name": "28",
        "osm_id": 1273126006,
        "type": "residential"
      },
      "geometry": {
        "type": "Polygon",
        "coordinates": [
          [
            [
              78.2753314,
              17.4517437
            ],
            [
              78.275375,
              17.4516036
            ],
            [
              78.2754726,
              17.4516313
            ],
            [
              78.275429,
              17.4517714
            ],
            [
              78.2753314,
              17.4517437
            ]
          ]
        ]
      }
    },
    {
      "type": "Feature",
      "properties": {
        "name": "27",
        "osm_id": 1273126007,
        "type": "residential"
      },
      "geometry": {
        "type": "Polygon",
        "coordinates": [
          [
            [
              78.2754746,
              17.4517815
            ],
            [
              78.2755182,
              17.4516414
            ],
            [
              78.2756159,
              17.4516691
            ],
            [
              78.2755722,
              17.4518092
            ],
            [
              78.2754746,
              17.4517815
            ]
          ]
        ]
      }
    },
    {
      "type": "Feature",
      "properties": {
        "name": "26",
        "osm_id": 1273126008,
        "type": "residential"
      },
      "geometry": {
        "type": "Polygon",
        "coordinates": [
          [
            [
              78.2756294,
              17.4518298
            ],
            [
              78.2756731,
              17.4516897
            ],
            [
              78.2757707,
              17.4517174
            ],
            [
              78.2757271,
              17.4518574
            ],
            [
              78.2756294,
              17.4518298
            ]
          ]
        ]
      }
    },
    {
      "type": "Feature",
      "properties": {
        "name": "25",
        "osm_id": 1273126009,
        "type": "residential"
      },
      "geometry": {
        "type": "Polygon",
        "coordinates": [
          [
            [
              78.2757715,
              17.451874
            ],
            [
              78.2758151,
              17.4517339
            ],
            [
              78.2759127,
              17.4517616
            ],
            [
              78.2758691,
              17.4519016
            ],
            [
              78.2757715,
              17.451874
            ]
          ]
        ]
      }
    },
    {
      "type": "Feature",
      "properties": {
        "name": "24",
        "osm_id": 1273126010,
        "type": "residential"
      },
      "geometry": {
        "type": "Polygon",
        "coordinates": [
          [
            [
              78.2759342,
              17.4518943
            ],
            [
              78.2759779,
              17.4517542
            ],
            [
              78.2760755,
              17.4517819
            ],
            [
              78.2760318,
              17.451922
            ],
            [
              78.2759342,
              17.4518943
            ]
          ]
        ]
      }
    },
    {
      "type": "Feature",
      "properties": {
        "name": "23",
        "osm_id": 1273126011,
        "type": "residential"
      },
      "geometry": {
        "type": "Polygon",
        "coordinates": [
          [
            [
              78.2760812,
              17.4519414
            ],
            [
              78.2761248,
              17.4518013
            ],
            [
              78.2762224,
              17.451829
            ],
            [
              78.2761788,
              17.4519691
            ],
            [
              78.2760812,
              17.4519414
            ]
          ]
        ]
      }
    },
    {
      "type": "Feature",
      "properties": {
        "name": "22",
        "osm_id": 1273126012,
        "type": "residential"
      },
      "geometry": {
        "type": "Polygon",
        "coordinates": [
          [
            [
              78.2762354,
              17.4519786
            ],
            [
              78.276279,
              17.4518386
            ],
            [
              78.2763766,
              17.4518662
            ],
            [
              78.276333,
              17.4520063
            ],
            [
              78.2762354,
              17.4519786
            ]
          ]
        ]
      }
    },
    {
      "type": "Feature",
      "properties": {
        "name": "21",
        "osm_id": 1273126013,
        "type": "residential"
      },
      "geometry": {
        "type": "Polygon",
        "coordinates": [
          [
            [
              78.2763799,
              17.4520106
            ],
            [
              78.2764235,
              17.4518705
            ],
            [
              78.2765211,
              17.4518982
            ],
            [
              78.2764775,
              17.4520383
            ],
            [
              78.2763799,
              17.4520106
            ]
          ]
        ]
      }
    },
    {
      "type": "Feature",
      "properties": {
        "name": "240",
        "osm_id": 1273139853,
        "type": "yes"
      },
      "geometry": {
        "type": "Polygon",
        "coordinates": [
          [
            [
              78.2742939,
              17.4482812
            ],
            [
              78.2743163,
              17.4482002
            ],
            [
              78.2744567,
              17.4482356
            ],
            [
              78.2744342,
              17.4483166
            ],
            [
              78.2742939,
              17.4482812
            ]
          ]
        ]
      }
    },
    {
      "type": "Feature",
      "properties": {
        "name": "241",
        "osm_id": 1273139854,
        "type": "yes"
      },
      "geometry": {
        "type": "Polygon",
        "coordinates": [
          [
            [
              78.2742573,
              17.4484056
            ],
            [
              78.2742797,
              17.4483246
            ],
            [
              78.2744201,
              17.44836
            ],
            [
              78.2743976,
              17.448441
            ],
            [
              78.2742573,
              17.4484056
            ]
          ]
        ]
      }
    },
    {
      "type": "Feature",
      "properties": {
        "name": "242",
        "osm_id": 1273139855,
        "type": "yes"
      },
      "geometry": {
        "type": "Polygon",
        "coordinates": [
          [
            [
              78.2742231,
              17.4485304
            ],
            [
              78.2742455,
              17.4484494
            ],
            [
              78.2743859,
              17.4484848
            ],
            [
              78.2743735,
              17.4485295
            ],
            [
              78.2743634,
              17.4485658
            ],
            [
              78.2742231,
              17.4485304
            ]
          ]
        ]
      }
    },
    {
      "type": "Feature",
      "properties": {
        "name": "243",
        "osm_id": 1273139856,
        "type": "yes"
      },
      "geometry": {
        "type": "Polygon",
        "coordinates": [
          [
            [
              78.2741955,
              17.448647
            ],
            [
              78.2742179,
              17.448566
            ],
            [
              78.2743583,
              17.4486014
            ],
            [
              78.2743358,
              17.4486824
            ],
            [
              78.2741955,
              17.448647
            ]
          ]
        ]
      }
    },
    {
      "type": "Feature",
      "properties": {
        "name": "244",
        "osm_id": 1273139857,
        "type": "yes"
      },
      "geometry": {
        "type": "Polygon",
        "coordinates": [
          [
            [
              78.2741641,
              17.448776
            ],
            [
              78.2741865,
              17.448695
            ],
            [
              78.2743269,
              17.4487304
            ],
            [
              78.2743044,
              17.4488114
            ],
            [
              78.2741641,
              17.448776
            ]
          ]
        ]
      }
    },
    {
      "type": "Feature",
      "properties": {
        "name": "245",
        "osm_id": 1273139858,
        "type": "yes"
      },
      "geometry": {
        "type": "Polygon",
        "coordinates": [
          [
            [
              78.2741299,
              17.4488952
            ],
            [
              78.2741523,
              17.4488142
            ],
            [
              78.2742927,
              17.4488496
            ],
            [
              78.2742702,
              17.4489306
            ],
            [
              78.2741299,
              17.4488952
            ]
          ]
        ]
      }
    },
    {
      "type": "Feature",
      "properties": {
        "name": "246",
        "osm_id": 1273139859,
        "type": "yes"
      },
      "geometry": {
        "type": "Polygon",
        "coordinates": [
          [
            [
              78.2740974,
              17.4490079
            ],
            [
              78.2741198,
              17.4489269
            ],
            [
              78.2742602,
              17.4489623
            ],
            [
              78.2742377,
              17.4490433
            ],
            [
              78.2740974,
              17.4490079
            ]
          ]
        ]
      }
    },
    {
      "type": "Feature",
      "properties": {
        "name": "247",
        "osm_id": 1273139860,
        "type": "yes"
      },
      "geometry": {
        "type": "Polygon",
        "coordinates": [
          [
            [
              78.2740525,
              17.4491168
            ],
            [
              78.2740749,
              17.4490358
            ],
            [
              78.2742153,
              17.4490712
            ],
            [
              78.2741928,
              17.4491522
            ],
            [
              78.2740525,
              17.4491168
            ]
          ]
        ]
      }
    },
    {
      "type": "Feature",
      "properties": {
        "name": "248",
        "osm_id": 1273139861,
        "type": "yes"
      },
      "geometry": {
        "type": "Polygon",
        "coordinates": [
          [
            [
              78.2740141,
              17.4492241
            ],
            [
              78.2740365,
              17.4491431
            ],
            [
              78.2741769,
              17.4491785
            ],
            [
              78.2741544,
              17.4492595
            ],
            [
              78.2740141,
              17.4492241
            ]
          ]
        ]
      }
    },
    {
      "type": "Feature",
      "properties": {
        "name": "251",
        "osm_id": 1273139862,
        "type": "yes"
      },
      "geometry": {
        "type": "Polygon",
        "coordinates": [
          [
            [
              78.273844,
              17.44919
            ],
            [
              78.2738664,
              17.449109
            ],
            [
              78.2740068,
              17.4491444
            ],
            [
              78.2739843,
              17.4492254
            ],
            [
              78.273844,
              17.44919
            ]
          ]
        ]
      }
    },
    {
      "type": "Feature",
      "properties": {
        "name": "252",
        "osm_id": 1273139863,
        "type": "yes"
      },
      "geometry": {
        "type": "Polygon",
        "coordinates": [
          [
            [
              78.2738769,
              17.449067
            ],
            [
              78.2738993,
              17.448986
            ],
            [
              78.2740397,
              17.4490214
            ],
            [
              78.2740172,
              17.4491024
            ],
            [
              78.2738769,
              17.449067
            ]
          ]
        ]
      }
    },
    {
      "type": "Feature",
      "properties": {
        "name": "253",
        "osm_id": 1273139864,
        "type": "yes"
      },
      "geometry": {
        "type": "Polygon",
        "coordinates": [
          [
            [
              78.2739071,
              17.4489466
            ],
            [
              78.2739295,
              17.4488656
            ],
            [
              78.2740699,
              17.448901
            ],
            [
              78.2740474,
              17.448982
            ],
            [
              78.2739071,
              17.4489466
            ]
          ]
        ]
      }
    },
    {
      "type": "Feature",
      "properties": {
        "name": "254",
        "osm_id": 1273139865,
        "type": "yes"
      },
      "geometry": {
        "type": "Polygon",
        "coordinates": [
          [
            [
              78.2739455,
              17.4488289
            ],
            [
              78.2739679,
              17.4487479
            ],
            [
              78.2741083,
              17.4487833
            ],
            [
              78.2740858,
              17.4488643
            ],
            [
              78.2739455,
              17.4488289
            ]
          ]
        ]
      }
    },
    {
      "type": "Feature",
      "properties": {
        "name": "255",
        "osm_id": 1273139866,
        "type": "yes"
      },
      "geometry": {
        "type": "Polygon",
        "coordinates": [
          [
            [
              78.2739674,
              17.448719
            ],
            [
              78.2739898,
              17.448638
            ],
            [
              78.2741302,
              17.4486734
            ],
            [
              78.2741077,
              17.4487544
            ],
            [
              78.2739674,
              17.448719
            ]
          ]
        ]
      }
    },
    {
      "type": "Feature",
      "properties": {
        "name": "256",
        "osm_id": 1273139867,
        "type": "yes"
      },
      "geometry": {
        "type": "Polygon",
        "coordinates": [
          [
            [
              78.2740086,
              17.4485802
            ],
            [
              78.274031,
              17.4484992
            ],
            [
              78.2741714,
              17.4485346
            ],
            [
              78.2741489,
              17.4486156
            ],
            [
              78.2740086,
              17.4485802
            ]
          ]
        ]
      }
    },
    {
      "type": "Feature",
      "properties": {
        "name": "257",
        "osm_id": 1273139868,
        "type": "yes"
      },
      "geometry": {
        "type": "Polygon",
        "coordinates": [
          [
            [
              78.274047,
              17.4484468
            ],
            [
              78.2740694,
              17.4483658
            ],
            [
              78.2742098,
              17.4484012
            ],
            [
              78.2741873,
              17.4484822
            ],
            [
              78.274047,
              17.4484468
            ]
          ]
        ]
      }
    },
    {
      "type": "Feature",
      "properties": {
        "name": "258",
        "osm_id": 1273139869,
        "type": "yes"
      },
      "geometry": {
        "type": "Polygon",
        "coordinates": [
          [
            [
              78.2737205,
              17.4485305
            ],
            [
              78.2737429,
              17.4484495
            ],
            [
              78.2738833,
              17.4484849
            ],
            [
              78.2738608,
              17.4485659
            ],
            [
              78.2737205,
              17.4485305
            ]
          ]
        ]
      }
    },
    {
      "type": "Feature",
      "properties": {
        "name": "259",
        "osm_id": 1273139870,
        "type": "yes"
      },
      "geometry": {
        "type": "Polygon",
        "coordinates": [
          [
            [
              78.2736766,
              17.4486378
            ],
            [
              78.273699,
              17.4485568
            ],
            [
              78.2738394,
              17.4485922
            ],
            [
              78.2738169,
              17.4486732
            ],
            [
              78.2736766,
              17.4486378
            ]
          ]
        ]
      }
    },
    {
      "type": "Feature",
      "properties": {
        "name": "260",
        "osm_id": 1273139871,
        "type": "yes"
      },
      "geometry": {
        "type": "Polygon",
        "coordinates": [
          [
            [
              78.2736437,
              17.4487608
            ],
            [
              78.2736661,
              17.4486798
            ],
            [
              78.2738065,
              17.4487152
            ],
            [
              78.273784,
              17.4487962
            ],
            [
              78.2736437,
              17.4487608
            ]
          ]
        ]
      }
    },
    {
      "type": "Feature",
      "properties": {
        "name": "261",
        "osm_id": 1273139872,
        "type": "yes"
      },
      "geometry": {
        "type": "Polygon",
        "coordinates": [
          [
            [
              78.273608,
              17.448876
            ],
            [
              78.2736304,
              17.448795
            ],
            [
              78.2737708,
              17.4488304
            ],
            [
              78.2737483,
              17.4489114
            ],
            [
              78.273608,
              17.448876
            ]
          ]
        ]
      }
    },
    {
      "type": "Feature",
      "properties": {
        "name": "262",
        "osm_id": 1273139873,
        "type": "yes"
      },
      "geometry": {
        "type": "Polygon",
        "coordinates": [
          [
            [
              78.2735724,
              17.448999
            ],
            [
              78.2735948,
              17.448918
            ],
            [
              78.2737352,
              17.4489534
            ],
            [
              78.2737127,
              17.4490344
            ],
            [
              78.2735724,
              17.448999
            ]
          ]
        ]
      }
    },
    {
      "type": "Feature",
      "properties": {
        "name": "263",
        "osm_id": 1273139874,
        "type": "yes"
      },
      "geometry": {
        "type": "Polygon",
        "coordinates": [
          [
            [
              78.2735504,
              17.4491115
            ],
            [
              78.2735728,
              17.4490305
            ],
            [
              78.2737132,
              17.4490659
            ],
            [
              78.2736907,
              17.4491469
            ],
            [
              78.2735504,
              17.4491115
            ]
          ]
        ]
      }
    },
    {
      "type": "Feature",
      "properties": {
        "name": "183",
        "osm_id": 1276729039,
        "type": "yes"
      },
      "geometry": {
        "type": "Polygon",
        "coordinates": [
          [
            [
              78.2766494,
              17.4477922
            ],
            [
              78.2766755,
              17.4476933
            ],
            [
              78.2765328,
              17.447659
            ],
            [
              78.2765067,
              17.4477579
            ],
            [
              78.2766494,
              17.4477922
            ]
          ]
        ]
      }
    },
    {
      "type": "Feature",
      "properties": {
        "name": "182",
        "osm_id": 1276729040,
        "type": "yes"
      },
      "geometry": {
        "type": "Polygon",
        "coordinates": [
          [
            [
              78.2766095,
              17.4479451
            ],
            [
              78.2766356,
              17.4478462
            ],
            [
              78.2764928,
              17.4478119
            ],
            [
              78.2764667,
              17.4479108
            ],
            [
              78.2766095,
              17.4479451
            ]
          ]
        ]
      }
    },
    {
      "type": "Feature",
      "properties": {
        "name": "181",
        "osm_id": 1276729041,
        "type": "yes"
      },
      "geometry": {
        "type": "Polygon",
        "coordinates": [
          [
            [
              78.2765732,
              17.4480934
            ],
            [
              78.2765993,
              17.4479945
            ],
            [
              78.2764565,
              17.4479602
            ],
            [
              78.2764304,
              17.4480591
            ],
            [
              78.2765732,
              17.4480934
            ]
          ]
        ]
      }
    },
    {
      "type": "Feature",
      "properties": {
        "name": "185",
        "osm_id": 1276729042,
        "type": "yes"
      },
      "geometry": {
        "type": "Polygon",
        "coordinates": [
          [
            [
              78.2764217,
              17.4478924
            ],
            [
              78.2764478,
              17.4477935
            ],
            [
              78.2763051,
              17.4477592
            ],
            [
              78.276279,
              17.4478581
            ],
            [
              78.2764217,
              17.4478924
            ]
          ]
        ]
      }
    },
    {
      "type": "Feature",
      "properties": {
        "name": "184",
        "osm_id": 1276729043,
        "type": "yes"
      },
      "geometry": {
        "type": "Polygon",
        "coordinates": [
          [
            [
              78.2764651,
              17.4477434
            ],
            [
              78.2764912,
              17.4476445
            ],
            [
              78.2763485,
              17.4476102
            ],
            [
              78.2763224,
              17.4477091
            ],
            [
              78.2764651,
              17.4477434
            ]
          ]
        ]
      }
    },
    {
      "type": "Feature",
      "properties": {
        "name": "186",
        "osm_id": 1276729044,
        "type": "yes"
      },
      "geometry": {
        "type": "Polygon",
        "coordinates": [
          [
            [
              78.2763831,
              17.4480429
            ],
            [
              78.2764092,
              17.447944
            ],
            [
              78.2762664,
              17.4479098
            ],
            [
              78.2762403,
              17.4480087
            ],
            [
              78.2763831,
              17.4480429
            ]
          ]
        ]
      }
    },
    {
      "type": "Feature",
      "properties": {
        "name": "187",
        "osm_id": 1276729045,
        "type": "yes"
      },
      "geometry": {
        "type": "Polygon",
        "coordinates": [
          [
            [
              78.2763436,
              17.4481927
            ],
            [
              78.2763697,
              17.4480938
            ],
            [
              78.2762269,
              17.4480595
            ],
            [
              78.2762009,
              17.4481585
            ],
            [
              78.2763436,
              17.4481927
            ]
          ]
        ]
      }
    },
    {
      "type": "Feature",
      "properties": {
        "name": "188",
        "osm_id": 1276729046,
        "type": "yes"
      },
      "geometry": {
        "type": "Polygon",
        "coordinates": [
          [
            [
              78.2763018,
              17.4483403
            ],
            [
              78.2763279,
              17.4482414
            ],
            [
              78.2761851,
              17.4482071
            ],
            [
              78.276159,
              17.448306
            ],
            [
              78.2763018,
              17.4483403
            ]
          ]
        ]
      }
    },
    {
      "type": "Feature",
      "properties": {
        "name": "179",
        "osm_id": 1276729047,
        "type": "yes"
      },
      "geometry": {
        "type": "Polygon",
        "coordinates": [
          [
            [
              78.276488,
              17.448396
            ],
            [
              78.2765141,
              17.4482971
            ],
            [
              78.2763713,
              17.4482628
            ],
            [
              78.2763452,
              17.4483617
            ],
            [
              78.276488,
              17.448396
            ]
          ]
        ]
      }
    },
    {
      "type": "Feature",
      "properties": {
        "name": "180",
        "osm_id": 1276729048,
        "type": "yes"
      },
      "geometry": {
        "type": "Polygon",
        "coordinates": [
          [
            [
              78.2765314,
              17.4482409
            ],
            [
              78.2765575,
              17.448142
            ],
            [
              78.2764147,
              17.4481077
            ],
            [
              78.2763886,
              17.4482066
            ],
            [
              78.2765314,
              17.4482409
            ]
          ]
        ]
      }
    },
    {
      "type": "Feature",
      "properties": {
        "name": "178",
        "osm_id": 1276729049,
        "type": "yes"
      },
      "geometry": {
        "type": "Polygon",
        "coordinates": [
          [
            [
              78.2764549,
              17.4485442
            ],
            [
              78.276481,
              17.4484453
            ],
            [
              78.2763382,
              17.448411
            ],
            [
              78.2763121,
              17.44851
            ],
            [
              78.2764549,
              17.4485442
            ]
          ]
        ]
      }
    },
    {
      "type": "Feature",
      "properties": {
        "name": "189",
        "osm_id": 1276729050,
        "type": "yes"
      },
      "geometry": {
        "type": "Polygon",
        "coordinates": [
          [
            [
              78.2762663,
              17.4484961
            ],
            [
              78.2762924,
              17.4483972
            ],
            [
              78.2761496,
              17.4483629
            ],
            [
              78.2761235,
              17.4484618
            ],
            [
              78.2762663,
              17.4484961
            ]
          ]
        ]
      }
    },
    {
      "type": "Feature",
      "properties": {
        "name": "190",
        "osm_id": 1276729051,
        "type": "yes"
      },
      "geometry": {
        "type": "Polygon",
        "coordinates": [
          [
            [
              78.2762205,
              17.4486428
            ],
            [
              78.2762466,
              17.4485439
            ],
            [
              78.2761039,
              17.4485096
            ],
            [
              78.2760778,
              17.4486086
            ],
            [
              78.2762205,
              17.4486428
            ]
          ]
        ]
      }
    },
    {
      "type": "Feature",
      "properties": {
        "name": "177",
        "osm_id": 1276729052,
        "type": "yes"
      },
      "geometry": {
        "type": "Polygon",
        "coordinates": [
          [
            [
              78.276406,
              17.448691
            ],
            [
              78.2764321,
              17.4485921
            ],
            [
              78.2762893,
              17.4485578
            ],
            [
              78.2762632,
              17.4486567
            ],
            [
              78.276406,
              17.448691
            ]
          ]
        ]
      }
    },
    {
      "type": "Feature",
      "properties": {
        "name": "191",
        "osm_id": 1276729053,
        "type": "yes"
      },
      "geometry": {
        "type": "Polygon",
        "coordinates": [
          [
            [
              78.2761931,
              17.4487677
            ],
            [
              78.276228,
              17.4486671
            ],
            [
              78.2760693,
              17.4486277
            ],
            [
              78.2760468,
              17.4487334
            ],
            [
              78.2761931,
              17.4487677
            ]
          ]
        ]
      }
    },
    {
      "type": "Feature",
      "properties": {
        "name": "175",
        "osm_id": 1276729054,
        "type": "yes"
      },
      "geometry": {
        "type": "Polygon",
        "coordinates": [
          [
            [
              78.2763083,
              17.4490822
            ],
            [
              78.2763344,
              17.4489833
            ],
            [
              78.2761916,
              17.448949
            ],
            [
              78.2761655,
              17.449048
            ],
            [
              78.2763083,
              17.4490822
            ]
          ]
        ]
      }
    },
    {
      "type": "Feature",
      "properties": {
        "name": "192",
        "osm_id": 1276729055,
        "type": "yes"
      },
      "geometry": {
        "type": "Polygon",
        "coordinates": [
          [
            [
              78.2761175,
              17.4490387
            ],
            [
              78.2761436,
              17.4489398
            ],
            [
              78.2760008,
              17.4489055
            ],
            [
              78.2759747,
              17.4490044
            ],
            [
              78.2761175,
              17.4490387
            ]
          ]
        ]
      }
    },
    {
      "type": "Feature",
      "properties": {
        "name": "193",
        "osm_id": 1276729056,
        "type": "yes"
      },
      "geometry": {
        "type": "Polygon",
        "coordinates": [
          [
            [
              78.2760748,
              17.4491878
            ],
            [
              78.2761009,
              17.4490889
            ],
            [
              78.2759581,
              17.4490546
            ],
            [
              78.275932,
              17.4491535
            ],
            [
              78.2760748,
              17.4491878
            ]
          ]
        ]
      }
    },
    {
      "type": "Feature",
      "properties": {
        "name": "174",
        "osm_id": 1276729057,
        "type": "yes"
      },
      "geometry": {
        "type": "Polygon",
        "coordinates": [
          [
            [
              78.2762565,
              17.4492294
            ],
            [
              78.2762826,
              17.4491305
            ],
            [
              78.2761399,
              17.4490963
            ],
            [
              78.2761138,
              17.4491952
            ],
            [
              78.2762565,
              17.4492294
            ]
          ]
        ]
      }
    },
    {
      "type": "Feature",
      "properties": {
        "name": "173",
        "osm_id": 1276729058,
        "type": "yes"
      },
      "geometry": {
        "type": "Polygon",
        "coordinates": [
          [
            [
              78.2762159,
              17.4493834
            ],
            [
              78.276242,
              17.4492845
            ],
            [
              78.2760993,
              17.4492502
            ],
            [
              78.2760732,
              17.4493492
            ],
            [
              78.2762159,
              17.4493834
            ]
          ]
        ]
      }
    },
    {
      "type": "Feature",
      "properties": {
        "name": "194",
        "osm_id": 1276729059,
        "type": "yes"
      },
      "geometry": {
        "type": "Polygon",
        "coordinates": [
          [
            [
              78.2760261,
              17.4493369
            ],
            [
              78.2760522,
              17.449238
            ],
            [
              78.2759094,
              17.4492038
            ],
            [
              78.2758833,
              17.4493027
            ],
            [
              78.2760261,
              17.4493369
            ]
          ]
        ]
      }
    },
    {
      "type": "Feature",
      "properties": {
        "name": "195",
        "osm_id": 1276729060,
        "type": "yes"
      },
      "geometry": {
        "type": "Polygon",
        "coordinates": [
          [
            [
              78.2759865,
              17.4494851
            ],
            [
              78.2760126,
              17.4493862
            ],
            [
              78.2758698,
              17.4493519
            ],
            [
              78.2758437,
              17.4494508
            ],
            [
              78.2759865,
              17.4494851
            ]
          ]
        ]
      }
    },
    {
      "type": "Feature",
      "properties": {
        "name": "172",
        "osm_id": 1276729061,
        "type": "yes"
      },
      "geometry": {
        "type": "Polygon",
        "coordinates": [
          [
            [
              78.2761753,
              17.4495277
            ],
            [
              78.2762014,
              17.4494288
            ],
            [
              78.2760586,
              17.4493945
            ],
            [
              78.2760325,
              17.4494935
            ],
            [
              78.2761753,
              17.4495277
            ]
          ]
        ]
      }
    },
    {
      "type": "Feature",
      "properties": {
        "name": "196",
        "osm_id": 1276729062,
        "type": "yes"
      },
      "geometry": {
        "type": "Polygon",
        "coordinates": [
          [
            [
              78.2759479,
              17.4496313
            ],
            [
              78.275974,
              17.4495324
            ],
            [
              78.2758312,
              17.4494982
            ],
            [
              78.2758052,
              17.4495971
            ],
            [
              78.2759479,
              17.4496313
            ]
          ]
        ]
      }
    },
    {
      "type": "Feature",
      "properties": {
        "name": "171",
        "osm_id": 1276729063,
        "type": "yes"
      },
      "geometry": {
        "type": "Polygon",
        "coordinates": [
          [
            [
              78.2761418,
              17.4496827
            ],
            [
              78.2761679,
              17.4495838
            ],
            [
              78.2760251,
              17.4495495
            ],
            [
              78.275999,
              17.4496484
            ],
            [
              78.2761418,
              17.4496827
            ]
          ]
        ]
      }
    },
    {
      "type": "Feature",
      "properties": {
        "name": "170",
        "osm_id": 1276729064,
        "type": "yes"
      },
      "geometry": {
        "type": "Polygon",
        "coordinates": [
          [
            [
              78.2760982,
              17.4498347
            ],
            [
              78.2761243,
              17.4497358
            ],
            [
              78.2759815,
              17.4497015
            ],
            [
              78.2759554,
              17.4498005
            ],
            [
              78.2760982,
              17.4498347
            ]
          ]
        ]
      }
    },
    {
      "type": "Feature",
      "properties": {
        "name": "197",
        "osm_id": 1276729065,
        "type": "yes"
      },
      "geometry": {
        "type": "Polygon",
        "coordinates": [
          [
            [
              78.2759063,
              17.4497873
            ],
            [
              78.2759324,
              17.4496884
            ],
            [
              78.2757896,
              17.4496541
            ],
            [
              78.2757635,
              17.449753
            ],
            [
              78.2759063,
              17.4497873
            ]
          ]
        ]
      }
    },
    {
      "type": "Feature",
      "properties": {
        "name": "198",
        "osm_id": 1276729066,
        "type": "yes"
      },
      "geometry": {
        "type": "Polygon",
        "coordinates": [
          [
            [
              78.2758708,
              17.4499374
            ],
            [
              78.2758969,
              17.4498385
            ],
            [
              78.2757541,
              17.4498042
            ],
            [
              78.275728,
              17.4499031
            ],
            [
              78.2758708,
              17.4499374
            ]
          ]
        ]
      }
    },
    {
      "type": "Feature",
      "properties": {
        "name": "169",
        "osm_id": 1276729067,
        "type": "yes"
      },
      "geometry": {
        "type": "Polygon",
        "coordinates": [
          [
            [
              78.2760596,
              17.4499819
            ],
            [
              78.2760857,
              17.449883
            ],
            [
              78.2759429,
              17.4498487
            ],
            [
              78.2759168,
              17.4499477
            ],
            [
              78.2760596,
              17.4499819
            ]
          ]
        ]
      }
    },
    {
      "type": "Feature",
      "properties": {
        "name": "199",
        "osm_id": 1276729068,
        "type": "yes"
      },
      "geometry": {
        "type": "Polygon",
        "coordinates": [
          [
            [
              78.2758679,
              17.4487295
            ],
            [
              78.275894,
              17.4486306
            ],
            [
              78.2757512,
              17.4485963
            ],
            [
              78.2757251,
              17.4486953
            ],
            [
              78.2758679,
              17.4487295
            ]
          ]
        ]
      }
    },
    {
      "type": "Feature",
      "properties": {
        "name": "200",
        "osm_id": 1276729069,
        "type": "yes"
      },
      "geometry": {
        "type": "Polygon",
        "coordinates": [
          [
            [
              78.2759058,
              17.4485937
            ],
            [
              78.2759318,
              17.4484948
            ],
            [
              78.2757891,
              17.4484605
            ],
            [
              78.275763,
              17.4485594
            ],
            [
              78.2759058,
              17.4485937
            ]
          ]
        ]
      }
    },
    {
      "type": "Feature",
      "properties": {
        "name": "214",
        "osm_id": 1276729070,
        "type": "yes"
      },
      "geometry": {
        "type": "Polygon",
        "coordinates": [
          [
            [
              78.2756928,
              17.4486834
            ],
            [
              78.2757189,
              17.4485845
            ],
            [
              78.2755762,
              17.4485502
            ],
            [
              78.2755501,
              17.4486491
            ],
            [
              78.2756928,
              17.4486834
            ]
          ]
        ]
      }
    },
    {
      "type": "Feature",
      "properties": {
        "name": "213",
        "osm_id": 1276729071,
        "type": "yes"
      },
      "geometry": {
        "type": "Polygon",
        "coordinates": [
          [
            [
              78.2757242,
              17.4485513
            ],
            [
              78.2757503,
              17.4484524
            ],
            [
              78.2756075,
              17.4484181
            ],
            [
              78.2755814,
              17.4485171
            ],
            [
              78.2757242,
              17.4485513
            ]
          ]
        ]
      }
    },
    {
      "type": "Feature",
      "properties": {
        "name": "212",
        "osm_id": 1276729072,
        "type": "yes"
      },
      "geometry": {
        "type": "Polygon",
        "coordinates": [
          [
            [
              78.275766,
              17.4484292
            ],
            [
              78.2757921,
              17.4483303
            ],
            [
              78.2756493,
              17.448296
            ],
            [
              78.2756232,
              17.4483949
            ],
            [
              78.275766,
              17.4484292
            ]
          ]
        ]
      }
    },
    {
      "type": "Feature",
      "properties": {
        "name": "211",
        "osm_id": 1276729073,
        "type": "yes"
      },
      "geometry": {
        "type": "Polygon",
        "coordinates": [
          [
            [
              78.2758026,
              17.4483058
            ],
            [
              78.2758287,
              17.4482069
            ],
            [
              78.2756859,
              17.4481727
            ],
            [
              78.2756598,
              17.4482716
            ],
            [
              78.2758026,
              17.4483058
            ]
          ]
        ]
      }
    },
    {
      "type": "Feature",
      "properties": {
        "name": "202",
        "osm_id": 1276729074,
        "type": "yes"
      },
      "geometry": {
        "type": "Polygon",
        "coordinates": [
          [
            [
              78.2759802,
              17.4483532
            ],
            [
              78.2760063,
              17.4482543
            ],
            [
              78.2758635,
              17.44822
            ],
            [
              78.2758374,
              17.4483189
            ],
            [
              78.2759802,
              17.4483532
            ]
          ]
        ]
      }
    },
    {
      "type": "Feature",
      "properties": {
        "name": "201",
        "osm_id": 1276729075,
        "type": "yes"
      },
      "geometry": {
        "type": "Polygon",
        "coordinates": [
          [
            [
              78.2759345,
              17.4484803
            ],
            [
              78.2759606,
              17.4483814
            ],
            [
              78.2758178,
              17.4483471
            ],
            [
              78.2757917,
              17.448446
            ],
            [
              78.2759345,
              17.4484803
            ]
          ]
        ]
      }
    },
    {
      "type": "Feature",
      "properties": {
        "name": "203",
        "osm_id": 1276729076,
        "type": "yes"
      },
      "geometry": {
        "type": "Polygon",
        "coordinates": [
          [
            [
              78.2760129,
              17.4482323
            ],
            [
              78.2760389,
              17.4481334
            ],
            [
              78.2758962,
              17.4480991
            ],
            [
              78.2758701,
              17.4481981
            ],
            [
              78.2760129,
              17.4482323
            ]
          ]
        ]
      }
    },
    {
      "type": "Feature",
      "properties": {
        "name": "210",
        "osm_id": 1276729077,
        "type": "yes"
      },
      "geometry": {
        "type": "Polygon",
        "coordinates": [
          [
            [
              78.27583,
              17.4481875
            ],
            [
              78.2758561,
              17.4480886
            ],
            [
              78.2757133,
              17.4480543
            ],
            [
              78.2756872,
              17.4481532
            ],
            [
              78.27583,
              17.4481875
            ]
          ]
        ]
      }
    },
    {
      "type": "Feature",
      "properties": {
        "name": "209",
        "osm_id": 1276729078,
        "type": "yes"
      },
      "geometry": {
        "type": "Polygon",
        "coordinates": [
          [
            [
              78.275864,
              17.4480666
            ],
            [
              78.27589,
              17.4479677
            ],
            [
              78.2757473,
              17.4479334
            ],
            [
              78.2757212,
              17.4480323
            ],
            [
              78.275864,
              17.4480666
            ]
          ]
        ]
      }
    },
    {
      "type": "Feature",
      "properties": {
        "name": "204",
        "osm_id": 1276729079,
        "type": "yes"
      },
      "geometry": {
        "type": "Polygon",
        "coordinates": [
          [
            [
              78.2760377,
              17.4481127
            ],
            [
              78.2760638,
              17.4480138
            ],
            [
              78.275921,
              17.4479795
            ],
            [
              78.2758949,
              17.4480784
            ],
            [
              78.2760377,
              17.4481127
            ]
          ]
        ]
      }
    },
    {
      "type": "Feature",
      "properties": {
        "name": "205",
        "osm_id": 1276729080,
        "type": "yes"
      },
      "geometry": {
        "type": "Polygon",
        "coordinates": [
          [
            [
              78.2760769,
              17.4479856
            ],
            [
              78.276103,
              17.4478867
            ],
            [
              78.2759602,
              17.4478524
            ],
            [
              78.2759341,
              17.4479513
            ],
            [
              78.2760769,
              17.4479856
            ]
          ]
        ]
      }
    },
    {
      "type": "Feature",
      "properties": {
        "name": "208",
        "osm_id": 1276729081,
        "type": "yes"
      },
      "geometry": {
        "type": "Polygon",
        "coordinates": [
          [
            [
              78.2758966,
              17.4479445
            ],
            [
              78.2759227,
              17.4478456
            ],
            [
              78.2757799,
              17.4478113
            ],
            [
              78.2757538,
              17.4479102
            ],
            [
              78.2758966,
              17.4479445
            ]
          ]
        ]
      }
    },
    {
      "type": "Feature",
      "properties": {
        "name": "207",
        "osm_id": 1276729082,
        "type": "yes"
      },
      "geometry": {
        "type": "Polygon",
        "coordinates": [
          [
            [
              78.2759319,
              17.4478136
            ],
            [
              78.275958,
              17.4477147
            ],
            [
              78.2758152,
              17.4476805
            ],
            [
              78.2757891,
              17.4477794
            ],
            [
              78.2759319,
              17.4478136
            ]
          ]
        ]
      }
    },
    {
      "type": "Feature",
      "properties": {
        "name": "206",
        "osm_id": 1276729083,
        "type": "yes"
      },
      "geometry": {
        "type": "Polygon",
        "coordinates": [
          [
            [
              78.2761108,
              17.4478573
            ],
            [
              78.2761369,
              17.4477584
            ],
            [
              78.2759941,
              17.4477241
            ],
            [
              78.275968,
              17.447823
            ],
            [
              78.2761108,
              17.4478573
            ]
          ]
        ]
      }
    },
    {
      "type": "Feature",
      "properties": {
        "name": "215",
        "osm_id": 1276729084,
        "type": "yes"
      },
      "geometry": {
        "type": "Polygon",
        "coordinates": [
          [
            [
              78.2756041,
              17.4478311
            ],
            [
              78.2756497,
              17.4476514
            ],
            [
              78.2755122,
              17.4476197
            ],
            [
              78.2754666,
              17.4477994
            ],
            [
              78.2756041,
              17.4478311
            ]
          ]
        ]
      }
    },
    {
      "type": "Feature",
      "properties": {
        "name": "216",
        "osm_id": 1276729085,
        "type": "yes"
      },
      "geometry": {
        "type": "Polygon",
        "coordinates": [
          [
            [
              78.2755407,
              17.4480696
            ],
            [
              78.2755863,
              17.4478899
            ],
            [
              78.2754488,
              17.4478581
            ],
            [
              78.2754032,
              17.4480378
            ],
            [
              78.2755407,
              17.4480696
            ]
          ]
        ]
      }
    },
    {
      "type": "Feature",
      "properties": {
        "name": "217",
        "osm_id": 1276729086,
        "type": "yes"
      },
      "geometry": {
        "type": "Polygon",
        "coordinates": [
          [
            [
              78.2754819,
              17.4483151
            ],
            [
              78.2755275,
              17.4481354
            ],
            [
              78.27539,
              17.4481036
            ],
            [
              78.2753444,
              17.4482833
            ],
            [
              78.2754819,
              17.4483151
            ]
          ]
        ]
      }
    },
    {
      "type": "Feature",
      "properties": {
        "name": "218",
        "osm_id": 1276729087,
        "type": "yes"
      },
      "geometry": {
        "type": "Polygon",
        "coordinates": [
          [
            [
              78.2754127,
              17.4485556
            ],
            [
              78.2754583,
              17.4483759
            ],
            [
              78.2753208,
              17.4483441
            ],
            [
              78.2752751,
              17.4485238
            ],
            [
              78.2754127,
              17.4485556
            ]
          ]
        ]
      }
    },
    {
      "type": "Feature",
      "properties": {
        "name": "219",
        "osm_id": 1276729088,
        "type": "yes"
      },
      "geometry": {
        "type": "Polygon",
        "coordinates": [
          [
            [
              78.2753461,
              17.4487961
            ],
            [
              78.2753917,
              17.4486164
            ],
            [
              78.2752541,
              17.4485846
            ],
            [
              78.2752085,
              17.4487643
            ],
            [
              78.2753461,
              17.4487961
            ]
          ]
        ]
      }
    },
    {
      "type": "Feature",
      "properties": {
        "name": "233",
        "osm_id": 1276729090,
        "type": "yes"
      },
      "geometry": {
        "type": "Polygon",
        "coordinates": [
          [
            [
              78.2747698,
              17.4489201
            ],
            [
              78.2748155,
              17.4487404
            ],
            [
              78.2746779,
              17.4487086
            ],
            [
              78.2746323,
              17.4488883
            ],
            [
              78.2747698,
              17.4489201
            ]
          ]
        ]
      }
    },
    {
      "type": "Feature",
      "properties": {
        "name": "234",
        "osm_id": 1276729091,
        "type": "yes"
      },
      "geometry": {
        "type": "Polygon",
        "coordinates": [
          [
            [
              78.2746002,
              17.4488764
            ],
            [
              78.2746458,
              17.4486967
            ],
            [
              78.2745083,
              17.4486649
            ],
            [
              78.2744626,
              17.4488446
            ],
            [
              78.2746002,
              17.4488764
            ]
          ]
        ]
      }
    },
    {
      "type": "Feature",
      "properties": {
        "name": "264",
        "osm_id": 1276729092,
        "type": "yes"
      },
      "geometry": {
        "type": "Polygon",
        "coordinates": [
          [
            [
              78.2736598,
              17.4492977
            ],
            [
              78.2736836,
              17.4492071
            ],
            [
              78.2735432,
              17.4491735
            ],
            [
              78.2735194,
              17.4492641
            ],
            [
              78.2736598,
              17.4492977
            ]
          ]
        ]
      }
    },
    {
      "type": "Feature",
      "properties": {
        "name": "249",
        "osm_id": 1276729093,
        "type": "yes"
      },
      "geometry": {
        "type": "Polygon",
        "coordinates": [
          [
            [
              78.274099,
              17.4495172
            ],
            [
              78.2741446,
              17.4493375
            ],
            [
              78.2740071,
              17.4493057
            ],
            [
              78.2739615,
              17.4494854
            ],
            [
              78.274099,
              17.4495172
            ]
          ]
        ]
      }
    },
    {
      "type": "Feature",
      "properties": {
        "name": "250",
        "osm_id": 1276729094,
        "type": "yes"
      },
      "geometry": {
        "type": "Polygon",
        "coordinates": [
          [
            [
              78.273932,
              17.4494694
            ],
            [
              78.2739777,
              17.4492897
            ],
            [
              78.2738401,
              17.4492579
            ],
            [
              78.2737945,
              17.4494376
            ],
            [
              78.273932,
              17.4494694
            ]
          ]
        ]
      }
    },
    {
      "type": "Feature",
      "properties": {
        "name": "Subcentre CHAITHANYA NAGAR",
        "osm_id": 1287464667,
        "type": "yes"
      },
      "geometry": {
        "type": "Polygon",
        "coordinates": [
          [
            [
              78.2673309,
              17.529786
            ],
            [
              78.2673992,
              17.5297914
            ],
            [
              78.2674055,
              17.5297179
            ],
            [
              78.2673372,
              17.5297126
            ],
            [
              78.2673309,
              17.529786
            ]
          ]
        ]
      }
    },
    {
      "type": "Feature",
      "properties": {
        "name": "Stanza Living Memphis House",
        "osm_id": 1310442326,
        "type": "yes"
      },
      "geometry": {
        "type": "Polygon",
        "coordinates": [
          [
            [
              78.3243313,
              17.4261634
            ],
            [
              78.3242651,
              17.4258904
            ],
            [
              78.3245083,
              17.4258358
            ],
            [
              78.3245745,
              17.4261088
            ],
            [
              78.3243313,
              17.4261634
            ]
          ]
        ]
      }
    },
    {
      "type": "Feature",
      "properties": {
        "name": "Shiv mandir",
        "osm_id": 1310455567,
        "type": "yes"
      },
      "geometry": {
        "type": "Polygon",
        "coordinates": [
          [
            [
              78.3222194,
              17.4276562
            ],
            [
              78.3221939,
              17.427557
            ],
            [
              78.3223976,
              17.4275093
            ],
            [
              78.3224231,
              17.4276086
            ],
            [
              78.3222194,
              17.4276562
            ]
          ]
        ]
      }
    },
    {
      "type": "Feature",
      "properties": {
        "name": "Makerspace by TSRA",
        "osm_id": 1310455726,
        "type": "school"
      },
      "geometry": {
        "type": "Polygon",
        "coordinates": [
          [
            [
              78.3230266,
              17.428198
            ],
            [
              78.3231958,
              17.4283589
            ],
            [
              78.3234009,
              17.4281627
            ],
            [
              78.3232317,
              17.4280017
            ],
            [
              78.3230266,
              17.428198
            ]
          ]
        ]
      }
    },
    {
      "type": "Feature",
      "properties": {
        "name": "Aparna Cyberscape",
        "osm_id": 1314290166,
        "type": "yes"
      },
      "geometry": {
        "type": "Polygon",
        "coordinates": [
          [
            [
              78.31194,
              17.4780512
            ],
            [
              78.3119396,
              17.4781599
            ],
            [
              78.3120284,
              17.4781602
            ],
            [
              78.3120283,
              17.4781831
            ],
            [
              78.3119386,
              17.4781827
            ],
            [
              78.3119382,
              17.4782757
            ],
            [
              78.3120159,
              17.478276
            ],
            [
              78.3120158,
              17.4783006
            ],
            [
              78.3119393,
              17.4783002
            ],
            [
              78.3119387,
              17.4783952
            ],
            [
              78.3120259,
              17.4783957
            ],
            [
              78.3120258,
              17.4784151
            ],
            [
              78.3119405,
              17.4784146
            ],
            [
              78.3119398,
              17.4785322
            ],
            [
              78.3121727,
              17.4785337
            ],
            [
              78.312173,
              17.4784864
            ],
            [
              78.3121836,
              17.4784865
            ],
            [
              78.3121838,
              17.4784548
            ],
            [
              78.3121753,
              17.4784529
            ],
            [
              78.312175,
              17.4784176
            ],
            [
              78.3120995,
              17.4784182
            ],
            [
              78.3120993,
              17.4783958
            ],
            [
              78.3121792,
              17.4783952
            ],
            [
              78.3121789,
              17.4783676
            ],
            [
              78.3121879,
              17.4783675
            ],
            [
              78.3121877,
              17.4783305
            ],
            [
              78.3121794,
              17.4783305
            ],
            [
              78.3121793,
              17.478299
            ],
            [
              78.3121109,
              17.4782992
            ],
            [
              78.3121108,
              17.4782728
            ],
            [
              78.3121737,
              17.4782726
            ],
            [
              78.3121736,
              17.4782495
            ],
            [
              78.3121835,
              17.4782495
            ],
            [
              78.3121835,
              17.4782147
            ],
            [
              78.3121738,
              17.478212
            ],
            [
              78.3121738,
              17.478187
            ],
            [
              78.3120891,
              17.478187
            ],
            [
              78.3120891,
              17.4781598
            ],
            [
              78.3121754,
              17.4781599
            ],
            [
              78.3121755,
              17.4781324
            ],
            [
              78.3121856,
              17.4781324
            ],
            [
              78.3121857,
              17.4780831
            ],
            [
              78.3121756,
              17.478083
            ],
            [
              78.3121757,
              17.478052
            ],
            [
              78.31194,
              17.4780512
            ]
          ]
        ]
      }
    },
    {
      "type": "Feature",
      "properties": {
        "name": "Shubham Arcade Spurthy Towers",
        "osm_id": 1322068340,
        "type": "apartments"
      },
      "geometry": {
        "type": "Polygon",
        "coordinates": [
          [
            [
              78.3214499,
              17.5012562
            ],
            [
              78.3214463,
              17.5009782
            ],
            [
              78.3215683,
              17.5009421
            ],
            [
              78.3216504,
              17.5009257
            ],
            [
              78.32165,
              17.5010605
            ],
            [
              78.3216528,
              17.5012504
            ],
            [
              78.3214499,
              17.5012562
            ]
          ]
        ]
      }
    },
    {
      "type": "Feature",
      "properties": {
        "name": "Shubham Arcade Spurthy Towers",
        "osm_id": 1322068341,
        "type": "apartments"
      },
      "geometry": {
        "type": "Polygon",
        "coordinates": [
          [
            [
              78.3217121,
              17.5012599
            ],
            [
              78.3217057,
              17.500912
            ],
            [
              78.3218023,
              17.5008585
            ],
            [
              78.321897,
              17.5008273
            ],
            [
              78.3219122,
              17.5010642
            ],
            [
              78.321915,
              17.5012541
            ],
            [
              78.3217121,
              17.5012599
            ]
          ]
        ]
      }
    },
    {
      "type": "Feature",
      "properties": {
        "name": "73",
        "osm_id": 1322907775,
        "type": "residential"
      },
      "geometry": {
        "type": "Polygon",
        "coordinates": [
          [
            [
              78.2737613,
              17.4511483
            ],
            [
              78.2739026,
              17.4511817
            ],
            [
              78.2739306,
              17.4510738
            ],
            [
              78.2737893,
              17.4510405
            ],
            [
              78.2737613,
              17.4511483
            ]
          ]
        ]
      }
    },
    {
      "type": "Feature",
      "properties": {
        "name": "74",
        "osm_id": 1322907776,
        "type": "residential"
      },
      "geometry": {
        "type": "Polygon",
        "coordinates": [
          [
            [
              78.2739662,
              17.4511958
            ],
            [
              78.2741041,
              17.4512284
            ],
            [
              78.2741283,
              17.4511351
            ],
            [
              78.2739904,
              17.4511025
            ],
            [
              78.2739662,
              17.4511958
            ]
          ]
        ]
      }
    },
    {
      "type": "Feature",
      "properties": {
        "name": "72",
        "osm_id": 1322907777,
        "type": "residential"
      },
      "geometry": {
        "type": "Polygon",
        "coordinates": [
          [
            [
              78.2738,
              17.4510213
            ],
            [
              78.2739566,
              17.4510569
            ],
            [
              78.2739835,
              17.4509491
            ],
            [
              78.2738269,
              17.4509135
            ],
            [
              78.2738,
              17.4510213
            ]
          ]
        ]
      }
    },
    {
      "type": "Feature",
      "properties": {
        "name": "75",
        "osm_id": 1322907778,
        "type": "residential"
      },
      "geometry": {
        "type": "Polygon",
        "coordinates": [
          [
            [
              78.2739894,
              17.4510642
            ],
            [
              78.2741363,
              17.4511014
            ],
            [
              78.2741639,
              17.4510021
            ],
            [
              78.274017,
              17.450965
            ],
            [
              78.2739894,
              17.4510642
            ]
          ]
        ]
      }
    },
    {
      "type": "Feature",
      "properties": {
        "name": "71",
        "osm_id": 1322907779,
        "type": "residential"
      },
      "geometry": {
        "type": "Polygon",
        "coordinates": [
          [
            [
              78.2738372,
              17.4508782
            ],
            [
              78.2739899,
              17.4509204
            ],
            [
              78.274018,
              17.4508278
            ],
            [
              78.2738654,
              17.4507855
            ],
            [
              78.2738372,
              17.4508782
            ]
          ]
        ]
      }
    },
    {
      "type": "Feature",
      "properties": {
        "name": "70",
        "osm_id": 1322907780,
        "type": "residential"
      },
      "geometry": {
        "type": "Polygon",
        "coordinates": [
          [
            [
              78.2738767,
              17.4507491
            ],
            [
              78.2740275,
              17.4507872
            ],
            [
              78.2740505,
              17.4507041
            ],
            [
              78.2738998,
              17.450666
            ],
            [
              78.2738767,
              17.4507491
            ]
          ]
        ]
      }
    },
    {
      "type": "Feature",
      "properties": {
        "name": "76",
        "osm_id": 1322907781,
        "type": "residential"
      },
      "geometry": {
        "type": "Polygon",
        "coordinates": [
          [
            [
              78.2740242,
              17.4509272
            ],
            [
              78.2741592,
              17.4509649
            ],
            [
              78.2741862,
              17.4508767
            ],
            [
              78.2740512,
              17.4508391
            ],
            [
              78.2740242,
              17.4509272
            ]
          ]
        ]
      }
    },
    {
      "type": "Feature",
      "properties": {
        "name": "77",
        "osm_id": 1322907782,
        "type": "residential"
      },
      "geometry": {
        "type": "Polygon",
        "coordinates": [
          [
            [
              78.2740596,
              17.4507956
            ],
            [
              78.2741871,
              17.4508287
            ],
            [
              78.2742118,
              17.4507421
            ],
            [
              78.2740843,
              17.4507089
            ],
            [
              78.2740596,
              17.4507956
            ]
          ]
        ]
      }
    },
    {
      "type": "Feature",
      "properties": {
        "name": "20",
        "osm_id": 1322908753,
        "type": "residential"
      },
      "geometry": {
        "type": "Polygon",
        "coordinates": [
          [
            [
              78.2765207,
              17.4520524
            ],
            [
              78.2766347,
              17.452078
            ],
            [
              78.2766736,
              17.451904
            ],
            [
              78.276573,
              17.4518874
            ],
            [
              78.2765207,
              17.4520524
            ]
          ]
        ]
      }
    },
    {
      "type": "Feature",
      "properties": {
        "name": "1A",
        "osm_id": 1322908754,
        "type": "yes"
      },
      "geometry": {
        "type": "Polygon",
        "coordinates": [
          [
            [
              78.2762723,
              17.452488
            ],
            [
              78.2764185,
              17.4525226
            ],
            [
              78.2764413,
              17.4524292
            ],
            [
              78.2762991,
              17.4523934
            ],
            [
              78.2762723,
              17.452488
            ]
          ]
        ]
      }
    },
    {
      "type": "Feature",
      "properties": {
        "name": "Bloomfield Ecstacy",
        "osm_id": 1322913337,
        "type": "residential"
      },
      "geometry": {
        "type": "Polygon",
        "coordinates": [
          [
            [
              78.2938032,
              17.4572309
            ],
            [
              78.2952643,
              17.457212
            ],
            [
              78.2957665,
              17.4562889
            ],
            [
              78.29666,
              17.4563418
            ],
            [
              78.2968141,
              17.4562008
            ],
            [
              78.2964806,
              17.4558233
            ],
            [
              78.2961388,
              17.4554365
            ],
            [
              78.2957974,
              17.45505
            ],
            [
              78.2942741,
              17.4533411
            ],
            [
              78.2939523,
              17.4536445
            ],
            [
              78.2938933,
              17.4537226
            ],
            [
              78.2938163,
              17.4562694
            ],
            [
              78.2938032,
              17.4572309
            ]
          ]
        ]
      }
    },
    {
      "type": "Feature",
      "properties": {
        "name": "Mayfair Villas",
        "osm_id": 1322945310,
        "type": "residential"
      },
      "geometry": {
        "type": "Polygon",
        "coordinates": [
          [
            [
              78.2905846,
              17.453675
            ],
            [
              78.2905722,
              17.4543687
            ],
            [
              78.2919032,
              17.4540924
            ],
            [
              78.2922791,
              17.4554444
            ],
            [
              78.2927043,
              17.4553562
            ],
            [
              78.2929754,
              17.4563379
            ],
            [
              78.2938163,
              17.4562694
            ],
            [
              78.2938933,
              17.4537226
            ],
            [
              78.2939523,
              17.4536445
            ],
            [
              78.2942741,
              17.4533411
            ],
            [
              78.2936068,
              17.4522331
            ],
            [
              78.2920404,
              17.4525248
            ],
            [
              78.2919331,
              17.4522791
            ],
            [
              78.2910318,
              17.4524276
            ],
            [
              78.2911016,
              17.4527397
            ],
            [
              78.2905598,
              17.4528574
            ],
            [
              78.2905846,
              17.453675
            ]
          ]
        ]
      }
    },
    {
      "type": "Feature",
      "properties": {
        "name": "86",
        "osm_id": 1322962530,
        "type": "residential"
      },
      "geometry": {
        "type": "Polygon",
        "coordinates": [
          [
            [
              78.2756228,
              17.4502439
            ],
            [
              78.2758114,
              17.4502961
            ],
            [
              78.2758522,
              17.4501621
            ],
            [
              78.2756635,
              17.4501099
            ],
            [
              78.2756228,
              17.4502439
            ]
          ]
        ]
      }
    },
    {
      "type": "Feature",
      "properties": {
        "name": "87",
        "osm_id": 1322962531,
        "type": "residential"
      },
      "geometry": {
        "type": "Polygon",
        "coordinates": [
          [
            [
              78.2758724,
              17.4503108
            ],
            [
              78.2760603,
              17.4503636
            ],
            [
              78.2761025,
              17.4502269
            ],
            [
              78.2759146,
              17.4501741
            ],
            [
              78.2758724,
              17.4503108
            ]
          ]
        ]
      }
    },
    {
      "type": "Feature",
      "properties": {
        "name": "88",
        "osm_id": 1322962532,
        "type": "residential"
      },
      "geometry": {
        "type": "Polygon",
        "coordinates": [
          [
            [
              78.2761244,
              17.4503723
            ],
            [
              78.2763153,
              17.4504279
            ],
            [
              78.2763596,
              17.450289
            ],
            [
              78.2761688,
              17.4502335
            ],
            [
              78.2761244,
              17.4503723
            ]
          ]
        ]
      }
    },
    {
      "type": "Feature",
      "properties": {
        "name": "89",
        "osm_id": 1322962533,
        "type": "residential"
      },
      "geometry": {
        "type": "Polygon",
        "coordinates": [
          [
            [
              78.2763823,
              17.4504413
            ],
            [
              78.2765759,
              17.4504959
            ],
            [
              78.276621,
              17.4503504
            ],
            [
              78.2764275,
              17.4502958
            ],
            [
              78.2763823,
              17.4504413
            ]
          ]
        ]
      }
    },
    {
      "type": "Feature",
      "properties": {
        "name": "90",
        "osm_id": 1322962534,
        "type": "residential"
      },
      "geometry": {
        "type": "Polygon",
        "coordinates": [
          [
            [
              78.276639,
              17.4505174
            ],
            [
              78.2768284,
              17.450568
            ],
            [
              78.2768708,
              17.4504236
            ],
            [
              78.2766814,
              17.450373
            ],
            [
              78.276639,
              17.4505174
            ]
          ]
        ]
      }
    },
    {
      "type": "Feature",
      "properties": {
        "name": "17",
        "osm_id": 1322966002,
        "type": "residential"
      },
      "geometry": {
        "type": "Polygon",
        "coordinates": [
          [
            [
              78.2751973,
              17.452215
            ],
            [
              78.2753444,
              17.4522484
            ],
            [
              78.2753712,
              17.4521548
            ],
            [
              78.2752195,
              17.4521225
            ],
            [
              78.2751973,
              17.452215
            ]
          ]
        ]
      }
    },
    {
      "type": "Feature",
      "properties": {
        "name": "Nivee Gardens",
        "osm_id": 1323094512,
        "type": "residential"
      },
      "geometry": {
        "type": "Polygon",
        "coordinates": [
          [
            [
              78.2848944,
              17.4567386
            ],
            [
              78.2839181,
              17.4569101
            ],
            [
              78.2841032,
              17.4578568
            ],
            [
              78.2834353,
              17.458128
            ],
            [
              78.2836204,
              17.4588751
            ],
            [
              78.2840334,
              17.4588393
            ],
            [
              78.2840281,
              17.4604282
            ],
            [
              78.2843906,
              17.4604246
            ],
            [
              78.2845431,
              17.4604231
            ],
            [
              78.285168,
              17.4603591
            ],
            [
              78.2858198,
              17.460308
            ],
            [
              78.2856728,
              17.4594373
            ],
            [
              78.2856491,
              17.4593464
            ],
            [
              78.2854175,
              17.4585118
            ],
            [
              78.285168,
              17.4578849
            ],
            [
              78.2849427,
              17.457102
            ],
            [
              78.2849186,
              17.4570159
            ],
            [
              78.2849109,
              17.4569564
            ],
            [
              78.2848944,
              17.4567386
            ]
          ]
        ]
      }
    },
    {
      "type": "Feature",
      "properties": {
        "name": "Divino Villas",
        "osm_id": 1323094868,
        "type": "residential"
      },
      "geometry": {
        "type": "Polygon",
        "coordinates": [
          [
            [
              78.2812856,
              17.4690766
            ],
            [
              78.281529,
              17.4689271
            ],
            [
              78.2820032,
              17.4687552
            ],
            [
              78.2822301,
              17.468702
            ],
            [
              78.2821829,
              17.4682281
            ],
            [
              78.2820179,
              17.4682307
            ],
            [
              78.2819281,
              17.4680746
            ],
            [
              78.2815278,
              17.4680837
            ],
            [
              78.2814775,
              17.4680848
            ],
            [
              78.2814346,
              17.4680087
            ],
            [
              78.2810977,
              17.4680406
            ],
            [
              78.2807546,
              17.4680606
            ],
            [
              78.2805434,
              17.4680593
            ],
            [
              78.2805414,
              17.4683305
            ],
            [
              78.2805709,
              17.4687987
            ],
            [
              78.2803644,
              17.4688089
            ],
            [
              78.280348,
              17.4687859
            ],
            [
              78.2800723,
              17.468814
            ],
            [
              78.2801423,
              17.4693693
            ],
            [
              78.2801801,
              17.4696689
            ],
            [
              78.2801981,
              17.4698118
            ],
            [
              78.280477,
              17.469799
            ],
            [
              78.2808096,
              17.4695867
            ],
            [
              78.2812146,
              17.469208
            ],
            [
              78.2812125,
              17.4691185
            ],
            [
              78.2812856,
              17.4690766
            ]
          ]
        ]
      }
    },
    {
      "type": "Feature",
      "properties": {
        "name": "Milk Booth",
        "osm_id": 1342602793,
        "type": "retail"
      },
      "geometry": {
        "type": "Polygon",
        "coordinates": [
          [
            [
              78.3086794,
              17.4980687
            ],
            [
              78.3087246,
              17.498066
            ],
            [
              78.3087208,
              17.497998
            ],
            [
              78.3086774,
              17.4980026
            ],
            [
              78.3086794,
              17.4980687
            ]
          ]
        ]
      }
    },
    {
      "type": "Feature",
      "properties": {
        "name": "Rajapushpa Lifestyle City",
        "osm_id": 1351161218,
        "type": "residential"
      },
      "geometry": {
        "type": "Polygon",
        "coordinates": [
          [
            [
              78.2687462,
              17.4569965
            ],
            [
              78.2701692,
              17.4572137
            ],
            [
              78.2706793,
              17.4573126
            ],
            [
              78.2708111,
              17.4577206
            ],
            [
              78.2714439,
              17.4577189
            ],
            [
              78.271255,
              17.4584058
            ],
            [
              78.2715179,
              17.4584436
            ],
            [
              78.2717809,
              17.4574703
            ],
            [
              78.272116,
              17.4563608
            ],
            [
              78.2722131,
              17.4559786
            ],
            [
              78.2723337,
              17.4555037
            ],
            [
              78.2727682,
              17.4550176
            ],
            [
              78.2728679,
              17.4547124
            ],
            [
              78.2732789,
              17.4544273
            ],
            [
              78.2734843,
              17.4539907
            ],
            [
              78.2736898,
              17.4536699
            ],
            [
              78.2741101,
              17.4537323
            ],
            [
              78.2746145,
              17.453866
            ],
            [
              78.2749507,
              17.4538749
            ],
            [
              78.2752496,
              17.4537145
            ],
            [
              78.275782,
              17.4537412
            ],
            [
              78.2763984,
              17.4537501
            ],
            [
              78.2767253,
              17.4533492
            ],
            [
              78.2768934,
              17.4529393
            ],
            [
              78.2773511,
              17.4530017
            ],
            [
              78.2773137,
              17.4528235
            ],
            [
              78.2774912,
              17.4528235
            ],
            [
              78.278117,
              17.4526007
            ],
            [
              78.2785466,
              17.4525116
            ],
            [
              78.2787573,
              17.4520887
            ],
            [
              78.2786357,
              17.4507176
            ],
            [
              78.2789078,
              17.4494034
            ],
            [
              78.2791911,
              17.4478249
            ],
            [
              78.2785539,
              17.4479154
            ],
            [
              78.2784827,
              17.4478339
            ],
            [
              78.2784156,
              17.4477505
            ],
            [
              78.2783547,
              17.447671
            ],
            [
              78.2781026,
              17.4471804
            ],
            [
              78.2779359,
              17.4474034
            ],
            [
              78.2778018,
              17.4475139
            ],
            [
              78.2776371,
              17.447543
            ],
            [
              78.27671,
              17.447438
            ],
            [
              78.275895,
              17.4473691
            ],
            [
              78.274891,
              17.4478237
            ],
            [
              78.2740115,
              17.4482099
            ],
            [
              78.2737091,
              17.4484237
            ],
            [
              78.2734764,
              17.4492891
            ],
            [
              78.2734383,
              17.4493974
            ],
            [
              78.2729794,
              17.4492869
            ],
            [
              78.2729794,
              17.4491586
            ],
            [
              78.2728626,
              17.4491822
            ],
            [
              78.2726892,
              17.4488108
            ],
            [
              78.2687536,
              17.4505395
            ],
            [
              78.2686226,
              17.4507016
            ],
            [
              78.2686757,
              17.4509852
            ],
            [
              78.2699898,
              17.4513396
            ],
            [
              78.2693166,
              17.4537409
            ],
            [
              78.2685104,
              17.4537387
            ],
            [
              78.268545,
              17.454239
            ],
            [
              78.2683356,
              17.4545532
            ],
            [
              78.2684271,
              17.4549604
            ],
            [
              78.2687625,
              17.4554607
            ],
            [
              78.2687462,
              17.4569965
            ]
          ]
        ]
      }
    },
    {
      "type": "Feature",
      "properties": {
        "name": "choutakuri ram reddy",
        "osm_id": 1394593305,
        "type": "commercial"
      },
      "geometry": {
        "type": "Polygon",
        "coordinates": [
          [
            [
              78.3162624,
              17.5085628
            ],
            [
              78.3165579,
              17.5085287
            ],
            [
              78.3164199,
              17.5090379
            ],
            [
              78.3161449,
              17.5089656
            ],
            [
              78.3162624,
              17.5085628
            ]
          ]
        ]
      }
    },
    {
      "type": "Feature",
      "properties": {
        "name": "CHOUTAKURI VEERA REDDY AND DEVAMMA",
        "osm_id": 1394593306,
        "type": "yes"
      },
      "geometry": {
        "type": "Polygon",
        "coordinates": [
          [
            [
              78.3161489,
              17.5088732
            ],
            [
              78.3160923,
              17.5090806
            ],
            [
              78.3159667,
              17.5090495
            ],
            [
              78.3160078,
              17.5088335
            ],
            [
              78.3161489,
              17.5088732
            ]
          ]
        ]
      }
    },
    {
      "type": "Feature",
      "properties": {
        "name": "Aparna Cyberscape",
        "osm_id": 1395032049,
        "type": "yes"
      },
      "geometry": {
        "type": "Polygon",
        "coordinates": [
          [
            [
              78.312345,
              17.4780527
            ],
            [
              78.3123446,
              17.4781614
            ],
            [
              78.3124333,
              17.4781617
            ],
            [
              78.3124332,
              17.4781846
            ],
            [
              78.3123436,
              17.4781842
            ],
            [
              78.3123432,
              17.4782772
            ],
            [
              78.3124209,
              17.4782776
            ],
            [
              78.3124208,
              17.4783022
            ],
            [
              78.3123442,
              17.4783018
            ],
            [
              78.3123437,
              17.4783968
            ],
            [
              78.3124309,
              17.4783973
            ],
            [
              78.3124308,
              17.4784166
            ],
            [
              78.3123455,
              17.4784161
            ],
            [
              78.3123447,
              17.4785338
            ],
            [
              78.3125776,
              17.4785352
            ],
            [
              78.3125779,
              17.478488
            ],
            [
              78.3125886,
              17.4784881
            ],
            [
              78.3125888,
              17.4784564
            ],
            [
              78.3125802,
              17.4784544
            ],
            [
              78.3125799,
              17.4784192
            ],
            [
              78.3125045,
              17.4784198
            ],
            [
              78.3125043,
              17.4783973
            ],
            [
              78.3125841,
              17.4783967
            ],
            [
              78.3125839,
              17.4783692
            ],
            [
              78.3125929,
              17.4783691
            ],
            [
              78.3125926,
              17.478332
            ],
            [
              78.3125844,
              17.4783321
            ],
            [
              78.3125843,
              17.4783005
            ],
            [
              78.3125159,
              17.4783007
            ],
            [
              78.3125158,
              17.4782743
            ],
            [
              78.3125787,
              17.4782742
            ],
            [
              78.3125786,
              17.4782511
            ],
            [
              78.3125885,
              17.4782511
            ],
            [
              78.3125884,
              17.4782163
            ],
            [
              78.3125788,
              17.4782135
            ],
            [
              78.3125788,
              17.4781886
            ],
            [
              78.312494,
              17.4781885
            ],
            [
              78.3124941,
              17.4781614
            ],
            [
              78.3125804,
              17.4781614
            ],
            [
              78.3125804,
              17.4781339
            ],
            [
              78.3125906,
              17.4781339
            ],
            [
              78.3125907,
              17.4780846
            ],
            [
              78.3125806,
              17.4780846
            ],
            [
              78.3125807,
              17.4780535
            ],
            [
              78.312345,
              17.4780527
            ]
          ]
        ]
      }
    },
    {
      "type": "Feature",
      "properties": {
        "name": "Aparna Cyberscape",
        "osm_id": 1395032050,
        "type": "yes"
      },
      "geometry": {
        "type": "Polygon",
        "coordinates": [
          [
            [
              78.3120043,
              17.4776294
            ],
            [
              78.3119178,
              17.477629
            ],
            [
              78.3119172,
              17.4777464
            ],
            [
              78.3120045,
              17.4777468
            ],
            [
              78.3120044,
              17.4777721
            ],
            [
              78.3119193,
              17.4777718
            ],
            [
              78.3119187,
              17.4778966
            ],
            [
              78.3121483,
              17.4778975
            ],
            [
              78.3121486,
              17.4778406
            ],
            [
              78.3121591,
              17.4778406
            ],
            [
              78.3121593,
              17.4778089
            ],
            [
              78.3121508,
              17.4778069
            ],
            [
              78.3121509,
              17.4777712
            ],
            [
              78.3120763,
              17.477771
            ],
            [
              78.3120764,
              17.4777513
            ],
            [
              78.3121572,
              17.4777516
            ],
            [
              78.3121573,
              17.4777244
            ],
            [
              78.3121663,
              17.4777244
            ],
            [
              78.3121665,
              17.4776814
            ],
            [
              78.3121583,
              17.4776813
            ],
            [
              78.3121586,
              17.4776223
            ],
            [
              78.3120806,
              17.477622
            ],
            [
              78.3120807,
              17.4775992
            ],
            [
              78.312156,
              17.4775995
            ],
            [
              78.3121561,
              17.4775657
            ],
            [
              78.3121677,
              17.4775658
            ],
            [
              78.3121679,
              17.4775143
            ],
            [
              78.3121531,
              17.4775142
            ],
            [
              78.3121533,
              17.4774649
            ],
            [
              78.3119223,
              17.477464
            ],
            [
              78.3119217,
              17.4775952
            ],
            [
              78.3120045,
              17.4775956
            ],
            [
              78.3120043,
              17.4776294
            ]
          ]
        ]
      }
    },
    {
      "type": "Feature",
      "properties": {
        "name": "Aparna Cyberscape",
        "osm_id": 1395032051,
        "type": "yes"
      },
      "geometry": {
        "type": "Polygon",
        "coordinates": [
          [
            [
              78.3124008,
              17.4776289
            ],
            [
              78.3123142,
              17.4776285
            ],
            [
              78.3123137,
              17.4777459
            ],
            [
              78.312401,
              17.4777463
            ],
            [
              78.3124009,
              17.4777716
            ],
            [
              78.3123158,
              17.4777712
            ],
            [
              78.3123152,
              17.477896
            ],
            [
              78.3125447,
              17.477897
            ],
            [
              78.312545,
              17.47784
            ],
            [
              78.3125556,
              17.4778401
            ],
            [
              78.3125557,
              17.4778083
            ],
            [
              78.3125472,
              17.4778064
            ],
            [
              78.3125473,
              17.4777707
            ],
            [
              78.3124728,
              17.4777704
            ],
            [
              78.3124728,
              17.4777508
            ],
            [
              78.3125536,
              17.4777511
            ],
            [
              78.3125537,
              17.4777238
            ],
            [
              78.3125628,
              17.4777239
            ],
            [
              78.3125629,
              17.4776809
            ],
            [
              78.3125548,
              17.4776808
            ],
            [
              78.312555,
              17.4776217
            ],
            [
              78.312477,
              17.4776214
            ],
            [
              78.3124771,
              17.4775987
            ],
            [
              78.3125524,
              17.4775989
            ],
            [
              78.3125526,
              17.4775652
            ],
            [
              78.3125641,
              17.4775652
            ],
            [
              78.3125644,
              17.4775138
            ],
            [
              78.3125495,
              17.4775137
            ],
            [
              78.3125497,
              17.4774644
            ],
            [
              78.3123187,
              17.4774634
            ],
            [
              78.3123181,
              17.4775947
            ],
            [
              78.3124009,
              17.477595
            ],
            [
              78.3124008,
              17.4776289
            ]
          ]
        ]
      }
    },
    {
      "type": "Feature",
      "properties": {
        "name": "Lalitha Divine County",
        "osm_id": 1408628262,
        "type": "residential"
      },
      "geometry": {
        "type": "Polygon",
        "coordinates": [
          [
            [
              78.323703,
              17.5163716
            ],
            [
              78.323649,
              17.5158635
            ],
            [
              78.3239493,
              17.5158358
            ],
            [
              78.3240033,
              17.5158266
            ],
            [
              78.3241015,
              17.5158028
            ],
            [
              78.3242316,
              17.5157619
            ],
            [
              78.3244226,
              17.5157289
            ],
            [
              78.3246634,
              17.5157091
            ],
            [
              78.324954,
              17.5156827
            ],
            [
              78.3250177,
              17.5156933
            ],
            [
              78.3250052,
              17.5158345
            ],
            [
              78.3250066,
              17.5162238
            ],
            [
              78.3250855,
              17.5163334
            ],
            [
              78.3249028,
              17.5163426
            ],
            [
              78.3245167,
              17.5163769
            ],
            [
              78.3242136,
              17.5163967
            ],
            [
              78.3239894,
              17.5164205
            ],
            [
              78.323977,
              17.5163624
            ],
            [
              78.323703,
              17.5163716
            ]
          ]
        ]
      }
    },
    {
      "type": "Feature",
      "properties": {
        "name": "Ramky One Galaxia",
        "osm_id": 1408659805,
        "type": "residential"
      },
      "geometry": {
        "type": "Polygon",
        "coordinates": [
          [
            [
              78.3055377,
              17.4618391
            ],
            [
              78.3054757,
              17.4617866
            ],
            [
              78.305566,
              17.4612159
            ],
            [
              78.3055856,
              17.4607485
            ],
            [
              78.306167,
              17.4604639
            ],
            [
              78.3068661,
              17.4601627
            ],
            [
              78.3077851,
              17.4597576
            ],
            [
              78.3078199,
              17.4603538
            ],
            [
              78.3078003,
              17.4607672
            ],
            [
              78.3077894,
              17.4609043
            ],
            [
              78.3069467,
              17.4612325
            ],
            [
              78.3066069,
              17.4613717
            ],
            [
              78.306522,
              17.4614029
            ],
            [
              78.3062628,
              17.4615608
            ],
            [
              78.3058817,
              17.4617207
            ],
            [
              78.3055377,
              17.4618391
            ]
          ]
        ]
      }
    },
    {
      "type": "Feature",
      "properties": {
        "name": "Trishala Saffron Sanathan",
        "osm_id": 1408661916,
        "type": "residential"
      },
      "geometry": {
        "type": "Polygon",
        "coordinates": [
          [
            [
              78.3098149,
              17.4716148
            ],
            [
              78.3110351,
              17.4716612
            ],
            [
              78.3110494,
              17.4708664
            ],
            [
              78.3098393,
              17.4708332
            ],
            [
              78.3097328,
              17.4710408
            ],
            [
              78.3097278,
              17.4711158
            ],
            [
              78.309877,
              17.4711585
            ],
            [
              78.3098149,
              17.4716148
            ]
          ]
        ]
      }
    },
    {
      "type": "Feature",
      "properties": {
        "name": "Aditya Elegance",
        "osm_id": 1408706685,
        "type": "residential"
      },
      "geometry": {
        "type": "Polygon",
        "coordinates": [
          [
            [
              78.3043868,
              17.458874
            ],
            [
              78.3051209,
              17.4585996
            ],
            [
              78.3048191,
              17.4578667
            ],
            [
              78.304141,
              17.4582554
            ],
            [
              78.3043868,
              17.458874
            ]
          ]
        ]
      }
    },
    {
      "type": "Feature",
      "properties": {
        "name": "Aakriti Esta",
        "osm_id": 1408722563,
        "type": "residential"
      },
      "geometry": {
        "type": "Polygon",
        "coordinates": [
          [
            [
              78.2798746,
              17.4701146
            ],
            [
              78.2800907,
              17.4699998
            ],
            [
              78.2802085,
              17.4699075
            ],
            [
              78.2801981,
              17.4698118
            ],
            [
              78.2801801,
              17.4696689
            ],
            [
              78.2801423,
              17.4693693
            ],
            [
              78.2800723,
              17.468814
            ],
            [
              78.280348,
              17.4687859
            ],
            [
              78.280329,
              17.4683437
            ],
            [
              78.280047,
              17.4683348
            ],
            [
              78.2799745,
              17.4681213
            ],
            [
              78.2795184,
              17.4680181
            ],
            [
              78.2794249,
              17.4680802
            ],
            [
              78.2793558,
              17.4681422
            ],
            [
              78.2796581,
              17.4692819
            ],
            [
              78.2797651,
              17.4696572
            ],
            [
              78.2798746,
              17.4701146
            ]
          ]
        ]
      }
    },
    {
      "type": "Feature",
      "properties": {
        "name": "CMR Residency",
        "osm_id": 1408789306,
        "type": "residential"
      },
      "geometry": {
        "type": "Polygon",
        "coordinates": [
          [
            [
              78.3138941,
              17.5042179
            ],
            [
              78.3138494,
              17.5043316
            ],
            [
              78.3142952,
              17.50455
            ],
            [
              78.3145052,
              17.5041171
            ],
            [
              78.3138503,
              17.5038136
            ],
            [
              78.3137545,
              17.5040098
            ],
            [
              78.3137904,
              17.5041345
            ],
            [
              78.3138941,
              17.5042179
            ]
          ]
        ]
      }
    },
    {
      "type": "Feature",
      "properties": {
        "name": "Concrete Ragam Apartments",
        "osm_id": 1408795244,
        "type": "residential"
      },
      "geometry": {
        "type": "Polygon",
        "coordinates": [
          [
            [
              78.3147383,
              17.4876541
            ],
            [
              78.31521,
              17.487562
            ],
            [
              78.3151664,
              17.48732
            ],
            [
              78.3146838,
              17.4874269
            ],
            [
              78.3147383,
              17.4876541
            ]
          ]
        ]
      }
    },
    {
      "type": "Feature",
      "properties": {
        "name": "RS Prime Palace",
        "osm_id": 1409656729,
        "type": "residential"
      },
      "geometry": {
        "type": "Polygon",
        "coordinates": [
          [
            [
              78.3192951,
              17.4903161
            ],
            [
              78.3196376,
              17.4903184
            ],
            [
              78.3196119,
              17.4902193
            ],
            [
              78.3195897,
              17.4901079
            ],
            [
              78.31929,
              17.4901179
            ],
            [
              78.3192908,
              17.490158
            ],
            [
              78.3192951,
              17.4903161
            ]
          ]
        ]
      }
    },
    {
      "type": "Feature",
      "properties": {
        "name": "Sai Priya Enclave",
        "osm_id": 1409685380,
        "type": "residential"
      },
      "geometry": {
        "type": "Polygon",
        "coordinates": [
          [
            [
              78.3233012,
              17.4883918
            ],
            [
              78.323177,
              17.4883918
            ],
            [
              78.32305,
              17.4883953
            ],
            [
              78.3230563,
              17.4885428
            ],
            [
              78.3230634,
              17.4886715
            ],
            [
              78.322999,
              17.4886835
            ],
            [
              78.3230107,
              17.4887815
            ],
            [
              78.3232136,
              17.4887167
            ],
            [
              78.3234765,
              17.4886332
            ],
            [
              78.3233012,
              17.4883918
            ]
          ]
        ]
      }
    },
    {
      "type": "Feature",
      "properties": {
        "name": "Sai Raghava Enclave",
        "osm_id": 1409686260,
        "type": "residential"
      },
      "geometry": {
        "type": "Polygon",
        "coordinates": [
          [
            [
              78.3164352,
              17.4990938
            ],
            [
              78.3165336,
              17.4990887
            ],
            [
              78.3165568,
              17.4990674
            ],
            [
              78.3165989,
              17.4990554
            ],
            [
              78.3166641,
              17.4990802
            ],
            [
              78.3167052,
              17.4991365
            ],
            [
              78.316741,
              17.4991765
            ],
            [
              78.3167383,
              17.4992047
            ],
            [
              78.3168259,
              17.4992106
            ],
            [
              78.3172989,
              17.499214
            ],
            [
              78.3172933,
              17.4994094
            ],
            [
              78.3173434,
              17.4994062
            ],
            [
              78.3173392,
              17.4995087
            ],
            [
              78.3173383,
              17.4995681
            ],
            [
              78.3173189,
              17.4995688
            ],
            [
              78.317315,
              17.4995898
            ],
            [
              78.3172967,
              17.4995902
            ],
            [
              78.3171389,
              17.4996438
            ],
            [
              78.3170128,
              17.4996822
            ],
            [
              78.3168867,
              17.4997248
            ],
            [
              78.3166105,
              17.4998143
            ],
            [
              78.3164236,
              17.4998715
            ],
            [
              78.3162752,
              17.4999201
            ],
            [
              78.3160544,
              17.5000122
            ],
            [
              78.3159966,
              17.5000326
            ],
            [
              78.3159456,
              17.4999793
            ],
            [
              78.3159211,
              17.4999572
            ],
            [
              78.315938,
              17.4996841
            ],
            [
              78.315937,
              17.4994621
            ],
            [
              78.316088,
              17.4992464
            ],
            [
              78.3161434,
              17.4991808
            ],
            [
              78.3162164,
              17.4991063
            ],
            [
              78.3162544,
              17.4990877
            ],
            [
              78.3164352,
              17.4990938
            ]
          ]
        ]
      }
    },
    {
      "type": "Feature",
      "properties": {
        "name": "Sankalp CHS",
        "osm_id": 1409699319,
        "type": "residential"
      },
      "geometry": {
        "type": "Polygon",
        "coordinates": [
          [
            [
              78.2798241,
              17.4573954
            ],
            [
              78.2803253,
              17.4572969
            ],
            [
              78.2808019,
              17.4571938
            ],
            [
              78.2808485,
              17.4572511
            ],
            [
              78.2810887,
              17.4571886
            ],
            [
              78.2810715,
              17.4571268
            ],
            [
              78.281044,
              17.457008
            ],
            [
              78.2810244,
              17.4569248
            ],
            [
              78.2812389,
              17.4568795
            ],
            [
              78.2813527,
              17.4568581
            ],
            [
              78.2813182,
              17.4565806
            ],
            [
              78.2813098,
              17.4564596
            ],
            [
              78.2812679,
              17.4560593
            ],
            [
              78.2813807,
              17.4560211
            ],
            [
              78.2814676,
              17.4559994
            ],
            [
              78.2814344,
              17.4558698
            ],
            [
              78.281615,
              17.4558323
            ],
            [
              78.2814157,
              17.4548804
            ],
            [
              78.2812022,
              17.4540165
            ],
            [
              78.2809353,
              17.4540794
            ],
            [
              78.2809775,
              17.4542382
            ],
            [
              78.2810985,
              17.4546943
            ],
            [
              78.2810352,
              17.4547297
            ],
            [
              78.2805665,
              17.4549862
            ],
            [
              78.2802973,
              17.4551354
            ],
            [
              78.2800635,
              17.4552719
            ],
            [
              78.2800416,
              17.4552564
            ],
            [
              78.2799192,
              17.4550868
            ],
            [
              78.2797237,
              17.4551842
            ],
            [
              78.2795737,
              17.4552393
            ],
            [
              78.2796752,
              17.4555853
            ],
            [
              78.279784,
              17.4558977
            ],
            [
              78.280188,
              17.4557439
            ],
            [
              78.2802425,
              17.4560362
            ],
            [
              78.2803252,
              17.4563387
            ],
            [
              78.2803747,
              17.4565942
            ],
            [
              78.2802058,
              17.4566507
            ],
            [
              78.279692,
              17.4567665
            ],
            [
              78.2798241,
              17.4573954
            ]
          ]
        ]
      }
    },
    {
      "type": "Feature",
      "properties": {
        "name": "Sankalp Apartments",
        "osm_id": 1409724106,
        "type": "residential"
      },
      "geometry": {
        "type": "Polygon",
        "coordinates": [
          [
            [
              78.2814676,
              17.4559994
            ],
            [
              78.2814344,
              17.4558698
            ],
            [
              78.281615,
              17.4558323
            ],
            [
              78.2814157,
              17.4548804
            ],
            [
              78.2812022,
              17.4540165
            ],
            [
              78.2814811,
              17.4539462
            ],
            [
              78.2817831,
              17.4538852
            ],
            [
              78.2818403,
              17.4538752
            ],
            [
              78.281857,
              17.4539902
            ],
            [
              78.2819018,
              17.4542277
            ],
            [
              78.2821444,
              17.4541807
            ],
            [
              78.2822387,
              17.4545113
            ],
            [
              78.2822949,
              17.4546983
            ],
            [
              78.2821551,
              17.4547443
            ],
            [
              78.2818575,
              17.4548364
            ],
            [
              78.2818519,
              17.4549508
            ],
            [
              78.2818452,
              17.4555213
            ],
            [
              78.2818753,
              17.4558777
            ],
            [
              78.2814676,
              17.4559994
            ]
          ]
        ]
      }
    },
    {
      "type": "Feature",
      "properties": {
        "name": "Srinivasa Heights",
        "osm_id": 1409924987,
        "type": "residential"
      },
      "geometry": {
        "type": "Polygon",
        "coordinates": [
          [
            [
              78.3143649,
              17.5046387
            ],
            [
              78.3146052,
              17.5047452
            ],
            [
              78.3146835,
              17.504579
            ],
            [
              78.3147781,
              17.504383
            ],
            [
              78.3145236,
              17.5042714
            ],
            [
              78.3143649,
              17.5046387
            ]
          ]
        ]
      }
    },
    {
      "type": "Feature",
      "properties": {
        "name": "SS Aditya Sreenikethan Apartments",
        "osm_id": 1410001614,
        "type": "residential"
      },
      "geometry": {
        "type": "Polygon",
        "coordinates": [
          [
            [
              78.3155297,
              17.4788854
            ],
            [
              78.3156951,
              17.4788758
            ],
            [
              78.3160236,
              17.4788567
            ],
            [
              78.3160292,
              17.4788748
            ],
            [
              78.3162036,
              17.4788705
            ],
            [
              78.3162013,
              17.478814
            ],
            [
              78.3161879,
              17.4786328
            ],
            [
              78.3155129,
              17.4786637
            ],
            [
              78.3155297,
              17.4788854
            ]
          ]
        ]
      }
    },
    {
      "type": "Feature",
      "properties": {
        "name": "Trishala Saffron Elite",
        "osm_id": 1410030281,
        "type": "residential"
      },
      "geometry": {
        "type": "Polygon",
        "coordinates": [
          [
            [
              78.3059311,
              17.4602924
            ],
            [
              78.3059461,
              17.460338
            ],
            [
              78.305973,
              17.46037
            ],
            [
              78.3060113,
              17.4603794
            ],
            [
              78.3060473,
              17.460373
            ],
            [
              78.3062223,
              17.4603074
            ],
            [
              78.3064017,
              17.4602324
            ],
            [
              78.3063824,
              17.4601823
            ],
            [
              78.3061455,
              17.4595412
            ],
            [
              78.3059645,
              17.4596045
            ],
            [
              78.3059542,
              17.4596181
            ],
            [
              78.3059526,
              17.4596286
            ],
            [
              78.3059311,
              17.4602924
            ]
          ]
        ]
      }
    },
    {
      "type": "Feature",
      "properties": {
        "name": "Divine Allura",
        "osm_id": 1412966855,
        "type": "residential"
      },
      "geometry": {
        "type": "Polygon",
        "coordinates": [
          [
            [
              78.3217462,
              17.4996492
            ],
            [
              78.3213848,
              17.499887
            ],
            [
              78.3214965,
              17.5000797
            ],
            [
              78.3214706,
              17.5000882
            ],
            [
              78.3216029,
              17.5004268
            ],
            [
              78.3214027,
              17.5004916
            ],
            [
              78.3214071,
              17.5006075
            ],
            [
              78.3214205,
              17.5007525
            ],
            [
              78.3214608,
              17.5009341
            ],
            [
              78.3221698,
              17.5006851
            ],
            [
              78.3222288,
              17.5008659
            ],
            [
              78.3231474,
              17.5005457
            ],
            [
              78.3227467,
              17.4995621
            ],
            [
              78.3220758,
              17.4998456
            ],
            [
              78.321998,
              17.4996897
            ],
            [
              78.321903,
              17.4995888
            ],
            [
              78.3218361,
              17.4995888
            ],
            [
              78.3217462,
              17.4996492
            ]
          ]
        ]
      }
    },
    {
      "type": "Feature",
      "properties": {
        "name": "Ather Grid Charging Station",
        "osm_id": 1416495598,
        "type": "yes"
      },
      "geometry": {
        "type": "Polygon",
        "coordinates": [
          [
            [
              78.2965446,
              17.455034
            ],
            [
              78.2966037,
              17.4549868
            ],
            [
              78.2964872,
              17.4548514
            ],
            [
              78.2965749,
              17.4547646
            ],
            [
              78.2964489,
              17.4547357
            ],
            [
              78.2964074,
              17.4547631
            ],
            [
              78.296433,
              17.4547874
            ],
            [
              78.2963803,
              17.4548331
            ],
            [
              78.2965446,
              17.455034
            ]
          ]
        ]
      }
    },
    {
      "type": "Feature",
      "properties": {
        "name": "IRA Kitchen and Bar",
        "osm_id": 1416994348,
        "type": "yes"
      },
      "geometry": {
        "type": "Polygon",
        "coordinates": [
          [
            [
              78.2842137,
              17.4544547
            ],
            [
              78.2844335,
              17.4544535
            ],
            [
              78.2844311,
              17.4542404
            ],
            [
              78.2841942,
              17.4542346
            ],
            [
              78.2842137,
              17.4544547
            ]
          ]
        ]
      }
    },
    {
      "type": "Feature",
      "properties": {
        "name": "Kakatiya Infra's Mango Leaf",
        "osm_id": 1417230931,
        "type": "residential"
      },
      "geometry": {
        "type": "Polygon",
        "coordinates": [
          [
            [
              78.2692052,
              17.4418734
            ],
            [
              78.2691161,
              17.4419229
            ],
            [
              78.2693017,
              17.4421851
            ],
            [
              78.26847,
              17.4426775
            ],
            [
              78.2682583,
              17.4423693
            ],
            [
              78.2679204,
              17.4425323
            ],
            [
              78.2676234,
              17.442387
            ],
            [
              78.2673523,
              17.4425039
            ],
            [
              78.2671926,
              17.4425358
            ],
            [
              78.267007,
              17.4425464
            ],
            [
              78.2668547,
              17.4425358
            ],
            [
              78.2666951,
              17.442511
            ],
            [
              78.2665502,
              17.4424649
            ],
            [
              78.2664054,
              17.4423835
            ],
            [
              78.2662829,
              17.4422843
            ],
            [
              78.2661938,
              17.4421745
            ],
            [
              78.2661455,
              17.4420186
            ],
            [
              78.2661158,
              17.4418982
            ],
            [
              78.2661121,
              17.4416466
            ],
            [
              78.2661455,
              17.4415191
            ],
            [
              78.2662123,
              17.4413455
            ],
            [
              78.266294,
              17.4412357
            ],
            [
              78.2664128,
              17.4411082
            ],
            [
              78.2665539,
              17.4409806
            ],
            [
              78.2667099,
              17.4408354
            ],
            [
              78.2669884,
              17.4409381
            ],
            [
              78.2673597,
              17.4412605
            ],
            [
              78.2677607,
              17.4415758
            ],
            [
              78.2682286,
              17.4419052
            ],
            [
              78.2683363,
              17.4420292
            ],
            [
              78.2686816,
              17.4418238
            ],
            [
              78.2685182,
              17.4416856
            ],
            [
              78.268793,
              17.4415049
            ],
            [
              78.2689118,
              17.441636
            ],
            [
              78.2689712,
              17.4416041
            ],
            [
              78.2692052,
              17.4418734
            ]
          ]
        ]
      }
    },
    {
      "type": "Feature",
      "properties": {
        "name": "Elite Villas",
        "osm_id": 1418104945,
        "type": "residential"
      },
      "geometry": {
        "type": "Polygon",
        "coordinates": [
          [
            [
              78.2441762,
              17.4464649
            ],
            [
              78.2441292,
              17.4464366
            ],
            [
              78.2440722,
              17.4464082
            ],
            [
              78.2439806,
              17.4463799
            ],
            [
              78.243842,
              17.4463563
            ],
            [
              78.243696,
              17.4463114
            ],
            [
              78.2435153,
              17.4462689
            ],
            [
              78.2433494,
              17.4462382
            ],
            [
              78.2431786,
              17.4461815
            ],
            [
              78.2430747,
              17.4461792
            ],
            [
              78.243139,
              17.4460682
            ],
            [
              78.2429732,
              17.4460186
            ],
            [
              78.24304,
              17.4457376
            ],
            [
              78.2428445,
              17.4456762
            ],
            [
              78.2427529,
              17.4457281
            ],
            [
              78.2426514,
              17.4460658
            ],
            [
              78.2424583,
              17.4459926
            ],
            [
              78.242389,
              17.4460092
            ],
            [
              78.2423692,
              17.4461154
            ],
            [
              78.2421737,
              17.4460611
            ],
            [
              78.242139,
              17.4461178
            ],
            [
              78.2419732,
              17.4461792
            ],
            [
              78.2417999,
              17.4461556
            ],
            [
              78.2416736,
              17.4461414
            ],
            [
              78.2414509,
              17.4461627
            ],
            [
              78.2414137,
              17.4461721
            ],
            [
              78.241488,
              17.446609
            ],
            [
              78.2415078,
              17.4467412
            ],
            [
              78.2414385,
              17.4469986
            ],
            [
              78.2415424,
              17.4474426
            ],
            [
              78.2424237,
              17.4476173
            ],
            [
              78.2429831,
              17.4473505
            ],
            [
              78.2436985,
              17.4472123
            ],
            [
              78.2439145,
              17.4469025
            ],
            [
              78.2441762,
              17.4464649
            ]
          ]
        ]
      }
    },
    {
      "type": "Feature",
      "properties": {
        "name": "My Home Tridasa",
        "osm_id": 1418112760,
        "type": "residential"
      },
      "geometry": {
        "type": "Polygon",
        "coordinates": [
          [
            [
              78.2578607,
              17.4705442
            ],
            [
              78.261335,
              17.4714259
            ],
            [
              78.2613042,
              17.4700375
            ],
            [
              78.258893,
              17.4681632
            ],
            [
              78.2580071,
              17.4674728
            ],
            [
              78.2577794,
              17.467372
            ],
            [
              78.2578607,
              17.4705442
            ]
          ]
        ]
      }
    },
    {
      "type": "Feature",
      "properties": {
        "name": "The Perch Mega Meadows",
        "osm_id": 1418229624,
        "type": "residential"
      },
      "geometry": {
        "type": "Polygon",
        "coordinates": [
          [
            [
              78.2821772,
              17.4491125
            ],
            [
              78.2830069,
              17.4491254
            ],
            [
              78.2831115,
              17.4492169
            ],
            [
              78.284302,
              17.4493355
            ],
            [
              78.2842448,
              17.4490512
            ],
            [
              78.2842045,
              17.4489296
            ],
            [
              78.2841763,
              17.4488452
            ],
            [
              78.2841093,
              17.4487121
            ],
            [
              78.2840127,
              17.4485573
            ],
            [
              78.2821419,
              17.4485471
            ],
            [
              78.2821772,
              17.4491125
            ]
          ]
        ]
      }
    },
    {
      "type": "Feature",
      "properties": {
        "name": "Hallmark County",
        "osm_id": 1418702497,
        "type": "residential"
      },
      "geometry": {
        "type": "Polygon",
        "coordinates": [
          [
            [
              78.2827684,
              17.434624
            ],
            [
              78.2842747,
              17.4341053
            ],
            [
              78.2839349,
              17.4328357
            ],
            [
              78.2837651,
              17.4328735
            ],
            [
              78.2836376,
              17.4324548
            ],
            [
              78.2835074,
              17.4324872
            ],
            [
              78.2832372,
              17.4315229
            ],
            [
              78.2830668,
              17.4309147
            ],
            [
              78.2815317,
              17.431142
            ],
            [
              78.282101,
              17.4329295
            ],
            [
              78.2812808,
              17.4331807
            ],
            [
              78.2810642,
              17.4324436
            ],
            [
              78.27984,
              17.4327885
            ],
            [
              78.2801526,
              17.4337826
            ],
            [
              78.2801772,
              17.4338602
            ],
            [
              78.2823685,
              17.4332605
            ],
            [
              78.2825607,
              17.4339049
            ],
            [
              78.2827684,
              17.434624
            ]
          ]
        ]
      }
    },
    {
      "type": "Feature",
      "properties": {
        "name": "Muppa's Melody",
        "osm_id": 1418846936,
        "type": "residential"
      },
      "geometry": {
        "type": "Polygon",
        "coordinates": [
          [
            [
              78.2876384,
              17.4390681
            ],
            [
              78.287138,
              17.4389566
            ],
            [
              78.2871564,
              17.438877
            ],
            [
              78.2868159,
              17.4388088
            ],
            [
              78.286743,
              17.4387358
            ],
            [
              78.2863353,
              17.4386561
            ],
            [
              78.2870953,
              17.4381617
            ],
            [
              78.2869182,
              17.4379017
            ],
            [
              78.2869547,
              17.4378874
            ],
            [
              78.2868484,
              17.4376184
            ],
            [
              78.2867059,
              17.4372388
            ],
            [
              78.2866906,
              17.4371905
            ],
            [
              78.2866514,
              17.4370663
            ],
            [
              78.2865859,
              17.4368588
            ],
            [
              78.2865449,
              17.4367287
            ],
            [
              78.2867163,
              17.4368335
            ],
            [
              78.2868928,
              17.4369414
            ],
            [
              78.2879782,
              17.4376048
            ],
            [
              78.2876384,
              17.4390681
            ]
          ]
        ]
      }
    },
    {
      "type": "Feature",
      "properties": {
        "name": "Atulyam's Trident",
        "osm_id": 1418892830,
        "type": "residential"
      },
      "geometry": {
        "type": "Polygon",
        "coordinates": [
          [
            [
              78.2643259,
              17.4522453
            ],
            [
              78.2643226,
              17.4523111
            ],
            [
              78.2642805,
              17.4531583
            ],
            [
              78.2643513,
              17.4534824
            ],
            [
              78.2642494,
              17.4535445
            ],
            [
              78.2634644,
              17.4532413
            ],
            [
              78.2633596,
              17.4531355
            ],
            [
              78.2629827,
              17.4523402
            ],
            [
              78.2631036,
              17.4523362
            ],
            [
              78.263422,
              17.4524347
            ],
            [
              78.2636521,
              17.4524541
            ],
            [
              78.2640294,
              17.4523905
            ],
            [
              78.2643259,
              17.4522453
            ]
          ]
        ]
      }
    },
    {
      "type": "Feature",
      "properties": {
        "name": "Mayfair Apartments",
        "osm_id": 1419173512,
        "type": "residential"
      },
      "geometry": {
        "type": "Polygon",
        "coordinates": [
          [
            [
              78.2905722,
              17.4543687
            ],
            [
              78.2906314,
              17.4546905
            ],
            [
              78.2909139,
              17.4554768
            ],
            [
              78.2912081,
              17.4565171
            ],
            [
              78.2929754,
              17.4563379
            ],
            [
              78.2927043,
              17.4553562
            ],
            [
              78.2922791,
              17.4554444
            ],
            [
              78.2919032,
              17.4540924
            ],
            [
              78.2905722,
              17.4543687
            ]
          ]
        ]
      }
    },
    {
      "type": "Feature",
      "properties": {
        "name": "220",
        "osm_id": 1419990775,
        "type": "yes"
      },
      "geometry": {
        "type": "Polygon",
        "coordinates": [
          [
            [
              78.2749526,
              17.4489389
            ],
            [
              78.2750861,
              17.4489684
            ],
            [
              78.2751277,
              17.4487969
            ],
            [
              78.2749943,
              17.4487674
            ],
            [
              78.2749526,
              17.4489389
            ]
          ]
        ]
      }
    },
    {
      "type": "Feature",
      "properties": {
        "name": "Aakriti Honey Dew",
        "osm_id": 1419994973,
        "type": "residential"
      },
      "geometry": {
        "type": "Polygon",
        "coordinates": [
          [
            [
              78.2909306,
              17.4563594
            ],
            [
              78.2910257,
              17.4566135
            ],
            [
              78.2910565,
              17.4570632
            ],
            [
              78.2907176,
              17.4570925
            ],
            [
              78.2907168,
              17.4570661
            ],
            [
              78.2899034,
              17.4570632
            ],
            [
              78.2898752,
              17.4570464
            ],
            [
              78.2897781,
              17.4564066
            ],
            [
              78.2909306,
              17.4563594
            ]
          ]
        ]
      }
    },
    {
      "type": "Feature",
      "properties": {
        "name": "Toyota",
        "osm_id": 1421989155,
        "type": "yes"
      },
      "geometry": {
        "type": "Polygon",
        "coordinates": [
          [
            [
              78.2983125,
              17.4564773
            ],
            [
              78.2985774,
              17.4563371
            ],
            [
              78.2981416,
              17.4555976
            ],
            [
              78.297872,
              17.4557345
            ],
            [
              78.2983125,
              17.4564773
            ]
          ]
        ]
      }
    },
    {
      "type": "Feature",
      "properties": {
        "name": "Honor Vivantis",
        "osm_id": 1421989171,
        "type": "residential"
      },
      "geometry": {
        "type": "Polygon",
        "coordinates": [
          [
            [
              78.2992945,
              17.4533125
            ],
            [
              78.2997859,
              17.4539084
            ],
            [
              78.2999315,
              17.454253
            ],
            [
              78.3006525,
              17.4540252
            ],
            [
              78.3012602,
              17.4539033
            ],
            [
              78.3015729,
              17.453829
            ],
            [
              78.3018279,
              17.4538166
            ],
            [
              78.3018117,
              17.4524123
            ],
            [
              78.2997653,
              17.4524358
            ],
            [
              78.2995904,
              17.4527446
            ],
            [
              78.2992945,
              17.4533125
            ]
          ]
        ]
      }
    },
    {
      "type": "Feature",
      "properties": {
        "name": "2BHK Housing Colony Kollur-1",
        "osm_id": 1422097775,
        "type": "residential"
      },
      "geometry": {
        "type": "Polygon",
        "coordinates": [
          [
            [
              78.2626384,
              17.4434152
            ],
            [
              78.2613814,
              17.4440016
            ],
            [
              78.2622533,
              17.4456358
            ],
            [
              78.2631345,
              17.4452816
            ],
            [
              78.2636105,
              17.4450965
            ],
            [
              78.2631006,
              17.4441515
            ],
            [
              78.2627032,
              17.4434005
            ],
            [
              78.2626384,
              17.4434152
            ]
          ]
        ]
      }
    },
    {
      "type": "Feature",
      "properties": {
        "name": "Gem Estrella Kuber",
        "osm_id": 1422226107,
        "type": "residential"
      },
      "geometry": {
        "type": "Polygon",
        "coordinates": [
          [
            [
              78.2555621,
              17.4453899
            ],
            [
              78.2556776,
              17.4454266
            ],
            [
              78.2557053,
              17.4453267
            ],
            [
              78.2557377,
              17.4451371
            ],
            [
              78.25573,
              17.444899
            ],
            [
              78.256052,
              17.4448961
            ],
            [
              78.2560951,
              17.4452238
            ],
            [
              78.2562722,
              17.4448784
            ],
            [
              78.2562445,
              17.4446095
            ],
            [
              78.256377,
              17.4443934
            ],
            [
              78.256471,
              17.4444199
            ],
            [
              78.256776,
              17.443738
            ],
            [
              78.2566805,
              17.4434587
            ],
            [
              78.2565156,
              17.4434514
            ],
            [
              78.2564802,
              17.4433588
            ],
            [
              78.2552817,
              17.4435499
            ],
            [
              78.2548257,
              17.4435837
            ],
            [
              78.2551507,
              17.444755
            ],
            [
              78.2555806,
              17.444683
            ],
            [
              78.2556175,
              17.4451636
            ],
            [
              78.2555621,
              17.4453899
            ]
          ]
        ]
      }
    },
    {
      "type": "Feature",
      "properties": {
        "name": "Block I",
        "osm_id": 1422235970,
        "type": "yes"
      },
      "geometry": {
        "type": "Polygon",
        "coordinates": [
          [
            [
              78.3118997,
              17.470572
            ],
            [
              78.3118041,
              17.4705704
            ],
            [
              78.3118022,
              17.4706733
            ],
            [
              78.3118991,
              17.4706749
            ],
            [
              78.3118998,
              17.4706365
            ],
            [
              78.3119289,
              17.470637
            ],
            [
              78.3119282,
              17.4706761
            ],
            [
              78.3120248,
              17.4706778
            ],
            [
              78.3120266,
              17.470576
            ],
            [
              78.311952,
              17.4705747
            ],
            [
              78.3119529,
              17.4705256
            ],
            [
              78.312045,
              17.4705271
            ],
            [
              78.3120465,
              17.470445
            ],
            [
              78.3119554,
              17.4704435
            ],
            [
              78.311956,
              17.4704073
            ],
            [
              78.3120285,
              17.4704085
            ],
            [
              78.3120304,
              17.4703002
            ],
            [
              78.3119326,
              17.4702986
            ],
            [
              78.3119316,
              17.470354
            ],
            [
              78.3119045,
              17.4703536
            ],
            [
              78.3119055,
              17.4703008
            ],
            [
              78.3118,
              17.4702991
            ],
            [
              78.3117979,
              17.4704171
            ],
            [
              78.3118741,
              17.4704184
            ],
            [
              78.3118737,
              17.4704385
            ],
            [
              78.3117621,
              17.4704366
            ],
            [
              78.3117602,
              17.4705389
            ],
            [
              78.3118705,
              17.4705407
            ],
            [
              78.3118712,
              17.4705069
            ],
            [
              78.3119009,
              17.4705074
            ],
            [
              78.3118997,
              17.470572
            ]
          ]
        ]
      }
    },
    {
      "type": "Feature",
      "properties": {
        "name": "Block H",
        "osm_id": 1422235971,
        "type": "yes"
      },
      "geometry": {
        "type": "Polygon",
        "coordinates": [
          [
            [
              78.3122835,
              17.4705731
            ],
            [
              78.3121879,
              17.4705715
            ],
            [
              78.312186,
              17.4706744
            ],
            [
              78.3122829,
              17.470676
            ],
            [
              78.3122837,
              17.4706377
            ],
            [
              78.3123128,
              17.4706381
            ],
            [
              78.312312,
              17.4706773
            ],
            [
              78.3124086,
              17.4706789
            ],
            [
              78.3124105,
              17.4705771
            ],
            [
              78.3123359,
              17.4705758
            ],
            [
              78.3123368,
              17.4705267
            ],
            [
              78.3124289,
              17.4705282
            ],
            [
              78.3124304,
              17.4704462
            ],
            [
              78.3123392,
              17.4704446
            ],
            [
              78.3123399,
              17.4704084
            ],
            [
              78.3124123,
              17.4704096
            ],
            [
              78.3124143,
              17.4703013
            ],
            [
              78.3123165,
              17.4702997
            ],
            [
              78.3123155,
              17.4703551
            ],
            [
              78.3122884,
              17.4703547
            ],
            [
              78.3122893,
              17.4703019
            ],
            [
              78.3121839,
              17.4703002
            ],
            [
              78.3121817,
              17.4704182
            ],
            [
              78.3122579,
              17.4704195
            ],
            [
              78.3122575,
              17.4704396
            ],
            [
              78.312146,
              17.4704377
            ],
            [
              78.3121441,
              17.47054
            ],
            [
              78.3122544,
              17.4705418
            ],
            [
              78.312255,
              17.470508
            ],
            [
              78.3122847,
              17.4705085
            ],
            [
              78.3122835,
              17.4705731
            ]
          ]
        ]
      }
    },
    {
      "type": "Feature",
      "properties": {
        "name": "Block J",
        "osm_id": 1422235972,
        "type": "yes"
      },
      "geometry": {
        "type": "Polygon",
        "coordinates": [
          [
            [
              78.3117185,
              17.4700887
            ],
            [
              78.3116229,
              17.470087
            ],
            [
              78.311621,
              17.4701899
            ],
            [
              78.3117179,
              17.4701916
            ],
            [
              78.3117186,
              17.4701532
            ],
            [
              78.3117477,
              17.4701537
            ],
            [
              78.311747,
              17.4701928
            ],
            [
              78.3118435,
              17.4701944
            ],
            [
              78.3118454,
              17.4700926
            ],
            [
              78.3117708,
              17.4700914
            ],
            [
              78.3117717,
              17.4700422
            ],
            [
              78.3118638,
              17.4700438
            ],
            [
              78.3118653,
              17.4699617
            ],
            [
              78.3117741,
              17.4699602
            ],
            [
              78.3117748,
              17.4699239
            ],
            [
              78.3118472,
              17.4699251
            ],
            [
              78.3118492,
              17.4698168
            ],
            [
              78.3117514,
              17.4698152
            ],
            [
              78.3117504,
              17.4698707
            ],
            [
              78.3117233,
              17.4698702
            ],
            [
              78.3117243,
              17.4698175
            ],
            [
              78.3116188,
              17.4698158
            ],
            [
              78.3116167,
              17.4699338
            ],
            [
              78.3116928,
              17.4699351
            ],
            [
              78.3116925,
              17.4699552
            ],
            [
              78.3115809,
              17.4699533
            ],
            [
              78.311579,
              17.4700555
            ],
            [
              78.3116893,
              17.4700574
            ],
            [
              78.31169,
              17.4700235
            ],
            [
              78.3117197,
              17.470024
            ],
            [
              78.3117185,
              17.4700887
            ]
          ]
        ]
      }
    },
    {
      "type": "Feature",
      "properties": {
        "name": "Block G",
        "osm_id": 1422235973,
        "type": "yes"
      },
      "geometry": {
        "type": "Polygon",
        "coordinates": [
          [
            [
              78.3122765,
              17.4700965
            ],
            [
              78.3121809,
              17.4700948
            ],
            [
              78.312179,
              17.4701977
            ],
            [
              78.3122759,
              17.4701994
            ],
            [
              78.3122767,
              17.470161
            ],
            [
              78.3123058,
              17.4701615
            ],
            [
              78.312305,
              17.4702006
            ],
            [
              78.3124016,
              17.4702022
            ],
            [
              78.3124035,
              17.4701004
            ],
            [
              78.3123289,
              17.4700992
            ],
            [
              78.3123298,
              17.47005
            ],
            [
              78.3124219,
              17.4700516
            ],
            [
              78.3124234,
              17.4699695
            ],
            [
              78.3123322,
              17.469968
            ],
            [
              78.3123329,
              17.4699317
            ],
            [
              78.3124053,
              17.4699329
            ],
            [
              78.3124073,
              17.4698246
            ],
            [
              78.3123095,
              17.469823
            ],
            [
              78.3123084,
              17.4698785
            ],
            [
              78.3122814,
              17.469878
            ],
            [
              78.3122823,
              17.4698253
            ],
            [
              78.3121769,
              17.4698236
            ],
            [
              78.3121747,
              17.4699416
            ],
            [
              78.3122509,
              17.4699429
            ],
            [
              78.3122505,
              17.469963
            ],
            [
              78.312139,
              17.4699611
            ],
            [
              78.3121371,
              17.4700633
            ],
            [
              78.3122474,
              17.4700652
            ],
            [
              78.312248,
              17.4700313
            ],
            [
              78.3122777,
              17.4700318
            ],
            [
              78.3122765,
              17.4700965
            ]
          ]
        ]
      }
    },
    {
      "type": "Feature",
      "properties": {
        "name": "Block F",
        "osm_id": 1422235974,
        "type": "yes"
      },
      "geometry": {
        "type": "Polygon",
        "coordinates": [
          [
            [
              78.31267,
              17.4700207
            ],
            [
              78.3125744,
              17.4700191
            ],
            [
              78.3125725,
              17.470122
            ],
            [
              78.3126694,
              17.4701237
            ],
            [
              78.3126701,
              17.4700853
            ],
            [
              78.3126992,
              17.4700858
            ],
            [
              78.3126985,
              17.4701249
            ],
            [
              78.3127951,
              17.4701265
            ],
            [
              78.3127969,
              17.4700247
            ],
            [
              78.3127223,
              17.4700235
            ],
            [
              78.3127232,
              17.4699743
            ],
            [
              78.3128153,
              17.4699758
            ],
            [
              78.3128168,
              17.4698938
            ],
            [
              78.3127257,
              17.4698923
            ],
            [
              78.3127263,
              17.469856
            ],
            [
              78.3127988,
              17.4698572
            ],
            [
              78.3128007,
              17.4697489
            ],
            [
              78.3127029,
              17.4697473
            ],
            [
              78.3127019,
              17.4698027
            ],
            [
              78.3126748,
              17.4698023
            ],
            [
              78.3126758,
              17.4697496
            ],
            [
              78.3125703,
              17.4697478
            ],
            [
              78.3125682,
              17.4698659
            ],
            [
              78.3126444,
              17.4698671
            ],
            [
              78.312644,
              17.4698872
            ],
            [
              78.3125324,
              17.4698853
            ],
            [
              78.3125305,
              17.4699876
            ],
            [
              78.3126408,
              17.4699895
            ],
            [
              78.3126415,
              17.4699556
            ],
            [
              78.3126712,
              17.4699561
            ],
            [
              78.31267,
              17.4700207
            ]
          ]
        ]
      }
    },
    {
      "type": "Feature",
      "properties": {
        "name": "Block E",
        "osm_id": 1422235975,
        "type": "yes"
      },
      "geometry": {
        "type": "Polygon",
        "coordinates": [
          [
            [
              78.3126828,
              17.4694494
            ],
            [
              78.3125872,
              17.4694478
            ],
            [
              78.3125853,
              17.4695507
            ],
            [
              78.3126822,
              17.4695524
            ],
            [
              78.3126829,
              17.469514
            ],
            [
              78.312712,
              17.4695145
            ],
            [
              78.3127113,
              17.4695536
            ],
            [
              78.3128079,
              17.4695552
            ],
            [
              78.3128098,
              17.4694534
            ],
            [
              78.3127351,
              17.4694522
            ],
            [
              78.312736,
              17.469403
            ],
            [
              78.3128282,
              17.4694045
            ],
            [
              78.3128297,
              17.4693225
            ],
            [
              78.3127385,
              17.469321
            ],
            [
              78.3127392,
              17.4692847
            ],
            [
              78.3128116,
              17.4692859
            ],
            [
              78.3128136,
              17.4691776
            ],
            [
              78.3127157,
              17.469176
            ],
            [
              78.3127147,
              17.4692314
            ],
            [
              78.3126877,
              17.469231
            ],
            [
              78.3126886,
              17.4691783
            ],
            [
              78.3125832,
              17.4691765
            ],
            [
              78.312581,
              17.4692946
            ],
            [
              78.3126572,
              17.4692958
            ],
            [
              78.3126568,
              17.4693159
            ],
            [
              78.3125452,
              17.469314
            ],
            [
              78.3125433,
              17.4694163
            ],
            [
              78.3126537,
              17.4694182
            ],
            [
              78.3126543,
              17.4693843
            ],
            [
              78.312684,
              17.4693848
            ],
            [
              78.3126828,
              17.4694494
            ]
          ]
        ]
      }
    },
    {
      "type": "Feature",
      "properties": {
        "name": "Block D",
        "osm_id": 1422235976,
        "type": "yes"
      },
      "geometry": {
        "type": "Polygon",
        "coordinates": [
          [
            [
              78.3123104,
              17.4694361
            ],
            [
              78.3122148,
              17.4694345
            ],
            [
              78.3122129,
              17.4695373
            ],
            [
              78.3123098,
              17.469539
            ],
            [
              78.3123105,
              17.4695006
            ],
            [
              78.3123396,
              17.4695011
            ],
            [
              78.3123389,
              17.4695402
            ],
            [
              78.3124355,
              17.4695418
            ],
            [
              78.3124373,
              17.46944
            ],
            [
              78.3123627,
              17.4694388
            ],
            [
              78.3123636,
              17.4693896
            ],
            [
              78.3124557,
              17.4693912
            ],
            [
              78.3124572,
              17.4693091
            ],
            [
              78.3123661,
              17.4693076
            ],
            [
              78.3123667,
              17.4692713
            ],
            [
              78.3124392,
              17.4692725
            ],
            [
              78.3124411,
              17.4691642
            ],
            [
              78.3123433,
              17.4691626
            ],
            [
              78.3123423,
              17.4692181
            ],
            [
              78.3123152,
              17.4692176
            ],
            [
              78.3123162,
              17.4691649
            ],
            [
              78.3122107,
              17.4691632
            ],
            [
              78.3122086,
              17.4692812
            ],
            [
              78.3122848,
              17.4692825
            ],
            [
              78.3122844,
              17.4693026
            ],
            [
              78.3121728,
              17.4693007
            ],
            [
              78.3121709,
              17.4694029
            ],
            [
              78.3122813,
              17.4694048
            ],
            [
              78.3122819,
              17.4693709
            ],
            [
              78.3123116,
              17.4693714
            ],
            [
              78.3123104,
              17.4694361
            ]
          ]
        ]
      }
    },
    {
      "type": "Feature",
      "properties": {
        "name": "Block C",
        "osm_id": 1422235977,
        "type": "yes"
      },
      "geometry": {
        "type": "Polygon",
        "coordinates": [
          [
            [
              78.3118492,
              17.4694327
            ],
            [
              78.3117536,
              17.4694311
            ],
            [
              78.3117517,
              17.469534
            ],
            [
              78.3118486,
              17.4695357
            ],
            [
              78.3118494,
              17.4694973
            ],
            [
              78.3118785,
              17.4694978
            ],
            [
              78.3118777,
              17.4695369
            ],
            [
              78.3119743,
              17.4695385
            ],
            [
              78.3119762,
              17.4694367
            ],
            [
              78.3119016,
              17.4694355
            ],
            [
              78.3119025,
              17.4693863
            ],
            [
              78.3119946,
              17.4693878
            ],
            [
              78.3119961,
              17.4693058
            ],
            [
              78.3119049,
              17.4693043
            ],
            [
              78.3119056,
              17.469268
            ],
            [
              78.311978,
              17.4692692
            ],
            [
              78.31198,
              17.4691609
            ],
            [
              78.3118821,
              17.4691593
            ],
            [
              78.3118811,
              17.4692147
            ],
            [
              78.3118541,
              17.4692143
            ],
            [
              78.311855,
              17.4691616
            ],
            [
              78.3117496,
              17.4691598
            ],
            [
              78.3117474,
              17.4692778
            ],
            [
              78.3118236,
              17.4692791
            ],
            [
              78.3118232,
              17.4692992
            ],
            [
              78.3117117,
              17.4692973
            ],
            [
              78.3117098,
              17.4693996
            ],
            [
              78.3118201,
              17.4694015
            ],
            [
              78.3118207,
              17.4693676
            ],
            [
              78.3118504,
              17.4693681
            ],
            [
              78.3118492,
              17.4694327
            ]
          ]
        ]
      }
    },
    {
      "type": "Feature",
      "properties": {
        "name": "Block B",
        "osm_id": 1422235978,
        "type": "yes"
      },
      "geometry": {
        "type": "Polygon",
        "coordinates": [
          [
            [
              78.311471,
              17.4694383
            ],
            [
              78.3113754,
              17.4694367
            ],
            [
              78.3113734,
              17.4695396
            ],
            [
              78.3114704,
              17.4695412
            ],
            [
              78.3114711,
              17.4695028
            ],
            [
              78.3115002,
              17.4695033
            ],
            [
              78.3114995,
              17.4695425
            ],
            [
              78.311596,
              17.4695441
            ],
            [
              78.3115979,
              17.4694423
            ],
            [
              78.3115233,
              17.469441
            ],
            [
              78.3115242,
              17.4693919
            ],
            [
              78.3116163,
              17.4693934
            ],
            [
              78.3116178,
              17.4693113
            ],
            [
              78.3115266,
              17.4693098
            ],
            [
              78.3115273,
              17.4692736
            ],
            [
              78.3115997,
              17.4692748
            ],
            [
              78.3116017,
              17.4691665
            ],
            [
              78.3115039,
              17.4691649
            ],
            [
              78.3115029,
              17.4692203
            ],
            [
              78.3114758,
              17.4692199
            ],
            [
              78.3114768,
              17.4691671
            ],
            [
              78.3113713,
              17.4691654
            ],
            [
              78.3113692,
              17.4692834
            ],
            [
              78.3114453,
              17.4692847
            ],
            [
              78.311445,
              17.4693048
            ],
            [
              78.3113334,
              17.4693029
            ],
            [
              78.3113315,
              17.4694052
            ],
            [
              78.3114418,
              17.469407
            ],
            [
              78.3114425,
              17.4693732
            ],
            [
              78.3114722,
              17.4693737
            ],
            [
              78.311471,
              17.4694383
            ]
          ]
        ]
      }
    },
    {
      "type": "Feature",
      "properties": {
        "name": "Block-I",
        "osm_id": 1422235982,
        "type": "yes"
      },
      "geometry": {
        "type": "Polygon",
        "coordinates": [
          [
            [
              78.3121845,
              17.4682181
            ],
            [
              78.312092,
              17.4682156
            ],
            [
              78.3120897,
              17.4682901
            ],
            [
              78.3120466,
              17.4682889
            ],
            [
              78.3120491,
              17.4682076
            ],
            [
              78.3119426,
              17.4682047
            ],
            [
              78.3119381,
              17.4683515
            ],
            [
              78.3120091,
              17.4683535
            ],
            [
              78.3120094,
              17.4683441
            ],
            [
              78.312029,
              17.4683446
            ],
            [
              78.3120282,
              17.4683734
            ],
            [
              78.3120104,
              17.4683729
            ],
            [
              78.3120107,
              17.4683599
            ],
            [
              78.3119396,
              17.4683582
            ],
            [
              78.3119358,
              17.4685039
            ],
            [
              78.3120054,
              17.4685055
            ],
            [
              78.3120057,
              17.4684958
            ],
            [
              78.312032,
              17.4684964
            ],
            [
              78.3120293,
              17.4686092
            ],
            [
              78.3120021,
              17.4686086
            ],
            [
              78.3120024,
              17.4685939
            ],
            [
              78.3119301,
              17.4685924
            ],
            [
              78.3119269,
              17.4687415
            ],
            [
              78.3119997,
              17.468743
            ],
            [
              78.3119999,
              17.4687313
            ],
            [
              78.3120184,
              17.4687317
            ],
            [
              78.3120178,
              17.4687631
            ],
            [
              78.3119967,
              17.4687628
            ],
            [
              78.311997,
              17.4687481
            ],
            [
              78.3119287,
              17.468747
            ],
            [
              78.3119261,
              17.4688935
            ],
            [
              78.3120304,
              17.4688952
            ],
            [
              78.3120311,
              17.4688541
            ],
            [
              78.3120663,
              17.4688547
            ],
            [
              78.3120656,
              17.4688978
            ],
            [
              78.3121717,
              17.4688994
            ],
            [
              78.3121742,
              17.4687546
            ],
            [
              78.312114,
              17.4687537
            ],
            [
              78.3121139,
              17.468763
            ],
            [
              78.3120863,
              17.4687626
            ],
            [
              78.3120868,
              17.4687368
            ],
            [
              78.3121141,
              17.4687372
            ],
            [
              78.312114,
              17.4687438
            ],
            [
              78.3121713,
              17.4687448
            ],
            [
              78.3121737,
              17.4686045
            ],
            [
              78.3120856,
              17.468603
            ],
            [
              78.3120874,
              17.4685052
            ],
            [
              78.312109,
              17.4685055
            ],
            [
              78.3121088,
              17.4685167
            ],
            [
              78.3121849,
              17.4685181
            ],
            [
              78.3121883,
              17.4683595
            ],
            [
              78.3121162,
              17.468358
            ],
            [
              78.3121159,
              17.4683733
            ],
            [
              78.3120986,
              17.4683729
            ],
            [
              78.3120992,
              17.4683481
            ],
            [
              78.3121213,
              17.4683486
            ],
            [
              78.3121211,
              17.4683561
            ],
            [
              78.3121803,
              17.4683577
            ],
            [
              78.3121845,
              17.4682181
            ]
          ]
        ]
      }
    },
    {
      "type": "Feature",
      "properties": {
        "name": "Block-H",
        "osm_id": 1422235983,
        "type": "yes"
      },
      "geometry": {
        "type": "Polygon",
        "coordinates": [
          [
            [
              78.3115327,
              17.4688827
            ],
            [
              78.3116294,
              17.4688863
            ],
            [
              78.311631,
              17.4688459
            ],
            [
              78.3116636,
              17.4688471
            ],
            [
              78.3116619,
              17.4688894
            ],
            [
              78.3117646,
              17.4688932
            ],
            [
              78.3117698,
              17.4687662
            ],
            [
              78.3117114,
              17.4687641
            ],
            [
              78.3117111,
              17.4687695
            ],
            [
              78.3116916,
              17.4687688
            ],
            [
              78.3116922,
              17.4687539
            ],
            [
              78.3117004,
              17.4687542
            ],
            [
              78.3117001,
              17.4687618
            ],
            [
              78.311773,
              17.4687645
            ],
            [
              78.311778,
              17.4686417
            ],
            [
              78.3117077,
              17.4686391
            ],
            [
              78.3117072,
              17.4686528
            ],
            [
              78.3116954,
              17.4686524
            ],
            [
              78.3116992,
              17.4685589
            ],
            [
              78.3117732,
              17.4685617
            ],
            [
              78.3117776,
              17.4684522
            ],
            [
              78.3117198,
              17.4684501
            ],
            [
              78.3117191,
              17.4684655
            ],
            [
              78.3116831,
              17.4684642
            ],
            [
              78.3116848,
              17.4684217
            ],
            [
              78.3117265,
              17.4684232
            ],
            [
              78.3117262,
              17.4684306
            ],
            [
              78.311775,
              17.4684324
            ],
            [
              78.3117797,
              17.4683148
            ],
            [
              78.3115491,
              17.4683064
            ],
            [
              78.3115441,
              17.4684308
            ],
            [
              78.3115993,
              17.4684328
            ],
            [
              78.3115996,
              17.4684253
            ],
            [
              78.3116225,
              17.4684262
            ],
            [
              78.3116214,
              17.4684526
            ],
            [
              78.3116128,
              17.4684523
            ],
            [
              78.3116133,
              17.4684393
            ],
            [
              78.3115374,
              17.4684366
            ],
            [
              78.3115329,
              17.4685504
            ],
            [
              78.3116015,
              17.4685528
            ],
            [
              78.3116019,
              17.4685419
            ],
            [
              78.3116298,
              17.4685429
            ],
            [
              78.3116255,
              17.4686547
            ],
            [
              78.3116066,
              17.468654
            ],
            [
              78.3116071,
              17.468642
            ],
            [
              78.3115374,
              17.4686395
            ],
            [
              78.311533,
              17.4687522
            ],
            [
              78.3115947,
              17.4687544
            ],
            [
              78.3115987,
              17.4687441
            ],
            [
              78.3116147,
              17.4687447
            ],
            [
              78.3116135,
              17.4687743
            ],
            [
              78.3115911,
              17.4687735
            ],
            [
              78.3115914,
              17.4687655
            ],
            [
              78.3115375,
              17.4687635
            ],
            [
              78.3115327,
              17.4688827
            ]
          ]
        ]
      }
    },
    {
      "type": "Feature",
      "properties": {
        "name": "Block-G",
        "osm_id": 1422235984,
        "type": "yes"
      },
      "geometry": {
        "type": "Polygon",
        "coordinates": [
          [
            [
              78.3111325,
              17.4688847
            ],
            [
              78.3112292,
              17.4688882
            ],
            [
              78.3112308,
              17.4688478
            ],
            [
              78.3112634,
              17.468849
            ],
            [
              78.3112617,
              17.4688913
            ],
            [
              78.3113644,
              17.4688951
            ],
            [
              78.3113696,
              17.4687678
            ],
            [
              78.3113112,
              17.4687657
            ],
            [
              78.3113109,
              17.4687714
            ],
            [
              78.3112914,
              17.4687707
            ],
            [
              78.311292,
              17.4687559
            ],
            [
              78.3113002,
              17.4687562
            ],
            [
              78.3112999,
              17.4687637
            ],
            [
              78.3113728,
              17.4687664
            ],
            [
              78.3113778,
              17.4686436
            ],
            [
              78.3113075,
              17.468641
            ],
            [
              78.311307,
              17.4686547
            ],
            [
              78.3112952,
              17.4686543
            ],
            [
              78.311299,
              17.4685609
            ],
            [
              78.311373,
              17.4685636
            ],
            [
              78.3113774,
              17.4684541
            ],
            [
              78.3113196,
              17.468452
            ],
            [
              78.3113189,
              17.4684675
            ],
            [
              78.3112829,
              17.4684661
            ],
            [
              78.3112846,
              17.4684236
            ],
            [
              78.3113263,
              17.4684251
            ],
            [
              78.311326,
              17.4684325
            ],
            [
              78.3113748,
              17.4684343
            ],
            [
              78.3113795,
              17.4683167
            ],
            [
              78.3111489,
              17.4683083
            ],
            [
              78.3111439,
              17.4684327
            ],
            [
              78.3111991,
              17.4684347
            ],
            [
              78.3111994,
              17.4684273
            ],
            [
              78.3112223,
              17.4684281
            ],
            [
              78.3112212,
              17.4684546
            ],
            [
              78.3112126,
              17.4684543
            ],
            [
              78.3112131,
              17.4684412
            ],
            [
              78.3111372,
              17.4684385
            ],
            [
              78.3111327,
              17.4685523
            ],
            [
              78.3112013,
              17.4685548
            ],
            [
              78.3112017,
              17.4685439
            ],
            [
              78.3112296,
              17.4685448
            ],
            [
              78.3112253,
              17.4686566
            ],
            [
              78.3112064,
              17.468656
            ],
            [
              78.3112069,
              17.4686439
            ],
            [
              78.3111372,
              17.4686414
            ],
            [
              78.3111328,
              17.4687541
            ],
            [
              78.3111945,
              17.4687563
            ],
            [
              78.3111985,
              17.468746
            ],
            [
              78.3112145,
              17.4687466
            ],
            [
              78.3112133,
              17.4687762
            ],
            [
              78.3111909,
              17.4687754
            ],
            [
              78.3111912,
              17.4687674
            ],
            [
              78.3111373,
              17.4687655
            ],
            [
              78.3111325,
              17.4688847
            ]
          ]
        ]
      }
    },
    {
      "type": "Feature",
      "properties": {
        "name": "Block-D",
        "osm_id": 1422235985,
        "type": "yes"
      },
      "geometry": {
        "type": "Polygon",
        "coordinates": [
          [
            [
              78.3110448,
              17.4674869
            ],
            [
              78.3111415,
              17.4674905
            ],
            [
              78.3111432,
              17.4674501
            ],
            [
              78.3111757,
              17.4674513
            ],
            [
              78.311174,
              17.4674936
            ],
            [
              78.3112767,
              17.4674974
            ],
            [
              78.3112819,
              17.4673699
            ],
            [
              78.3112235,
              17.4673678
            ],
            [
              78.3112232,
              17.4673737
            ],
            [
              78.3112038,
              17.467373
            ],
            [
              78.3112044,
              17.4673581
            ],
            [
              78.3112126,
              17.4673584
            ],
            [
              78.3112123,
              17.467366
            ],
            [
              78.3112851,
              17.4673687
            ],
            [
              78.3112901,
              17.4672459
            ],
            [
              78.3112198,
              17.4672433
            ],
            [
              78.3112193,
              17.467257
            ],
            [
              78.3112076,
              17.4672566
            ],
            [
              78.3112113,
              17.4671631
            ],
            [
              78.3112853,
              17.4671659
            ],
            [
              78.3112897,
              17.4670564
            ],
            [
              78.3112319,
              17.4670543
            ],
            [
              78.3112313,
              17.4670697
            ],
            [
              78.3111952,
              17.4670684
            ],
            [
              78.3111969,
              17.4670258
            ],
            [
              78.3112387,
              17.4670274
            ],
            [
              78.3112384,
              17.4670348
            ],
            [
              78.3112872,
              17.4670366
            ],
            [
              78.3112919,
              17.466919
            ],
            [
              78.3110612,
              17.4669106
            ],
            [
              78.3110563,
              17.467035
            ],
            [
              78.3111114,
              17.467037
            ],
            [
              78.3111117,
              17.4670295
            ],
            [
              78.3111346,
              17.4670304
            ],
            [
              78.3111336,
              17.4670568
            ],
            [
              78.3111249,
              17.4670565
            ],
            [
              78.3111255,
              17.4670435
            ],
            [
              78.3110495,
              17.4670408
            ],
            [
              78.3110451,
              17.4671546
            ],
            [
              78.3111136,
              17.467157
            ],
            [
              78.3111141,
              17.4671461
            ],
            [
              78.311142,
              17.4671471
            ],
            [
              78.3111376,
              17.4672589
            ],
            [
              78.3111188,
              17.4672582
            ],
            [
              78.3111192,
              17.4672462
            ],
            [
              78.3110495,
              17.4672437
            ],
            [
              78.3110451,
              17.4673564
            ],
            [
              78.3111069,
              17.4673586
            ],
            [
              78.3111108,
              17.4673483
            ],
            [
              78.3111268,
              17.4673488
            ],
            [
              78.3111256,
              17.4673785
            ],
            [
              78.3111032,
              17.4673777
            ],
            [
              78.3111035,
              17.4673697
            ],
            [
              78.3110496,
              17.4673677
            ],
            [
              78.3110448,
              17.4674869
            ]
          ]
        ]
      }
    },
    {
      "type": "Feature",
      "properties": {
        "name": "Block-C",
        "osm_id": 1422235986,
        "type": "yes"
      },
      "geometry": {
        "type": "Polygon",
        "coordinates": [
          [
            [
              78.310962,
              17.4667914
            ],
            [
              78.3110587,
              17.466795
            ],
            [
              78.3110604,
              17.4667546
            ],
            [
              78.3110929,
              17.4667558
            ],
            [
              78.3110912,
              17.466798
            ],
            [
              78.3111939,
              17.4668018
            ],
            [
              78.3111991,
              17.4666747
            ],
            [
              78.3111407,
              17.4666725
            ],
            [
              78.3111404,
              17.4666781
            ],
            [
              78.311121,
              17.4666774
            ],
            [
              78.3111216,
              17.4666626
            ],
            [
              78.3111298,
              17.4666629
            ],
            [
              78.3111295,
              17.4666705
            ],
            [
              78.3112023,
              17.4666731
            ],
            [
              78.3112073,
              17.4665504
            ],
            [
              78.311137,
              17.4665478
            ],
            [
              78.3111365,
              17.4665615
            ],
            [
              78.3111248,
              17.466561
            ],
            [
              78.3111285,
              17.4664676
            ],
            [
              78.3112025,
              17.4664703
            ],
            [
              78.3112069,
              17.4663608
            ],
            [
              78.3111491,
              17.4663587
            ],
            [
              78.3111485,
              17.4663742
            ],
            [
              78.3111124,
              17.4663729
            ],
            [
              78.3111141,
              17.4663303
            ],
            [
              78.3111559,
              17.4663318
            ],
            [
              78.3111556,
              17.4663392
            ],
            [
              78.3112044,
              17.466341
            ],
            [
              78.3112091,
              17.4662234
            ],
            [
              78.3109784,
              17.4662151
            ],
            [
              78.3109735,
              17.4663394
            ],
            [
              78.3110286,
              17.4663414
            ],
            [
              78.3110289,
              17.466334
            ],
            [
              78.3110518,
              17.4663348
            ],
            [
              78.3110508,
              17.4663613
            ],
            [
              78.3110421,
              17.466361
            ],
            [
              78.3110427,
              17.466348
            ],
            [
              78.3109667,
              17.4663453
            ],
            [
              78.3109623,
              17.466459
            ],
            [
              78.3110308,
              17.4664615
            ],
            [
              78.3110313,
              17.4664506
            ],
            [
              78.3110592,
              17.4664516
            ],
            [
              78.3110548,
              17.4665634
            ],
            [
              78.311036,
              17.4665627
            ],
            [
              78.3110364,
              17.4665506
            ],
            [
              78.3109667,
              17.4665481
            ],
            [
              78.3109623,
              17.4666609
            ],
            [
              78.3110241,
              17.4666631
            ],
            [
              78.311028,
              17.4666527
            ],
            [
              78.311044,
              17.4666533
            ],
            [
              78.3110428,
              17.466683
            ],
            [
              78.3110204,
              17.4666821
            ],
            [
              78.3110207,
              17.4666742
            ],
            [
              78.3109668,
              17.4666722
            ],
            [
              78.310962,
              17.4667914
            ]
          ]
        ]
      }
    },
    {
      "type": "Feature",
      "properties": {
        "name": "Block-B",
        "osm_id": 1422235987,
        "type": "yes"
      },
      "geometry": {
        "type": "Polygon",
        "coordinates": [
          [
            [
              78.3113549,
              17.4667458
            ],
            [
              78.3114516,
              17.4667494
            ],
            [
              78.3114532,
              17.466709
            ],
            [
              78.3114858,
              17.4667102
            ],
            [
              78.311484,
              17.4667524
            ],
            [
              78.3115868,
              17.4667562
            ],
            [
              78.3115922,
              17.4666288
            ],
            [
              78.3115338,
              17.4666266
            ],
            [
              78.3115333,
              17.4666326
            ],
            [
              78.3115138,
              17.4666319
            ],
            [
              78.3115144,
              17.466617
            ],
            [
              78.3115226,
              17.4666173
            ],
            [
              78.3115223,
              17.4666249
            ],
            [
              78.3115952,
              17.4666276
            ],
            [
              78.3116001,
              17.4665048
            ],
            [
              78.3115299,
              17.4665022
            ],
            [
              78.3115293,
              17.4665159
            ],
            [
              78.3115176,
              17.4665154
            ],
            [
              78.3115214,
              17.466422
            ],
            [
              78.3115954,
              17.4664247
            ],
            [
              78.3115998,
              17.4663153
            ],
            [
              78.311542,
              17.4663132
            ],
            [
              78.3115413,
              17.4663286
            ],
            [
              78.3115053,
              17.4663273
            ],
            [
              78.311507,
              17.4662847
            ],
            [
              78.3115487,
              17.4662862
            ],
            [
              78.3115484,
              17.4662937
            ],
            [
              78.3115972,
              17.4662954
            ],
            [
              78.3116019,
              17.4661779
            ],
            [
              78.3113713,
              17.4661695
            ],
            [
              78.3113663,
              17.4662938
            ],
            [
              78.3114215,
              17.4662958
            ],
            [
              78.3114218,
              17.4662884
            ],
            [
              78.3114447,
              17.4662892
            ],
            [
              78.3114436,
              17.4663157
            ],
            [
              78.311435,
              17.4663154
            ],
            [
              78.3114355,
              17.4663024
            ],
            [
              78.3113596,
              17.4662997
            ],
            [
              78.3113551,
              17.4664135
            ],
            [
              78.3114237,
              17.4664159
            ],
            [
              78.3114241,
              17.466405
            ],
            [
              78.311452,
              17.466406
            ],
            [
              78.3114476,
              17.4665178
            ],
            [
              78.3114288,
              17.4665171
            ],
            [
              78.3114293,
              17.4665051
            ],
            [
              78.3113596,
              17.4665026
            ],
            [
              78.3113552,
              17.4666153
            ],
            [
              78.3114169,
              17.4666175
            ],
            [
              78.3114209,
              17.4666071
            ],
            [
              78.3114369,
              17.4666077
            ],
            [
              78.3114357,
              17.4666374
            ],
            [
              78.3114132,
              17.4666366
            ],
            [
              78.3114136,
              17.4666286
            ],
            [
              78.3113597,
              17.4666266
            ],
            [
              78.3113549,
              17.4667458
            ]
          ]
        ]
      }
    },
    {
      "type": "Feature",
      "properties": {
        "name": "Block-F",
        "osm_id": 1422235988,
        "type": "yes"
      },
      "geometry": {
        "type": "Polygon",
        "coordinates": [
          [
            [
              78.3111285,
              17.4681868
            ],
            [
              78.3112252,
              17.4681903
            ],
            [
              78.3112269,
              17.4681499
            ],
            [
              78.3112594,
              17.4681511
            ],
            [
              78.3112577,
              17.4681934
            ],
            [
              78.3113604,
              17.4681972
            ],
            [
              78.3113654,
              17.4680706
            ],
            [
              78.3113069,
              17.4680685
            ],
            [
              78.3113069,
              17.4680735
            ],
            [
              78.3112875,
              17.4680728
            ],
            [
              78.3112881,
              17.468058
            ],
            [
              78.3112963,
              17.4680583
            ],
            [
              78.311296,
              17.4680658
            ],
            [
              78.3113688,
              17.4680685
            ],
            [
              78.3113738,
              17.4679457
            ],
            [
              78.3113035,
              17.4679431
            ],
            [
              78.311303,
              17.4679568
            ],
            [
              78.3112913,
              17.4679564
            ],
            [
              78.311295,
              17.467863
            ],
            [
              78.311369,
              17.4678657
            ],
            [
              78.3113734,
              17.4677562
            ],
            [
              78.3113156,
              17.4677541
            ],
            [
              78.311315,
              17.4677696
            ],
            [
              78.3112789,
              17.4677682
            ],
            [
              78.3112806,
              17.4677257
            ],
            [
              78.3113224,
              17.4677272
            ],
            [
              78.3113221,
              17.4677346
            ],
            [
              78.3113709,
              17.4677364
            ],
            [
              78.3113756,
              17.4676188
            ],
            [
              78.3111449,
              17.4676104
            ],
            [
              78.31114,
              17.4677348
            ],
            [
              78.3111951,
              17.4677368
            ],
            [
              78.3111954,
              17.4677294
            ],
            [
              78.3112183,
              17.4677302
            ],
            [
              78.3112173,
              17.4677567
            ],
            [
              78.3112087,
              17.4677564
            ],
            [
              78.3112092,
              17.4677433
            ],
            [
              78.3111333,
              17.4677406
            ],
            [
              78.3111288,
              17.4678544
            ],
            [
              78.3111974,
              17.4678569
            ],
            [
              78.3111978,
              17.4678459
            ],
            [
              78.3112257,
              17.4678469
            ],
            [
              78.3112213,
              17.4679587
            ],
            [
              78.3112025,
              17.4679581
            ],
            [
              78.3112029,
              17.467946
            ],
            [
              78.3111332,
              17.4679435
            ],
            [
              78.3111288,
              17.4680562
            ],
            [
              78.3111906,
              17.4680584
            ],
            [
              78.3111946,
              17.4680481
            ],
            [
              78.3112105,
              17.4680487
            ],
            [
              78.3112093,
              17.4680783
            ],
            [
              78.3111869,
              17.4680775
            ],
            [
              78.3111872,
              17.4680695
            ],
            [
              78.3111333,
              17.4680675
            ],
            [
              78.3111285,
              17.4681868
            ]
          ]
        ]
      }
    },
    {
      "type": "Feature",
      "properties": {
        "name": "Block-E",
        "osm_id": 1422235989,
        "type": "yes"
      },
      "geometry": {
        "type": "Polygon",
        "coordinates": [
          [
            [
              78.31153,
              17.4669178
            ],
            [
              78.3116379,
              17.4669196
            ],
            [
              78.3116377,
              17.4669327
            ],
            [
              78.3116705,
              17.4669333
            ],
            [
              78.3116707,
              17.46692
            ],
            [
              78.311779,
              17.466922
            ],
            [
              78.3117759,
              17.4670715
            ],
            [
              78.3117088,
              17.4670702
            ],
            [
              78.311709,
              17.4670624
            ],
            [
              78.3116843,
              17.4670619
            ],
            [
              78.3116838,
              17.4670844
            ],
            [
              78.3117098,
              17.467085
            ],
            [
              78.31171,
              17.4670764
            ],
            [
              78.3117718,
              17.4670776
            ],
            [
              78.3117686,
              17.4672235
            ],
            [
              78.3116923,
              17.467222
            ],
            [
              78.3116902,
              17.4673169
            ],
            [
              78.3117049,
              17.4673172
            ],
            [
              78.3117051,
              17.4673093
            ],
            [
              78.3117696,
              17.4673106
            ],
            [
              78.3117664,
              17.4674612
            ],
            [
              78.3116942,
              17.4674598
            ],
            [
              78.3116943,
              17.4674524
            ],
            [
              78.311675,
              17.467452
            ],
            [
              78.3116745,
              17.4674731
            ],
            [
              78.3116998,
              17.4674736
            ],
            [
              78.3117,
              17.4674656
            ],
            [
              78.3117593,
              17.4674667
            ],
            [
              78.3117563,
              17.4676109
            ],
            [
              78.3116534,
              17.4676089
            ],
            [
              78.3116543,
              17.4675669
            ],
            [
              78.311619,
              17.4675662
            ],
            [
              78.3116181,
              17.467608
            ],
            [
              78.3115099,
              17.4676059
            ],
            [
              78.3115131,
              17.4674624
            ],
            [
              78.3115855,
              17.4674638
            ],
            [
              78.3115873,
              17.4674685
            ],
            [
              78.3115961,
              17.4674686
            ],
            [
              78.3115963,
              17.4674508
            ],
            [
              78.3115918,
              17.4674507
            ],
            [
              78.3115917,
              17.4674609
            ],
            [
              78.3115083,
              17.4674602
            ],
            [
              78.31151,
              17.4672983
            ],
            [
              78.3115971,
              17.4672991
            ],
            [
              78.311597,
              17.4673135
            ],
            [
              78.3116119,
              17.4673136
            ],
            [
              78.3116129,
              17.4672119
            ],
            [
              78.3115255,
              17.4672112
            ],
            [
              78.3115268,
              17.4670744
            ],
            [
              78.3115955,
              17.467075
            ],
            [
              78.3115954,
              17.4670807
            ],
            [
              78.3116108,
              17.4670809
            ],
            [
              78.3116111,
              17.4670584
            ],
            [
              78.3115934,
              17.4670582
            ],
            [
              78.3115933,
              17.4670629
            ],
            [
              78.3115274,
              17.4670619
            ],
            [
              78.31153,
              17.4669178
            ]
          ]
        ]
      }
    },
    {
      "type": "Feature",
      "properties": {
        "name": "Block-A",
        "osm_id": 1422235990,
        "type": "yes"
      },
      "geometry": {
        "type": "Polygon",
        "coordinates": [
          [
            [
              78.3117737,
              17.4660947
            ],
            [
              78.3118816,
              17.4660964
            ],
            [
              78.3118813,
              17.4661095
            ],
            [
              78.3119141,
              17.4661101
            ],
            [
              78.3119144,
              17.4660968
            ],
            [
              78.3120226,
              17.4660988
            ],
            [
              78.3120195,
              17.4662483
            ],
            [
              78.3119525,
              17.466247
            ],
            [
              78.3119527,
              17.4662392
            ],
            [
              78.3119279,
              17.4662387
            ],
            [
              78.3119274,
              17.4662613
            ],
            [
              78.3119534,
              17.4662618
            ],
            [
              78.3119536,
              17.4662532
            ],
            [
              78.3120155,
              17.4662544
            ],
            [
              78.3120123,
              17.4664004
            ],
            [
              78.311936,
              17.4663988
            ],
            [
              78.3119339,
              17.4664938
            ],
            [
              78.3119486,
              17.466494
            ],
            [
              78.3119487,
              17.4664861
            ],
            [
              78.3120133,
              17.4664874
            ],
            [
              78.31201,
              17.4666381
            ],
            [
              78.3119378,
              17.4666366
            ],
            [
              78.311938,
              17.4666292
            ],
            [
              78.3119187,
              17.4666288
            ],
            [
              78.3119182,
              17.46665
            ],
            [
              78.3119434,
              17.4666505
            ],
            [
              78.3119436,
              17.4666424
            ],
            [
              78.312003,
              17.4666435
            ],
            [
              78.312,
              17.4667877
            ],
            [
              78.311897,
              17.4667857
            ],
            [
              78.3118979,
              17.4667437
            ],
            [
              78.3118627,
              17.4667431
            ],
            [
              78.3118618,
              17.4667848
            ],
            [
              78.3117535,
              17.4667827
            ],
            [
              78.3117566,
              17.4666364
            ],
            [
              78.3118292,
              17.4666382
            ],
            [
              78.311831,
              17.4666453
            ],
            [
              78.3118398,
              17.4666454
            ],
            [
              78.31184,
              17.4666276
            ],
            [
              78.3118354,
              17.4666275
            ],
            [
              78.3118353,
              17.4666377
            ],
            [
              78.311752,
              17.4666357
            ],
            [
              78.3117536,
              17.4664751
            ],
            [
              78.3118408,
              17.4664759
            ],
            [
              78.3118406,
              17.4664903
            ],
            [
              78.3118555,
              17.4664904
            ],
            [
              78.3118565,
              17.4663888
            ],
            [
              78.3117691,
              17.466388
            ],
            [
              78.3117704,
              17.4662512
            ],
            [
              78.3118391,
              17.4662518
            ],
            [
              78.3118391,
              17.4662576
            ],
            [
              78.3118544,
              17.4662577
            ],
            [
              78.3118547,
              17.4662352
            ],
            [
              78.311837,
              17.466235
            ],
            [
              78.311837,
              17.4662398
            ],
            [
              78.3117711,
              17.4662387
            ],
            [
              78.3117737,
              17.4660947
            ]
          ]
        ]
      }
    },
    {
      "type": "Feature",
      "properties": {
        "name": "Block-L",
        "osm_id": 1422235991,
        "type": "yes"
      },
      "geometry": {
        "type": "Polygon",
        "coordinates": [
          [
            [
              78.3128401,
              17.4660019
            ],
            [
              78.312948,
              17.4660036
            ],
            [
              78.3129477,
              17.4660167
            ],
            [
              78.3129805,
              17.4660173
            ],
            [
              78.3129808,
              17.466004
            ],
            [
              78.313089,
              17.466006
            ],
            [
              78.3130859,
              17.4661555
            ],
            [
              78.3130189,
              17.4661542
            ],
            [
              78.3130191,
              17.4661464
            ],
            [
              78.3129943,
              17.4661459
            ],
            [
              78.3129938,
              17.4661685
            ],
            [
              78.3130198,
              17.466169
            ],
            [
              78.31302,
              17.4661604
            ],
            [
              78.3130819,
              17.4661616
            ],
            [
              78.3130787,
              17.4663076
            ],
            [
              78.3130024,
              17.466306
            ],
            [
              78.3130003,
              17.466401
            ],
            [
              78.313015,
              17.4664012
            ],
            [
              78.3130151,
              17.4663933
            ],
            [
              78.3130797,
              17.4663946
            ],
            [
              78.3130764,
              17.4665453
            ],
            [
              78.3130042,
              17.4665438
            ],
            [
              78.3130044,
              17.4665364
            ],
            [
              78.3129851,
              17.466536
            ],
            [
              78.3129846,
              17.4665572
            ],
            [
              78.3130098,
              17.4665577
            ],
            [
              78.31301,
              17.4665496
            ],
            [
              78.3130694,
              17.4665507
            ],
            [
              78.3130664,
              17.4666949
            ],
            [
              78.3129634,
              17.4666929
            ],
            [
              78.3129643,
              17.4666509
            ],
            [
              78.3129291,
              17.4666503
            ],
            [
              78.3129282,
              17.466692
            ],
            [
              78.3128199,
              17.4666899
            ],
            [
              78.312823,
              17.4665462
            ],
            [
              78.3128955,
              17.4665476
            ],
            [
              78.3128974,
              17.4665525
            ],
            [
              78.3129062,
              17.4665526
            ],
            [
              78.3129064,
              17.4665348
            ],
            [
              78.3129018,
              17.4665347
            ],
            [
              78.3129017,
              17.4665449
            ],
            [
              78.3128184,
              17.4665442
            ],
            [
              78.31282,
              17.4663823
            ],
            [
              78.3129072,
              17.4663831
            ],
            [
              78.312907,
              17.4663975
            ],
            [
              78.3129219,
              17.4663976
            ],
            [
              78.3129229,
              17.466296
            ],
            [
              78.3128355,
              17.4662952
            ],
            [
              78.3128368,
              17.4661584
            ],
            [
              78.3129055,
              17.466159
            ],
            [
              78.3129055,
              17.4661648
            ],
            [
              78.3129208,
              17.4661649
            ],
            [
              78.3129211,
              17.4661424
            ],
            [
              78.3129034,
              17.4661422
            ],
            [
              78.3129034,
              17.466147
            ],
            [
              78.3128375,
              17.4661459
            ],
            [
              78.3128401,
              17.4660019
            ]
          ]
        ]
      }
    },
    {
      "type": "Feature",
      "properties": {
        "name": "Block-M",
        "osm_id": 1422235992,
        "type": "yes"
      },
      "geometry": {
        "type": "Polygon",
        "coordinates": [
          [
            [
              78.3123726,
              17.4659883
            ],
            [
              78.3124804,
              17.4659901
            ],
            [
              78.3124802,
              17.4660032
            ],
            [
              78.312513,
              17.4660037
            ],
            [
              78.3125133,
              17.4659904
            ],
            [
              78.3126215,
              17.4659924
            ],
            [
              78.3126184,
              17.4661419
            ],
            [
              78.3125514,
              17.4661406
            ],
            [
              78.3125515,
              17.4661328
            ],
            [
              78.3125268,
              17.4661323
            ],
            [
              78.3125263,
              17.4661549
            ],
            [
              78.3125523,
              17.4661554
            ],
            [
              78.3125525,
              17.4661468
            ],
            [
              78.3126144,
              17.4661481
            ],
            [
              78.3126111,
              17.466294
            ],
            [
              78.3125348,
              17.4662925
            ],
            [
              78.3125327,
              17.4663874
            ],
            [
              78.3125474,
              17.4663877
            ],
            [
              78.3125476,
              17.4663798
            ],
            [
              78.3126122,
              17.4663811
            ],
            [
              78.3126089,
              17.4665317
            ],
            [
              78.3125367,
              17.4665303
            ],
            [
              78.3125369,
              17.4665228
            ],
            [
              78.3125175,
              17.4665224
            ],
            [
              78.3125171,
              17.4665436
            ],
            [
              78.3125423,
              17.4665441
            ],
            [
              78.3125425,
              17.466536
            ],
            [
              78.3126019,
              17.4665372
            ],
            [
              78.3125988,
              17.4666813
            ],
            [
              78.3124959,
              17.4666793
            ],
            [
              78.3124968,
              17.4666374
            ],
            [
              78.3124615,
              17.4666367
            ],
            [
              78.3124607,
              17.4666785
            ],
            [
              78.3123524,
              17.4666764
            ],
            [
              78.3123556,
              17.4665327
            ],
            [
              78.3124278,
              17.4665334
            ],
            [
              78.3124299,
              17.4665389
            ],
            [
              78.3124387,
              17.466539
            ],
            [
              78.3124389,
              17.4665212
            ],
            [
              78.3124343,
              17.4665212
            ],
            [
              78.3124342,
              17.4665314
            ],
            [
              78.3123509,
              17.4665306
            ],
            [
              78.3123525,
              17.4663687
            ],
            [
              78.3124396,
              17.4663695
            ],
            [
              78.3124395,
              17.4663839
            ],
            [
              78.3124544,
              17.4663841
            ],
            [
              78.3124554,
              17.4662824
            ],
            [
              78.312368,
              17.4662816
            ],
            [
              78.3123693,
              17.4661448
            ],
            [
              78.312438,
              17.4661454
            ],
            [
              78.3124379,
              17.4661512
            ],
            [
              78.3124533,
              17.4661514
            ],
            [
              78.3124536,
              17.4661288
            ],
            [
              78.3124359,
              17.4661286
            ],
            [
              78.3124358,
              17.4661334
            ],
            [
              78.31237,
              17.4661323
            ],
            [
              78.3123726,
              17.4659883
            ]
          ]
        ]
      }
    },
    {
      "type": "Feature",
      "properties": {
        "name": "Block-K",
        "osm_id": 1422235993,
        "type": "yes"
      },
      "geometry": {
        "type": "Polygon",
        "coordinates": [
          [
            [
              78.3123502,
              17.4668977
            ],
            [
              78.3124581,
              17.4668995
            ],
            [
              78.3124578,
              17.4669126
            ],
            [
              78.3124907,
              17.4669131
            ],
            [
              78.3124909,
              17.4668998
            ],
            [
              78.3125991,
              17.4669018
            ],
            [
              78.312596,
              17.4670513
            ],
            [
              78.312529,
              17.46705
            ],
            [
              78.3125292,
              17.4670422
            ],
            [
              78.3125044,
              17.4670417
            ],
            [
              78.3125039,
              17.4670643
            ],
            [
              78.3125299,
              17.4670648
            ],
            [
              78.3125301,
              17.4670562
            ],
            [
              78.312592,
              17.4670575
            ],
            [
              78.3125888,
              17.4672034
            ],
            [
              78.3125125,
              17.4672019
            ],
            [
              78.3125104,
              17.4672968
            ],
            [
              78.3125251,
              17.4672971
            ],
            [
              78.3125252,
              17.4672892
            ],
            [
              78.3125898,
              17.4672904
            ],
            [
              78.3125865,
              17.4674411
            ],
            [
              78.3125143,
              17.4674397
            ],
            [
              78.3125145,
              17.4674322
            ],
            [
              78.3124952,
              17.4674318
            ],
            [
              78.3124947,
              17.467453
            ],
            [
              78.31252,
              17.4674535
            ],
            [
              78.3125201,
              17.4674454
            ],
            [
              78.3125795,
              17.4674466
            ],
            [
              78.3125765,
              17.4675907
            ],
            [
              78.3124736,
              17.4675887
            ],
            [
              78.3124744,
              17.4675468
            ],
            [
              78.3124392,
              17.4675461
            ],
            [
              78.3124383,
              17.4675878
            ],
            [
              78.31233,
              17.4675858
            ],
            [
              78.3123331,
              17.467442
            ],
            [
              78.3124055,
              17.4674425
            ],
            [
              78.3124075,
              17.4674483
            ],
            [
              78.3124163,
              17.4674484
            ],
            [
              78.3124165,
              17.4674306
            ],
            [
              78.3124119,
              17.4674306
            ],
            [
              78.3124118,
              17.4674408
            ],
            [
              78.3123285,
              17.46744
            ],
            [
              78.3123301,
              17.4672781
            ],
            [
              78.3124173,
              17.4672789
            ],
            [
              78.3124171,
              17.4672933
            ],
            [
              78.3124321,
              17.4672934
            ],
            [
              78.312433,
              17.4671918
            ],
            [
              78.3123456,
              17.467191
            ],
            [
              78.3123469,
              17.4670542
            ],
            [
              78.3124157,
              17.4670548
            ],
            [
              78.3124156,
              17.4670606
            ],
            [
              78.312431,
              17.4670608
            ],
            [
              78.3124313,
              17.4670382
            ],
            [
              78.3124136,
              17.467038
            ],
            [
              78.3124135,
              17.4670428
            ],
            [
              78.3123476,
              17.4670417
            ],
            [
              78.3123502,
              17.4668977
            ]
          ]
        ]
      }
    },
    {
      "type": "Feature",
      "properties": {
        "name": "Hima Sai Lake View Towers",
        "osm_id": 1422235997,
        "type": "residential"
      },
      "geometry": {
        "type": "Polygon",
        "coordinates": [
          [
            [
              78.3108634,
              17.4675415
            ],
            [
              78.3109036,
              17.4676351
            ],
            [
              78.3109204,
              17.4683033
            ],
            [
              78.3107856,
              17.4683628
            ],
            [
              78.3099816,
              17.4683696
            ],
            [
              78.3099155,
              17.4676034
            ],
            [
              78.3108634,
              17.4675415
            ]
          ]
        ]
      }
    },
    {
      "type": "Feature",
      "properties": {
        "name": "Block-I",
        "osm_id": 1422235999,
        "type": "yes"
      },
      "geometry": {
        "type": "Polygon",
        "coordinates": [
          [
            [
              78.3103887,
              17.4655124
            ],
            [
              78.310461,
              17.4655147
            ],
            [
              78.3104605,
              17.4655277
            ],
            [
              78.310492,
              17.4655287
            ],
            [
              78.3104916,
              17.46554
            ],
            [
              78.3104523,
              17.4655388
            ],
            [
              78.3104507,
              17.4655851
            ],
            [
              78.310407,
              17.4655837
            ],
            [
              78.3104059,
              17.4656163
            ],
            [
              78.310497,
              17.4656192
            ],
            [
              78.3104964,
              17.4656394
            ],
            [
              78.3104527,
              17.4656381
            ],
            [
              78.3104524,
              17.465647
            ],
            [
              78.3103891,
              17.4656451
            ],
            [
              78.3103859,
              17.4657448
            ],
            [
              78.3104478,
              17.4657466
            ],
            [
              78.3104474,
              17.4657604
            ],
            [
              78.3104654,
              17.4657609
            ],
            [
              78.3104656,
              17.4657529
            ],
            [
              78.3105052,
              17.4657539
            ],
            [
              78.3105061,
              17.4657177
            ],
            [
              78.3105245,
              17.4657182
            ],
            [
              78.3105247,
              17.4657123
            ],
            [
              78.3105662,
              17.4657132
            ],
            [
              78.3105659,
              17.4657251
            ],
            [
              78.3105832,
              17.4657255
            ],
            [
              78.3105836,
              17.4657101
            ],
            [
              78.3106489,
              17.4657114
            ],
            [
              78.310651,
              17.4656122
            ],
            [
              78.3106136,
              17.4656114
            ],
            [
              78.3106138,
              17.4656008
            ],
            [
              78.3105742,
              17.4656
            ],
            [
              78.3105704,
              17.4656102
            ],
            [
              78.3105515,
              17.4656095
            ],
            [
              78.3105538,
              17.4655559
            ],
            [
              78.3105646,
              17.4655563
            ],
            [
              78.3105643,
              17.4655634
            ],
            [
              78.3105991,
              17.4655648
            ],
            [
              78.3105996,
              17.4655548
            ],
            [
              78.3106459,
              17.4655565
            ],
            [
              78.3106458,
              17.4655608
            ],
            [
              78.3106546,
              17.4655612
            ],
            [
              78.3106587,
              17.4654519
            ],
            [
              78.3106125,
              17.4654503
            ],
            [
              78.3106127,
              17.4654449
            ],
            [
              78.3105698,
              17.4654435
            ],
            [
              78.3105694,
              17.4654551
            ],
            [
              78.3105288,
              17.465454
            ],
            [
              78.3105285,
              17.4654627
            ],
            [
              78.3105112,
              17.4654622
            ],
            [
              78.3105126,
              17.4654132
            ],
            [
              78.3104857,
              17.4654125
            ],
            [
              78.310486,
              17.4654015
            ],
            [
              78.3104388,
              17.4654003
            ],
            [
              78.3104362,
              17.4654088
            ],
            [
              78.3103924,
              17.4654074
            ],
            [
              78.3103887,
              17.4655124
            ]
          ]
        ]
      }
    },
    {
      "type": "Feature",
      "properties": {
        "name": "Block-H",
        "osm_id": 1422236000,
        "type": "yes"
      },
      "geometry": {
        "type": "Polygon",
        "coordinates": [
          [
            [
              78.3099554,
              17.4655944
            ],
            [
              78.3100277,
              17.4655967
            ],
            [
              78.3100272,
              17.4656097
            ],
            [
              78.3100587,
              17.4656107
            ],
            [
              78.3100583,
              17.465622
            ],
            [
              78.3100191,
              17.4656208
            ],
            [
              78.3100175,
              17.4656671
            ],
            [
              78.3099737,
              17.4656657
            ],
            [
              78.3099726,
              17.4656983
            ],
            [
              78.3100638,
              17.4657012
            ],
            [
              78.3100631,
              17.4657214
            ],
            [
              78.3100194,
              17.4657201
            ],
            [
              78.3100191,
              17.4657289
            ],
            [
              78.3099558,
              17.4657271
            ],
            [
              78.3099527,
              17.4658268
            ],
            [
              78.3100146,
              17.4658286
            ],
            [
              78.3100141,
              17.4658424
            ],
            [
              78.3100322,
              17.4658429
            ],
            [
              78.3100324,
              17.4658349
            ],
            [
              78.3100719,
              17.4658359
            ],
            [
              78.3100729,
              17.4657997
            ],
            [
              78.3100913,
              17.4658001
            ],
            [
              78.3100914,
              17.4657943
            ],
            [
              78.310133,
              17.4657952
            ],
            [
              78.3101327,
              17.4658071
            ],
            [
              78.31015,
              17.4658074
            ],
            [
              78.3101503,
              17.4657921
            ],
            [
              78.3102156,
              17.4657934
            ],
            [
              78.3102178,
              17.4656941
            ],
            [
              78.3101803,
              17.4656934
            ],
            [
              78.3101805,
              17.4656828
            ],
            [
              78.3101409,
              17.465682
            ],
            [
              78.3101371,
              17.4656922
            ],
            [
              78.3101182,
              17.4656914
            ],
            [
              78.3101206,
              17.4656379
            ],
            [
              78.3101314,
              17.4656383
            ],
            [
              78.3101311,
              17.4656454
            ],
            [
              78.3101659,
              17.4656467
            ],
            [
              78.3101663,
              17.4656367
            ],
            [
              78.3102127,
              17.4656385
            ],
            [
              78.3102125,
              17.4656428
            ],
            [
              78.3102213,
              17.4656431
            ],
            [
              78.3102255,
              17.4655339
            ],
            [
              78.3101792,
              17.4655323
            ],
            [
              78.3101794,
              17.4655268
            ],
            [
              78.3101365,
              17.4655255
            ],
            [
              78.3101362,
              17.4655371
            ],
            [
              78.3100955,
              17.4655359
            ],
            [
              78.3100953,
              17.4655447
            ],
            [
              78.3100779,
              17.4655442
            ],
            [
              78.3100794,
              17.4654952
            ],
            [
              78.3100524,
              17.4654945
            ],
            [
              78.3100527,
              17.4654835
            ],
            [
              78.3100055,
              17.4654823
            ],
            [
              78.310003,
              17.4654908
            ],
            [
              78.3099591,
              17.4654894
            ],
            [
              78.3099554,
              17.4655944
            ]
          ]
        ]
      }
    },
    {
      "type": "Feature",
      "properties": {
        "name": "Block-G",
        "osm_id": 1422236001,
        "type": "yes"
      },
      "geometry": {
        "type": "Polygon",
        "coordinates": [
          [
            [
              78.3099507,
              17.4650821
            ],
            [
              78.310023,
              17.4650844
            ],
            [
              78.3100226,
              17.4650974
            ],
            [
              78.3100541,
              17.4650984
            ],
            [
              78.3100537,
              17.4651097
            ],
            [
              78.3100144,
              17.4651085
            ],
            [
              78.3100128,
              17.4651548
            ],
            [
              78.3099691,
              17.4651534
            ],
            [
              78.3099679,
              17.465186
            ],
            [
              78.3100591,
              17.4651889
            ],
            [
              78.3100584,
              17.4652091
            ],
            [
              78.3100147,
              17.4652078
            ],
            [
              78.3100144,
              17.4652166
            ],
            [
              78.3099511,
              17.4652148
            ],
            [
              78.309948,
              17.4653145
            ],
            [
              78.3100099,
              17.4653163
            ],
            [
              78.3100095,
              17.4653301
            ],
            [
              78.3100275,
              17.4653306
            ],
            [
              78.3100277,
              17.4653226
            ],
            [
              78.3100672,
              17.4653236
            ],
            [
              78.3100682,
              17.4652874
            ],
            [
              78.3100866,
              17.4652879
            ],
            [
              78.3100867,
              17.465282
            ],
            [
              78.3101283,
              17.4652829
            ],
            [
              78.310128,
              17.4652948
            ],
            [
              78.3101453,
              17.4652952
            ],
            [
              78.3101456,
              17.4652798
            ],
            [
              78.3102109,
              17.4652811
            ],
            [
              78.3102131,
              17.4651818
            ],
            [
              78.3101756,
              17.4651811
            ],
            [
              78.3101759,
              17.4651705
            ],
            [
              78.3101363,
              17.4651697
            ],
            [
              78.3101324,
              17.4651799
            ],
            [
              78.3101135,
              17.4651792
            ],
            [
              78.3101159,
              17.4651256
            ],
            [
              78.3101267,
              17.465126
            ],
            [
              78.3101264,
              17.4651331
            ],
            [
              78.3101612,
              17.4651345
            ],
            [
              78.3101616,
              17.4651244
            ],
            [
              78.310208,
              17.4651262
            ],
            [
              78.3102078,
              17.4651305
            ],
            [
              78.3102166,
              17.4651308
            ],
            [
              78.3102208,
              17.4650216
            ],
            [
              78.3101746,
              17.46502
            ],
            [
              78.3101748,
              17.4650146
            ],
            [
              78.3101319,
              17.4650132
            ],
            [
              78.3101315,
              17.4650248
            ],
            [
              78.3100909,
              17.4650237
            ],
            [
              78.3100906,
              17.4650324
            ],
            [
              78.3100733,
              17.4650319
            ],
            [
              78.3100747,
              17.4649829
            ],
            [
              78.3100477,
              17.4649822
            ],
            [
              78.3100481,
              17.4649712
            ],
            [
              78.3100008,
              17.46497
            ],
            [
              78.3099983,
              17.4649785
            ],
            [
              78.3099544,
              17.4649771
            ],
            [
              78.3099507,
              17.4650821
            ]
          ]
        ]
      }
    },
    {
      "type": "Feature",
      "properties": {
        "name": "Block-F",
        "osm_id": 1422236002,
        "type": "yes"
      },
      "geometry": {
        "type": "Polygon",
        "coordinates": [
          [
            [
              78.3099496,
              17.464572
            ],
            [
              78.3100219,
              17.4645743
            ],
            [
              78.3100214,
              17.4645873
            ],
            [
              78.3100529,
              17.4645883
            ],
            [
              78.3100525,
              17.4645996
            ],
            [
              78.3100132,
              17.4645984
            ],
            [
              78.3100116,
              17.4646447
            ],
            [
              78.3099679,
              17.4646433
            ],
            [
              78.3099668,
              17.464676
            ],
            [
              78.3100579,
              17.4646788
            ],
            [
              78.3100572,
              17.464699
            ],
            [
              78.3100135,
              17.4646977
            ],
            [
              78.3100133,
              17.4647066
            ],
            [
              78.30995,
              17.4647048
            ],
            [
              78.3099468,
              17.4648044
            ],
            [
              78.3100087,
              17.4648062
            ],
            [
              78.3100083,
              17.46482
            ],
            [
              78.3100263,
              17.4648205
            ],
            [
              78.3100265,
              17.4648125
            ],
            [
              78.3100661,
              17.4648135
            ],
            [
              78.310067,
              17.4647773
            ],
            [
              78.3100854,
              17.4647778
            ],
            [
              78.3100856,
              17.4647719
            ],
            [
              78.3101271,
              17.4647728
            ],
            [
              78.3101268,
              17.4647847
            ],
            [
              78.3101441,
              17.4647851
            ],
            [
              78.3101445,
              17.4647698
            ],
            [
              78.3102098,
              17.464771
            ],
            [
              78.3102119,
              17.4646718
            ],
            [
              78.3101745,
              17.4646711
            ],
            [
              78.3101747,
              17.4646604
            ],
            [
              78.3101351,
              17.4646597
            ],
            [
              78.3101313,
              17.4646698
            ],
            [
              78.3101124,
              17.4646691
            ],
            [
              78.3101147,
              17.4646155
            ],
            [
              78.3101255,
              17.4646159
            ],
            [
              78.3101252,
              17.464623
            ],
            [
              78.31016,
              17.4646244
            ],
            [
              78.3101605,
              17.4646144
            ],
            [
              78.3102068,
              17.4646162
            ],
            [
              78.3102066,
              17.4646205
            ],
            [
              78.3102155,
              17.4646208
            ],
            [
              78.3102196,
              17.4645116
            ],
            [
              78.3101734,
              17.46451
            ],
            [
              78.3101736,
              17.4645045
            ],
            [
              78.3101307,
              17.4645032
            ],
            [
              78.3101303,
              17.4645148
            ],
            [
              78.3100897,
              17.4645136
            ],
            [
              78.3100894,
              17.4645223
            ],
            [
              78.3100721,
              17.4645218
            ],
            [
              78.3100735,
              17.4644728
            ],
            [
              78.3100466,
              17.4644721
            ],
            [
              78.3100469,
              17.4644612
            ],
            [
              78.3099997,
              17.4644599
            ],
            [
              78.3099971,
              17.4644684
            ],
            [
              78.3099533,
              17.464467
            ],
            [
              78.3099496,
              17.464572
            ]
          ]
        ]
      }
    },
    {
      "type": "Feature",
      "properties": {
        "name": "Block-E",
        "osm_id": 1422236003,
        "type": "yes"
      },
      "geometry": {
        "type": "Polygon",
        "coordinates": [
          [
            [
              78.310378,
              17.4644406
            ],
            [
              78.3104503,
              17.4644429
            ],
            [
              78.3104499,
              17.4644559
            ],
            [
              78.3104814,
              17.4644569
            ],
            [
              78.310481,
              17.4644682
            ],
            [
              78.3104417,
              17.464467
            ],
            [
              78.3104401,
              17.4645133
            ],
            [
              78.3103964,
              17.4645119
            ],
            [
              78.3103952,
              17.4645446
            ],
            [
              78.3104864,
              17.4645474
            ],
            [
              78.3104857,
              17.4645676
            ],
            [
              78.310442,
              17.4645663
            ],
            [
              78.3104417,
              17.4645752
            ],
            [
              78.3103784,
              17.4645733
            ],
            [
              78.3103753,
              17.464673
            ],
            [
              78.3104372,
              17.4646748
            ],
            [
              78.3104368,
              17.4646886
            ],
            [
              78.3104548,
              17.4646891
            ],
            [
              78.310455,
              17.4646811
            ],
            [
              78.3104945,
              17.4646821
            ],
            [
              78.3104955,
              17.4646459
            ],
            [
              78.3105139,
              17.4646464
            ],
            [
              78.310514,
              17.4646405
            ],
            [
              78.3105556,
              17.4646414
            ],
            [
              78.3105553,
              17.4646533
            ],
            [
              78.3105726,
              17.4646537
            ],
            [
              78.3105729,
              17.4646383
            ],
            [
              78.3106382,
              17.4646396
            ],
            [
              78.3106404,
              17.4645404
            ],
            [
              78.3106029,
              17.4645396
            ],
            [
              78.3106032,
              17.464529
            ],
            [
              78.3105636,
              17.4645283
            ],
            [
              78.3105598,
              17.4645384
            ],
            [
              78.3105408,
              17.4645377
            ],
            [
              78.3105432,
              17.4644841
            ],
            [
              78.310554,
              17.4644845
            ],
            [
              78.3105537,
              17.4644916
            ],
            [
              78.3105885,
              17.464493
            ],
            [
              78.3105889,
              17.464483
            ],
            [
              78.3106353,
              17.4644847
            ],
            [
              78.3106351,
              17.4644891
            ],
            [
              78.3106439,
              17.4644894
            ],
            [
              78.3106481,
              17.4643802
            ],
            [
              78.3106019,
              17.4643786
            ],
            [
              78.3106021,
              17.4643731
            ],
            [
              78.3105592,
              17.4643718
            ],
            [
              78.3105588,
              17.4643833
            ],
            [
              78.3105182,
              17.4643822
            ],
            [
              78.3105179,
              17.4643909
            ],
            [
              78.3105006,
              17.4643904
            ],
            [
              78.310502,
              17.4643414
            ],
            [
              78.310475,
              17.4643407
            ],
            [
              78.3104754,
              17.4643297
            ],
            [
              78.3104281,
              17.4643285
            ],
            [
              78.3104256,
              17.464337
            ],
            [
              78.3103818,
              17.4643356
            ],
            [
              78.310378,
              17.4644406
            ]
          ]
        ]
      }
    },
    {
      "type": "Feature",
      "properties": {
        "name": "Block-D",
        "osm_id": 1422236004,
        "type": "yes"
      },
      "geometry": {
        "type": "Polygon",
        "coordinates": [
          [
            [
              78.3108567,
              17.4642913
            ],
            [
              78.310929,
              17.4642937
            ],
            [
              78.3109285,
              17.4643067
            ],
            [
              78.3109601,
              17.4643077
            ],
            [
              78.3109597,
              17.464319
            ],
            [
              78.3109204,
              17.4643178
            ],
            [
              78.3109188,
              17.4643641
            ],
            [
              78.310875,
              17.4643627
            ],
            [
              78.3108739,
              17.4643953
            ],
            [
              78.3109651,
              17.4643982
            ],
            [
              78.3109644,
              17.4644184
            ],
            [
              78.3109207,
              17.4644171
            ],
            [
              78.3109204,
              17.4644259
            ],
            [
              78.3108571,
              17.4644241
            ],
            [
              78.310854,
              17.4645238
            ],
            [
              78.3109159,
              17.4645256
            ],
            [
              78.3109154,
              17.4645394
            ],
            [
              78.3109335,
              17.4645399
            ],
            [
              78.3109337,
              17.4645319
            ],
            [
              78.3109732,
              17.4645329
            ],
            [
              78.3109742,
              17.4644967
            ],
            [
              78.3109926,
              17.4644971
            ],
            [
              78.3109927,
              17.4644913
            ],
            [
              78.3110343,
              17.4644922
            ],
            [
              78.311034,
              17.4645041
            ],
            [
              78.3110513,
              17.4645044
            ],
            [
              78.3110516,
              17.4644891
            ],
            [
              78.3111169,
              17.4644904
            ],
            [
              78.3111191,
              17.4643911
            ],
            [
              78.3110816,
              17.4643904
            ],
            [
              78.3110818,
              17.4643798
            ],
            [
              78.3110422,
              17.464379
            ],
            [
              78.3110384,
              17.4643892
            ],
            [
              78.3110195,
              17.4643884
            ],
            [
              78.3110219,
              17.4643348
            ],
            [
              78.3110327,
              17.4643353
            ],
            [
              78.3110324,
              17.4643424
            ],
            [
              78.3110672,
              17.4643437
            ],
            [
              78.3110676,
              17.4643337
            ],
            [
              78.311114,
              17.4643355
            ],
            [
              78.3111138,
              17.4643398
            ],
            [
              78.3111226,
              17.4643401
            ],
            [
              78.3111268,
              17.4642309
            ],
            [
              78.3110806,
              17.4642293
            ],
            [
              78.3110808,
              17.4642238
            ],
            [
              78.3110379,
              17.4642225
            ],
            [
              78.3110375,
              17.4642341
            ],
            [
              78.3109968,
              17.4642329
            ],
            [
              78.3109966,
              17.4642417
            ],
            [
              78.3109792,
              17.4642412
            ],
            [
              78.3109807,
              17.4641922
            ],
            [
              78.3109537,
              17.4641915
            ],
            [
              78.310954,
              17.4641805
            ],
            [
              78.3109068,
              17.4641793
            ],
            [
              78.3109043,
              17.4641878
            ],
            [
              78.3108604,
              17.4641864
            ],
            [
              78.3108567,
              17.4642913
            ]
          ]
        ]
      }
    },
    {
      "type": "Feature",
      "properties": {
        "name": "Block-C",
        "osm_id": 1422236005,
        "type": "yes"
      },
      "geometry": {
        "type": "Polygon",
        "coordinates": [
          [
            [
              78.3112747,
              17.464161
            ],
            [
              78.311347,
              17.4641634
            ],
            [
              78.3113465,
              17.4641764
            ],
            [
              78.311378,
              17.4641774
            ],
            [
              78.3113776,
              17.4641887
            ],
            [
              78.3113384,
              17.4641875
            ],
            [
              78.3113368,
              17.4642338
            ],
            [
              78.311293,
              17.4642324
            ],
            [
              78.3112919,
              17.464265
            ],
            [
              78.311383,
              17.4642679
            ],
            [
              78.3113824,
              17.4642881
            ],
            [
              78.3113387,
              17.4642868
            ],
            [
              78.3113384,
              17.4642956
            ],
            [
              78.3112751,
              17.4642938
            ],
            [
              78.3112719,
              17.4643935
            ],
            [
              78.3113338,
              17.4643953
            ],
            [
              78.3113334,
              17.4644091
            ],
            [
              78.3113514,
              17.4644096
            ],
            [
              78.3113517,
              17.4644016
            ],
            [
              78.3113912,
              17.4644026
            ],
            [
              78.3113922,
              17.4643664
            ],
            [
              78.3114105,
              17.4643668
            ],
            [
              78.3114107,
              17.464361
            ],
            [
              78.3114522,
              17.4643619
            ],
            [
              78.3114519,
              17.4643738
            ],
            [
              78.3114692,
              17.4643741
            ],
            [
              78.3114696,
              17.4643588
            ],
            [
              78.3115349,
              17.4643601
            ],
            [
              78.311537,
              17.4642608
            ],
            [
              78.3114996,
              17.4642601
            ],
            [
              78.3114998,
              17.4642495
            ],
            [
              78.3114602,
              17.4642487
            ],
            [
              78.3114564,
              17.4642589
            ],
            [
              78.3114375,
              17.4642581
            ],
            [
              78.3114398,
              17.4642045
            ],
            [
              78.3114506,
              17.464205
            ],
            [
              78.3114503,
              17.4642121
            ],
            [
              78.3114852,
              17.4642134
            ],
            [
              78.3114856,
              17.4642034
            ],
            [
              78.3115319,
              17.4642052
            ],
            [
              78.3115318,
              17.4642095
            ],
            [
              78.3115406,
              17.4642098
            ],
            [
              78.3115447,
              17.4641006
            ],
            [
              78.3114985,
              17.464099
            ],
            [
              78.3114987,
              17.4640935
            ],
            [
              78.3114558,
              17.4640922
            ],
            [
              78.3114554,
              17.4641038
            ],
            [
              78.3114148,
              17.4641026
            ],
            [
              78.3114145,
              17.4641114
            ],
            [
              78.3113972,
              17.4641109
            ],
            [
              78.3113986,
              17.4640619
            ],
            [
              78.3113717,
              17.4640612
            ],
            [
              78.311372,
              17.4640502
            ],
            [
              78.3113248,
              17.464049
            ],
            [
              78.3113222,
              17.4640575
            ],
            [
              78.3112784,
              17.4640561
            ],
            [
              78.3112747,
              17.464161
            ]
          ]
        ]
      }
    },
    {
      "type": "Feature",
      "properties": {
        "name": "Block-B",
        "osm_id": 1422236006,
        "type": "yes"
      },
      "geometry": {
        "type": "Polygon",
        "coordinates": [
          [
            [
              78.3112665,
              17.4646733
            ],
            [
              78.3113388,
              17.4646757
            ],
            [
              78.3113383,
              17.4646887
            ],
            [
              78.3113698,
              17.4646897
            ],
            [
              78.3113695,
              17.464701
            ],
            [
              78.3113302,
              17.4646998
            ],
            [
              78.3113286,
              17.464746
            ],
            [
              78.3112848,
              17.4647447
            ],
            [
              78.3112837,
              17.4647773
            ],
            [
              78.3113749,
              17.4647801
            ],
            [
              78.3113742,
              17.4648004
            ],
            [
              78.3113305,
              17.464799
            ],
            [
              78.3113302,
              17.4648079
            ],
            [
              78.3112669,
              17.4648061
            ],
            [
              78.3112638,
              17.4649058
            ],
            [
              78.3113257,
              17.4649076
            ],
            [
              78.3113252,
              17.4649214
            ],
            [
              78.3113433,
              17.4649219
            ],
            [
              78.3113435,
              17.4649139
            ],
            [
              78.311383,
              17.4649149
            ],
            [
              78.311384,
              17.4648787
            ],
            [
              78.3114024,
              17.4648791
            ],
            [
              78.3114025,
              17.4648733
            ],
            [
              78.3114441,
              17.4648742
            ],
            [
              78.3114438,
              17.4648861
            ],
            [
              78.3114611,
              17.4648864
            ],
            [
              78.3114614,
              17.4648711
            ],
            [
              78.3115267,
              17.4648724
            ],
            [
              78.3115289,
              17.4647731
            ],
            [
              78.3114914,
              17.4647724
            ],
            [
              78.3114916,
              17.4647618
            ],
            [
              78.311452,
              17.464761
            ],
            [
              78.3114482,
              17.4647712
            ],
            [
              78.3114293,
              17.4647704
            ],
            [
              78.3114317,
              17.4647168
            ],
            [
              78.3114425,
              17.4647173
            ],
            [
              78.3114422,
              17.4647244
            ],
            [
              78.311477,
              17.4647257
            ],
            [
              78.3114774,
              17.4647157
            ],
            [
              78.3115238,
              17.4647175
            ],
            [
              78.3115236,
              17.4647218
            ],
            [
              78.3115324,
              17.4647221
            ],
            [
              78.3115366,
              17.4646129
            ],
            [
              78.3114903,
              17.4646113
            ],
            [
              78.3114905,
              17.4646058
            ],
            [
              78.3114476,
              17.4646045
            ],
            [
              78.3114473,
              17.4646161
            ],
            [
              78.3114066,
              17.4646149
            ],
            [
              78.3114064,
              17.4646236
            ],
            [
              78.311389,
              17.4646232
            ],
            [
              78.3113905,
              17.4645742
            ],
            [
              78.3113635,
              17.4645735
            ],
            [
              78.3113638,
              17.4645625
            ],
            [
              78.3113166,
              17.4645613
            ],
            [
              78.3113141,
              17.4645698
            ],
            [
              78.3112702,
              17.4645684
            ],
            [
              78.3112665,
              17.4646733
            ]
          ]
        ]
      }
    },
    {
      "type": "Feature",
      "properties": {
        "name": "Block-A",
        "osm_id": 1422236007,
        "type": "yes"
      },
      "geometry": {
        "type": "Polygon",
        "coordinates": [
          [
            [
              78.3113292,
              17.465098
            ],
            [
              78.311328,
              17.4651508
            ],
            [
              78.3113084,
              17.4651504
            ],
            [
              78.3113081,
              17.465165
            ],
            [
              78.3113173,
              17.4651652
            ],
            [
              78.3113169,
              17.4651802
            ],
            [
              78.3113096,
              17.4651831
            ],
            [
              78.3113071,
              17.465221
            ],
            [
              78.3113764,
              17.4652251
            ],
            [
              78.3113771,
              17.4652131
            ],
            [
              78.311367,
              17.4652125
            ],
            [
              78.3113682,
              17.465194
            ],
            [
              78.3113526,
              17.4651932
            ],
            [
              78.311354,
              17.4651702
            ],
            [
              78.3113589,
              17.4651704
            ],
            [
              78.3113594,
              17.4651632
            ],
            [
              78.3113617,
              17.4651633
            ],
            [
              78.3113618,
              17.4651614
            ],
            [
              78.3113512,
              17.465161
            ],
            [
              78.3113527,
              17.4651256
            ],
            [
              78.3113624,
              17.4651259
            ],
            [
              78.3113626,
              17.465122
            ],
            [
              78.3114435,
              17.4651246
            ],
            [
              78.3114437,
              17.4651189
            ],
            [
              78.3114811,
              17.46512
            ],
            [
              78.3114808,
              17.4651308
            ],
            [
              78.3115077,
              17.4651317
            ],
            [
              78.3115116,
              17.4651343
            ],
            [
              78.3115094,
              17.4653128
            ],
            [
              78.3114427,
              17.465312
            ],
            [
              78.3114383,
              17.4653068
            ],
            [
              78.3114386,
              17.4652831
            ],
            [
              78.3113995,
              17.4652826
            ],
            [
              78.3113985,
              17.465368
            ],
            [
              78.3114222,
              17.4653683
            ],
            [
              78.3114218,
              17.4654029
            ],
            [
              78.3114029,
              17.4654026
            ],
            [
              78.3114026,
              17.4654283
            ],
            [
              78.3114328,
              17.4654286
            ],
            [
              78.3114333,
              17.4653955
            ],
            [
              78.3114395,
              17.4653956
            ],
            [
              78.3114398,
              17.4653787
            ],
            [
              78.3114694,
              17.4653791
            ],
            [
              78.3114693,
              17.4653897
            ],
            [
              78.3115052,
              17.4653903
            ],
            [
              78.3115023,
              17.4655671
            ],
            [
              78.3114523,
              17.4655664
            ],
            [
              78.3114522,
              17.4655742
            ],
            [
              78.31143,
              17.4655739
            ],
            [
              78.3114305,
              17.465541
            ],
            [
              78.3114291,
              17.465541
            ],
            [
              78.3114289,
              17.4655699
            ],
            [
              78.3113902,
              17.4655696
            ],
            [
              78.3113904,
              17.4655371
            ],
            [
              78.3113883,
              17.4655371
            ],
            [
              78.3113881,
              17.4655711
            ],
            [
              78.3113776,
              17.465571
            ],
            [
              78.3113776,
              17.4655618
            ],
            [
              78.311343,
              17.4655617
            ],
            [
              78.3113361,
              17.4655687
            ],
            [
              78.3113178,
              17.4655688
            ],
            [
              78.3113179,
              17.4655978
            ],
            [
              78.3113136,
              17.4655978
            ],
            [
              78.3113136,
              17.4655886
            ],
            [
              78.3112747,
              17.4655887
            ],
            [
              78.3112746,
              17.4655634
            ],
            [
              78.3112594,
              17.4655634
            ],
            [
              78.3112594,
              17.4655929
            ],
            [
              78.3112315,
              17.4655929
            ],
            [
              78.3112316,
              17.4655625
            ],
            [
              78.3112227,
              17.4655625
            ],
            [
              78.3112225,
              17.4655977
            ],
            [
              78.3112173,
              17.4655976
            ],
            [
              78.3112173,
              17.4655926
            ],
            [
              78.3112026,
              17.4655924
            ],
            [
              78.3112028,
              17.465583
            ],
            [
              78.3111608,
              17.4655822
            ],
            [
              78.3111643,
              17.465417
            ],
            [
              78.3112234,
              17.4654182
            ],
            [
              78.3112227,
              17.4654497
            ],
            [
              78.3112629,
              17.4654506
            ],
            [
              78.3112635,
              17.4654229
            ],
            [
              78.311277,
              17.4654232
            ],
            [
              78.3112778,
              17.4653903
            ],
            [
              78.3112377,
              17.4653894
            ],
            [
              78.3112383,
              17.4653671
            ],
            [
              78.3112745,
              17.465368
            ],
            [
              78.3112776,
              17.4652536
            ],
            [
              78.3112352,
              17.4652526
            ],
            [
              78.3112343,
              17.4652859
            ],
            [
              78.3112231,
              17.4652856
            ],
            [
              78.3112233,
              17.4652753
            ],
            [
              78.3112216,
              17.4652753
            ],
            [
              78.3112214,
              17.4652859
            ],
            [
              78.311203,
              17.4652854
            ],
            [
              78.3112033,
              17.4652746
            ],
            [
              78.3111655,
              17.4652737
            ],
            [
              78.3111698,
              17.465096
            ],
            [
              78.31121,
              17.4650969
            ],
            [
              78.3112101,
              17.4650904
            ],
            [
              78.3112364,
              17.4650909
            ],
            [
              78.3112361,
              17.4651053
            ],
            [
              78.3112405,
              17.4651054
            ],
            [
              78.3112408,
              17.4650961
            ],
            [
              78.3113292,
              17.465098
            ]
          ]
        ]
      }
    },
    {
      "type": "Feature",
      "properties": {
        "name": "Block-I",
        "osm_id": 1422236926,
        "type": "yes"
      },
      "geometry": {
        "type": "Polygon",
        "coordinates": [
          [
            [
              78.3109093,
              17.4634988
            ],
            [
              78.3109095,
              17.4634885
            ],
            [
              78.3108794,
              17.4634877
            ],
            [
              78.310879,
              17.4635006
            ],
            [
              78.3108334,
              17.4634993
            ],
            [
              78.3108325,
              17.4635306
            ],
            [
              78.3108219,
              17.4635303
            ],
            [
              78.3108201,
              17.4635847
            ],
            [
              78.3108373,
              17.4635852
            ],
            [
              78.310836,
              17.4636227
            ],
            [
              78.3108752,
              17.4636239
            ],
            [
              78.3108748,
              17.4636367
            ],
            [
              78.3108966,
              17.4636374
            ],
            [
              78.3108971,
              17.4636241
            ],
            [
              78.3109153,
              17.4636246
            ],
            [
              78.3109138,
              17.4636666
            ],
            [
              78.3109193,
              17.4636686
            ],
            [
              78.3109183,
              17.4636964
            ],
            [
              78.3108947,
              17.4636956
            ],
            [
              78.3108953,
              17.4636819
            ],
            [
              78.3108779,
              17.4636813
            ],
            [
              78.3108774,
              17.4636944
            ],
            [
              78.3108318,
              17.4636929
            ],
            [
              78.310831,
              17.4637135
            ],
            [
              78.3108155,
              17.463713
            ],
            [
              78.3108134,
              17.463769
            ],
            [
              78.3108315,
              17.4637696
            ],
            [
              78.3108298,
              17.463814
            ],
            [
              78.3108702,
              17.4638154
            ],
            [
              78.3108697,
              17.4638282
            ],
            [
              78.3108883,
              17.4638288
            ],
            [
              78.3108888,
              17.4638134
            ],
            [
              78.3109277,
              17.4638148
            ],
            [
              78.310929,
              17.4637822
            ],
            [
              78.3109431,
              17.4637827
            ],
            [
              78.3109428,
              17.4637921
            ],
            [
              78.3109656,
              17.4637928
            ],
            [
              78.310966,
              17.4637826
            ],
            [
              78.3109787,
              17.4637831
            ],
            [
              78.3109779,
              17.463806
            ],
            [
              78.3110169,
              17.4638073
            ],
            [
              78.3110164,
              17.4638206
            ],
            [
              78.3110336,
              17.4638212
            ],
            [
              78.311034,
              17.4638076
            ],
            [
              78.311071,
              17.4638088
            ],
            [
              78.3110722,
              17.4637713
            ],
            [
              78.3110862,
              17.4637718
            ],
            [
              78.3110865,
              17.4637597
            ],
            [
              78.3110896,
              17.4637598
            ],
            [
              78.3110907,
              17.4637152
            ],
            [
              78.3110756,
              17.4637148
            ],
            [
              78.3110762,
              17.4636901
            ],
            [
              78.310987,
              17.4636882
            ],
            [
              78.3109879,
              17.4636517
            ],
            [
              78.3109919,
              17.4636518
            ],
            [
              78.3109921,
              17.4636377
            ],
            [
              78.3110755,
              17.463639
            ],
            [
              78.3110761,
              17.4635983
            ],
            [
              78.3110953,
              17.4635986
            ],
            [
              78.311096,
              17.4635541
            ],
            [
              78.3110826,
              17.4635539
            ],
            [
              78.3110829,
              17.4635344
            ],
            [
              78.3110781,
              17.4635343
            ],
            [
              78.3110782,
              17.4635272
            ],
            [
              78.3110723,
              17.4635272
            ],
            [
              78.3110724,
              17.46352
            ],
            [
              78.311047,
              17.4635197
            ],
            [
              78.3110471,
              17.463509
            ],
            [
              78.3110295,
              17.4635088
            ],
            [
              78.3110294,
              17.4635173
            ],
            [
              78.3110219,
              17.4635172
            ],
            [
              78.311022,
              17.4635116
            ],
            [
              78.310996,
              17.4635113
            ],
            [
              78.3109959,
              17.4635148
            ],
            [
              78.3109859,
              17.4635147
            ],
            [
              78.310986,
              17.463505
            ],
            [
              78.3109808,
              17.4635049
            ],
            [
              78.3109809,
              17.4635005
            ],
            [
              78.3109093,
              17.4634988
            ]
          ]
        ]
      }
    },
    {
      "type": "Feature",
      "properties": {
        "name": "Block-J",
        "osm_id": 1422236927,
        "type": "yes"
      },
      "geometry": {
        "type": "Polygon",
        "coordinates": [
          [
            [
              78.3113063,
              17.4633709
            ],
            [
              78.3113065,
              17.4633606
            ],
            [
              78.3112764,
              17.4633598
            ],
            [
              78.311276,
              17.4633726
            ],
            [
              78.3112304,
              17.4633714
            ],
            [
              78.3112295,
              17.4634027
            ],
            [
              78.3112189,
              17.4634024
            ],
            [
              78.3112171,
              17.4634568
            ],
            [
              78.3112343,
              17.4634573
            ],
            [
              78.311233,
              17.4634948
            ],
            [
              78.3112722,
              17.463496
            ],
            [
              78.3112718,
              17.4635088
            ],
            [
              78.3112936,
              17.4635095
            ],
            [
              78.3112941,
              17.4634962
            ],
            [
              78.3113123,
              17.4634967
            ],
            [
              78.3113108,
              17.4635387
            ],
            [
              78.3113163,
              17.4635407
            ],
            [
              78.3113153,
              17.4635685
            ],
            [
              78.3112918,
              17.4635677
            ],
            [
              78.3112923,
              17.463554
            ],
            [
              78.3112749,
              17.4635534
            ],
            [
              78.3112744,
              17.4635665
            ],
            [
              78.3112288,
              17.463565
            ],
            [
              78.311228,
              17.4635856
            ],
            [
              78.3112125,
              17.4635851
            ],
            [
              78.3112104,
              17.4636411
            ],
            [
              78.3112285,
              17.4636417
            ],
            [
              78.3112268,
              17.4636861
            ],
            [
              78.3112672,
              17.4636875
            ],
            [
              78.3112667,
              17.4637002
            ],
            [
              78.3112853,
              17.4637009
            ],
            [
              78.3112858,
              17.4636855
            ],
            [
              78.3113247,
              17.4636868
            ],
            [
              78.311326,
              17.4636543
            ],
            [
              78.3113402,
              17.4636548
            ],
            [
              78.3113398,
              17.4636642
            ],
            [
              78.3113626,
              17.4636649
            ],
            [
              78.311363,
              17.4636547
            ],
            [
              78.3113758,
              17.4636552
            ],
            [
              78.3113749,
              17.4636781
            ],
            [
              78.3114139,
              17.4636794
            ],
            [
              78.3114134,
              17.4636927
            ],
            [
              78.3114306,
              17.4636933
            ],
            [
              78.311431,
              17.4636797
            ],
            [
              78.311468,
              17.4636808
            ],
            [
              78.3114692,
              17.4636434
            ],
            [
              78.3114832,
              17.4636438
            ],
            [
              78.3114836,
              17.4636318
            ],
            [
              78.3114866,
              17.4636319
            ],
            [
              78.3114877,
              17.4635873
            ],
            [
              78.3114726,
              17.4635869
            ],
            [
              78.3114732,
              17.4635622
            ],
            [
              78.311384,
              17.4635603
            ],
            [
              78.3113849,
              17.4635238
            ],
            [
              78.3113889,
              17.4635239
            ],
            [
              78.3113891,
              17.4635098
            ],
            [
              78.3114725,
              17.4635111
            ],
            [
              78.3114732,
              17.4634704
            ],
            [
              78.3114923,
              17.4634707
            ],
            [
              78.311493,
              17.4634262
            ],
            [
              78.3114796,
              17.463426
            ],
            [
              78.3114799,
              17.4634065
            ],
            [
              78.3114751,
              17.4634064
            ],
            [
              78.3114752,
              17.4633993
            ],
            [
              78.3114693,
              17.4633993
            ],
            [
              78.3114694,
              17.4633921
            ],
            [
              78.311444,
              17.4633918
            ],
            [
              78.3114441,
              17.4633811
            ],
            [
              78.3114266,
              17.4633809
            ],
            [
              78.3114264,
              17.4633894
            ],
            [
              78.3114189,
              17.4633893
            ],
            [
              78.311419,
              17.4633837
            ],
            [
              78.311393,
              17.4633834
            ],
            [
              78.3113929,
              17.4633869
            ],
            [
              78.3113829,
              17.4633868
            ],
            [
              78.3113831,
              17.4633771
            ],
            [
              78.3113778,
              17.463377
            ],
            [
              78.3113779,
              17.4633726
            ],
            [
              78.3113063,
              17.4633709
            ]
          ]
        ]
      }
    },
    {
      "type": "Feature",
      "properties": {
        "name": "Block-K",
        "osm_id": 1422236928,
        "type": "yes"
      },
      "geometry": {
        "type": "Polygon",
        "coordinates": [
          [
            [
              78.3117056,
              17.4632395
            ],
            [
              78.3117058,
              17.4632292
            ],
            [
              78.3116757,
              17.4632284
            ],
            [
              78.3116753,
              17.4632412
            ],
            [
              78.3116297,
              17.46324
            ],
            [
              78.3116288,
              17.4632712
            ],
            [
              78.3116181,
              17.4632709
            ],
            [
              78.3116164,
              17.4633254
            ],
            [
              78.3116335,
              17.4633259
            ],
            [
              78.3116323,
              17.4633634
            ],
            [
              78.3116715,
              17.4633646
            ],
            [
              78.3116711,
              17.4633774
            ],
            [
              78.3116929,
              17.4633781
            ],
            [
              78.3116933,
              17.4633648
            ],
            [
              78.3117116,
              17.4633653
            ],
            [
              78.3117101,
              17.4634073
            ],
            [
              78.3117156,
              17.4634093
            ],
            [
              78.3117146,
              17.463437
            ],
            [
              78.311691,
              17.4634363
            ],
            [
              78.3116915,
              17.4634225
            ],
            [
              78.3116742,
              17.463422
            ],
            [
              78.3116737,
              17.4634351
            ],
            [
              78.3116281,
              17.4634335
            ],
            [
              78.3116273,
              17.4634542
            ],
            [
              78.3116118,
              17.4634536
            ],
            [
              78.3116097,
              17.4635096
            ],
            [
              78.3116277,
              17.4635103
            ],
            [
              78.3116261,
              17.4635546
            ],
            [
              78.3116665,
              17.463556
            ],
            [
              78.311666,
              17.4635688
            ],
            [
              78.3116845,
              17.4635695
            ],
            [
              78.3116851,
              17.4635541
            ],
            [
              78.311724,
              17.4635554
            ],
            [
              78.3117252,
              17.4635229
            ],
            [
              78.3117394,
              17.4635234
            ],
            [
              78.3117391,
              17.4635328
            ],
            [
              78.3117619,
              17.4635335
            ],
            [
              78.3117623,
              17.4635233
            ],
            [
              78.311775,
              17.4635237
            ],
            [
              78.3117742,
              17.4635467
            ],
            [
              78.3118132,
              17.463548
            ],
            [
              78.3118127,
              17.4635613
            ],
            [
              78.3118299,
              17.4635619
            ],
            [
              78.3118303,
              17.4635483
            ],
            [
              78.3118673,
              17.4635494
            ],
            [
              78.3118685,
              17.463512
            ],
            [
              78.3118825,
              17.4635124
            ],
            [
              78.3118828,
              17.4635004
            ],
            [
              78.3118859,
              17.4635004
            ],
            [
              78.311887,
              17.4634559
            ],
            [
              78.3118719,
              17.4634555
            ],
            [
              78.3118724,
              17.4634307
            ],
            [
              78.3117833,
              17.4634289
            ],
            [
              78.3117841,
              17.4633924
            ],
            [
              78.3117882,
              17.4633924
            ],
            [
              78.3117884,
              17.4633784
            ],
            [
              78.3118718,
              17.4633796
            ],
            [
              78.3118724,
              17.463339
            ],
            [
              78.3118915,
              17.4633393
            ],
            [
              78.3118923,
              17.4632948
            ],
            [
              78.3118789,
              17.4632946
            ],
            [
              78.3118792,
              17.463275
            ],
            [
              78.3118744,
              17.463275
            ],
            [
              78.3118745,
              17.4632679
            ],
            [
              78.3118686,
              17.4632678
            ],
            [
              78.3118687,
              17.4632607
            ],
            [
              78.3118432,
              17.4632604
            ],
            [
              78.3118434,
              17.4632497
            ],
            [
              78.3118258,
              17.4632495
            ],
            [
              78.3118257,
              17.4632579
            ],
            [
              78.3118182,
              17.4632579
            ],
            [
              78.3118183,
              17.4632523
            ],
            [
              78.3117923,
              17.4632519
            ],
            [
              78.3117922,
              17.4632555
            ],
            [
              78.3117821,
              17.4632553
            ],
            [
              78.3117823,
              17.4632457
            ],
            [
              78.3117771,
              17.4632456
            ],
            [
              78.3117772,
              17.4632412
            ],
            [
              78.3117056,
              17.4632395
            ]
          ]
        ]
      }
    },
    {
      "type": "Feature",
      "properties": {
        "name": "Block-L",
        "osm_id": 1422236929,
        "type": "yes"
      },
      "geometry": {
        "type": "Polygon",
        "coordinates": [
          [
            [
              78.3120967,
              17.4631226
            ],
            [
              78.3120969,
              17.4631122
            ],
            [
              78.3120668,
              17.4631115
            ],
            [
              78.3120664,
              17.4631243
            ],
            [
              78.3120208,
              17.4631231
            ],
            [
              78.3120199,
              17.4631543
            ],
            [
              78.3120093,
              17.463154
            ],
            [
              78.3120075,
              17.4632084
            ],
            [
              78.3120247,
              17.4632089
            ],
            [
              78.3120234,
              17.4632464
            ],
            [
              78.3120626,
              17.4632476
            ],
            [
              78.3120622,
              17.4632605
            ],
            [
              78.312084,
              17.4632612
            ],
            [
              78.3120845,
              17.4632478
            ],
            [
              78.3121027,
              17.4632484
            ],
            [
              78.3121012,
              17.4632904
            ],
            [
              78.3121067,
              17.4632924
            ],
            [
              78.3121057,
              17.4633201
            ],
            [
              78.3120821,
              17.4633193
            ],
            [
              78.3120827,
              17.4633056
            ],
            [
              78.3120653,
              17.463305
            ],
            [
              78.3120648,
              17.4633182
            ],
            [
              78.3120192,
              17.4633166
            ],
            [
              78.3120184,
              17.4633372
            ],
            [
              78.3120029,
              17.4633367
            ],
            [
              78.3120008,
              17.4633927
            ],
            [
              78.3120189,
              17.4633933
            ],
            [
              78.3120172,
              17.4634377
            ],
            [
              78.3120576,
              17.4634391
            ],
            [
              78.3120571,
              17.4634519
            ],
            [
              78.3120757,
              17.4634525
            ],
            [
              78.3120762,
              17.4634372
            ],
            [
              78.3121151,
              17.4634385
            ],
            [
              78.3121164,
              17.4634059
            ],
            [
              78.3121305,
              17.4634064
            ],
            [
              78.3121302,
              17.4634158
            ],
            [
              78.312153,
              17.4634166
            ],
            [
              78.3121534,
              17.4634064
            ],
            [
              78.3121662,
              17.4634068
            ],
            [
              78.3121653,
              17.4634298
            ],
            [
              78.3122043,
              17.463431
            ],
            [
              78.3122038,
              17.4634444
            ],
            [
              78.312221,
              17.4634449
            ],
            [
              78.3122214,
              17.4634314
            ],
            [
              78.3122584,
              17.4634325
            ],
            [
              78.3122596,
              17.4633951
            ],
            [
              78.3122736,
              17.4633955
            ],
            [
              78.3122739,
              17.4633834
            ],
            [
              78.312277,
              17.4633835
            ],
            [
              78.3122781,
              17.4633389
            ],
            [
              78.312263,
              17.4633386
            ],
            [
              78.3122636,
              17.4633138
            ],
            [
              78.3121744,
              17.4633119
            ],
            [
              78.3121753,
              17.4632754
            ],
            [
              78.3121793,
              17.4632755
            ],
            [
              78.3121795,
              17.4632614
            ],
            [
              78.3122629,
              17.4632627
            ],
            [
              78.3122636,
              17.4632221
            ],
            [
              78.3122827,
              17.4632223
            ],
            [
              78.3122834,
              17.4631778
            ],
            [
              78.31227,
              17.4631776
            ],
            [
              78.3122703,
              17.4631581
            ],
            [
              78.3122655,
              17.463158
            ],
            [
              78.3122656,
              17.463151
            ],
            [
              78.3122597,
              17.4631509
            ],
            [
              78.3122598,
              17.4631437
            ],
            [
              78.3122344,
              17.4631434
            ],
            [
              78.3122345,
              17.4631327
            ],
            [
              78.3122169,
              17.4631325
            ],
            [
              78.3122168,
              17.463141
            ],
            [
              78.3122093,
              17.4631409
            ],
            [
              78.3122094,
              17.4631354
            ],
            [
              78.3121834,
              17.463135
            ],
            [
              78.3121833,
              17.4631386
            ],
            [
              78.3121733,
              17.4631384
            ],
            [
              78.3121734,
              17.4631287
            ],
            [
              78.3121682,
              17.4631286
            ],
            [
              78.3121683,
              17.4631242
            ],
            [
              78.3120967,
              17.4631226
            ]
          ]
        ]
      }
    },
    {
      "type": "Feature",
      "properties": {
        "name": "Block-M",
        "osm_id": 1422236930,
        "type": "yes"
      },
      "geometry": {
        "type": "Polygon",
        "coordinates": [
          [
            [
              78.312343,
              17.4626749
            ],
            [
              78.3123433,
              17.4626645
            ],
            [
              78.3123131,
              17.4626638
            ],
            [
              78.3123128,
              17.4626766
            ],
            [
              78.3122672,
              17.4626754
            ],
            [
              78.3122662,
              17.4627066
            ],
            [
              78.3122556,
              17.4627063
            ],
            [
              78.3122539,
              17.4627607
            ],
            [
              78.312271,
              17.4627612
            ],
            [
              78.3122698,
              17.4627987
            ],
            [
              78.312309,
              17.4627999
            ],
            [
              78.3123086,
              17.4628128
            ],
            [
              78.3123303,
              17.4628135
            ],
            [
              78.3123308,
              17.4628001
            ],
            [
              78.312349,
              17.4628007
            ],
            [
              78.3123476,
              17.4628427
            ],
            [
              78.3123531,
              17.4628447
            ],
            [
              78.312352,
              17.4628724
            ],
            [
              78.3123285,
              17.4628716
            ],
            [
              78.312329,
              17.4628579
            ],
            [
              78.3123117,
              17.4628573
            ],
            [
              78.3123112,
              17.4628705
            ],
            [
              78.3122655,
              17.4628689
            ],
            [
              78.3122648,
              17.4628895
            ],
            [
              78.3122493,
              17.462889
            ],
            [
              78.3122471,
              17.462945
            ],
            [
              78.3122652,
              17.4629456
            ],
            [
              78.3122635,
              17.46299
            ],
            [
              78.312304,
              17.4629914
            ],
            [
              78.3123035,
              17.4630042
            ],
            [
              78.312322,
              17.4630048
            ],
            [
              78.3123226,
              17.4629895
            ],
            [
              78.3123615,
              17.4629908
            ],
            [
              78.3123627,
              17.4629582
            ],
            [
              78.3123769,
              17.4629587
            ],
            [
              78.3123765,
              17.4629681
            ],
            [
              78.3123993,
              17.4629689
            ],
            [
              78.3123997,
              17.4629587
            ],
            [
              78.3124125,
              17.4629591
            ],
            [
              78.3124117,
              17.4629821
            ],
            [
              78.3124506,
              17.4629833
            ],
            [
              78.3124502,
              17.4629967
            ],
            [
              78.3124673,
              17.4629972
            ],
            [
              78.3124678,
              17.4629837
            ],
            [
              78.3125047,
              17.4629848
            ],
            [
              78.312506,
              17.4629474
            ],
            [
              78.3125199,
              17.4629478
            ],
            [
              78.3125203,
              17.4629357
            ],
            [
              78.3125233,
              17.4629358
            ],
            [
              78.3125244,
              17.4628912
            ],
            [
              78.3125093,
              17.4628909
            ],
            [
              78.3125099,
              17.4628661
            ],
            [
              78.3124208,
              17.4628642
            ],
            [
              78.3124216,
              17.4628277
            ],
            [
              78.3124256,
              17.4628278
            ],
            [
              78.3124259,
              17.4628137
            ],
            [
              78.3125092,
              17.462815
            ],
            [
              78.3125099,
              17.4627743
            ],
            [
              78.312529,
              17.4627746
            ],
            [
              78.3125297,
              17.4627301
            ],
            [
              78.3125163,
              17.4627299
            ],
            [
              78.3125166,
              17.4627104
            ],
            [
              78.3125118,
              17.4627103
            ],
            [
              78.3125119,
              17.4627033
            ],
            [
              78.312506,
              17.4627032
            ],
            [
              78.3125061,
              17.462696
            ],
            [
              78.3124807,
              17.4626957
            ],
            [
              78.3124808,
              17.462685
            ],
            [
              78.3124633,
              17.4626848
            ],
            [
              78.3124632,
              17.4626933
            ],
            [
              78.3124557,
              17.4626932
            ],
            [
              78.3124557,
              17.4626877
            ],
            [
              78.3124297,
              17.4626873
            ],
            [
              78.3124297,
              17.4626909
            ],
            [
              78.3124196,
              17.4626907
            ],
            [
              78.3124198,
              17.462681
            ],
            [
              78.3124145,
              17.4626809
            ],
            [
              78.3124146,
              17.4626765
            ],
            [
              78.312343,
              17.4626749
            ]
          ]
        ]
      }
    },
    {
      "type": "Feature",
      "properties": {
        "name": "Block-N",
        "osm_id": 1422236931,
        "type": "yes"
      },
      "geometry": {
        "type": "Polygon",
        "coordinates": [
          [
            [
              78.3122251,
              17.462216
            ],
            [
              78.3122254,
              17.4622057
            ],
            [
              78.3121952,
              17.4622049
            ],
            [
              78.3121949,
              17.4622177
            ],
            [
              78.3121492,
              17.4622165
            ],
            [
              78.3121483,
              17.4622478
            ],
            [
              78.3121377,
              17.4622475
            ],
            [
              78.312136,
              17.4623019
            ],
            [
              78.3121531,
              17.4623024
            ],
            [
              78.3121519,
              17.4623399
            ],
            [
              78.3121911,
              17.4623411
            ],
            [
              78.3121906,
              17.4623539
            ],
            [
              78.3122124,
              17.4623546
            ],
            [
              78.3122129,
              17.4623413
            ],
            [
              78.3122311,
              17.4623418
            ],
            [
              78.3122297,
              17.4623838
            ],
            [
              78.3122351,
              17.4623858
            ],
            [
              78.3122341,
              17.4624136
            ],
            [
              78.3122106,
              17.4624128
            ],
            [
              78.3122111,
              17.4623991
            ],
            [
              78.3121938,
              17.4623985
            ],
            [
              78.3121933,
              17.4624116
            ],
            [
              78.3121476,
              17.4624101
            ],
            [
              78.3121468,
              17.4624307
            ],
            [
              78.3121313,
              17.4624302
            ],
            [
              78.3121292,
              17.4624862
            ],
            [
              78.3121473,
              17.4624868
            ],
            [
              78.3121456,
              17.4625312
            ],
            [
              78.3121861,
              17.4625326
            ],
            [
              78.3121856,
              17.4625454
            ],
            [
              78.3122041,
              17.462546
            ],
            [
              78.3122047,
              17.4625306
            ],
            [
              78.3122436,
              17.462532
            ],
            [
              78.3122448,
              17.4624994
            ],
            [
              78.312259,
              17.4624999
            ],
            [
              78.3122586,
              17.4625093
            ],
            [
              78.3122814,
              17.46251
            ],
            [
              78.3122818,
              17.4624998
            ],
            [
              78.3122946,
              17.4625003
            ],
            [
              78.3122938,
              17.4625232
            ],
            [
              78.3123327,
              17.4625245
            ],
            [
              78.3123322,
              17.4625378
            ],
            [
              78.3123494,
              17.4625384
            ],
            [
              78.3123499,
              17.4625248
            ],
            [
              78.3123868,
              17.462526
            ],
            [
              78.312388,
              17.4624885
            ],
            [
              78.312402,
              17.462489
            ],
            [
              78.3124024,
              17.4624769
            ],
            [
              78.3124054,
              17.462477
            ],
            [
              78.3124065,
              17.4624324
            ],
            [
              78.3123914,
              17.462432
            ],
            [
              78.312392,
              17.4624073
            ],
            [
              78.3123029,
              17.4624054
            ],
            [
              78.3123037,
              17.4623689
            ],
            [
              78.3123077,
              17.462369
            ],
            [
              78.312308,
              17.4623549
            ],
            [
              78.3123913,
              17.4623562
            ],
            [
              78.312392,
              17.4623155
            ],
            [
              78.3124111,
              17.4623158
            ],
            [
              78.3124118,
              17.4622713
            ],
            [
              78.3123984,
              17.4622711
            ],
            [
              78.3123987,
              17.4622516
            ],
            [
              78.3123939,
              17.4622515
            ],
            [
              78.312394,
              17.4622444
            ],
            [
              78.3123881,
              17.4622444
            ],
            [
              78.3123882,
              17.4622372
            ],
            [
              78.3123628,
              17.4622369
            ],
            [
              78.3123629,
              17.4622262
            ],
            [
              78.3123454,
              17.462226
            ],
            [
              78.3123453,
              17.4622345
            ],
            [
              78.3123377,
              17.4622344
            ],
            [
              78.3123378,
              17.4622288
            ],
            [
              78.3123118,
              17.4622285
            ],
            [
              78.3123118,
              17.462232
            ],
            [
              78.3123017,
              17.4622319
            ],
            [
              78.3123019,
              17.4622222
            ],
            [
              78.3122966,
              17.4622221
            ],
            [
              78.3122967,
              17.4622177
            ],
            [
              78.3122251,
              17.462216
            ]
          ]
        ]
      }
    },
    {
      "type": "Feature",
      "properties": {
        "name": "Block-A",
        "osm_id": 1422236932,
        "type": "yes"
      },
      "geometry": {
        "type": "Polygon",
        "coordinates": [
          [
            [
              78.312078,
              17.4617683
            ],
            [
              78.3120783,
              17.461758
            ],
            [
              78.3120481,
              17.4617572
            ],
            [
              78.3120478,
              17.46177
            ],
            [
              78.3120021,
              17.4617688
            ],
            [
              78.3120012,
              17.4618001
            ],
            [
              78.3119906,
              17.4617998
            ],
            [
              78.3119888,
              17.4618542
            ],
            [
              78.312006,
              17.4618547
            ],
            [
              78.3120047,
              17.4618922
            ],
            [
              78.312044,
              17.4618934
            ],
            [
              78.3120435,
              17.4619062
            ],
            [
              78.3120653,
              17.4619069
            ],
            [
              78.3120658,
              17.4618936
            ],
            [
              78.312084,
              17.4618941
            ],
            [
              78.3120825,
              17.4619361
            ],
            [
              78.312088,
              17.4619381
            ],
            [
              78.312087,
              17.4619659
            ],
            [
              78.3120635,
              17.4619651
            ],
            [
              78.312064,
              17.4619514
            ],
            [
              78.3120466,
              17.4619508
            ],
            [
              78.3120462,
              17.4619639
            ],
            [
              78.3120005,
              17.4619624
            ],
            [
              78.3119997,
              17.461983
            ],
            [
              78.3119842,
              17.4619825
            ],
            [
              78.3119821,
              17.4620385
            ],
            [
              78.3120002,
              17.4620391
            ],
            [
              78.3119985,
              17.4620835
            ],
            [
              78.3120389,
              17.4620849
            ],
            [
              78.3120385,
              17.4620976
            ],
            [
              78.312057,
              17.4620983
            ],
            [
              78.3120576,
              17.4620829
            ],
            [
              78.3120964,
              17.4620842
            ],
            [
              78.3120977,
              17.4620517
            ],
            [
              78.3121119,
              17.4620522
            ],
            [
              78.3121115,
              17.4620616
            ],
            [
              78.3121343,
              17.4620623
            ],
            [
              78.3121347,
              17.4620521
            ],
            [
              78.3121475,
              17.4620526
            ],
            [
              78.3121467,
              17.4620755
            ],
            [
              78.3121856,
              17.4620768
            ],
            [
              78.3121851,
              17.4620901
            ],
            [
              78.3122023,
              17.4620907
            ],
            [
              78.3122028,
              17.4620771
            ],
            [
              78.3122397,
              17.4620782
            ],
            [
              78.3122409,
              17.4620408
            ],
            [
              78.3122549,
              17.4620412
            ],
            [
              78.3122553,
              17.4620292
            ],
            [
              78.3122583,
              17.4620292
            ],
            [
              78.3122594,
              17.4619847
            ],
            [
              78.3122443,
              17.4619843
            ],
            [
              78.3122449,
              17.4619595
            ],
            [
              78.3121557,
              17.4619577
            ],
            [
              78.3121566,
              17.4619212
            ],
            [
              78.3121606,
              17.4619213
            ],
            [
              78.3121609,
              17.4619072
            ],
            [
              78.3122442,
              17.4619085
            ],
            [
              78.3122449,
              17.4618678
            ],
            [
              78.312264,
              17.4618681
            ],
            [
              78.3122647,
              17.4618236
            ],
            [
              78.3122513,
              17.4618234
            ],
            [
              78.3122516,
              17.4618039
            ],
            [
              78.3122468,
              17.4618038
            ],
            [
              78.3122469,
              17.4617967
            ],
            [
              78.312241,
              17.4617967
            ],
            [
              78.3122411,
              17.4617895
            ],
            [
              78.3122157,
              17.4617892
            ],
            [
              78.3122158,
              17.4617785
            ],
            [
              78.3121983,
              17.4617783
            ],
            [
              78.3121982,
              17.4617868
            ],
            [
              78.3121906,
              17.4617867
            ],
            [
              78.3121907,
              17.4617811
            ],
            [
              78.3121647,
              17.4617808
            ],
            [
              78.3121647,
              17.4617843
            ],
            [
              78.3121546,
              17.4617841
            ],
            [
              78.3121548,
              17.4617745
            ],
            [
              78.3121495,
              17.4617744
            ],
            [
              78.3121496,
              17.46177
            ],
            [
              78.312078,
              17.4617683
            ]
          ]
        ]
      }
    },
    {
      "type": "Feature",
      "properties": {
        "name": "Block-B",
        "osm_id": 1422236933,
        "type": "yes"
      },
      "geometry": {
        "type": "Polygon",
        "coordinates": [
          [
            [
              78.311688,
              17.461853
            ],
            [
              78.3116883,
              17.4618426
            ],
            [
              78.3116582,
              17.4618419
            ],
            [
              78.3116578,
              17.4618547
            ],
            [
              78.3116122,
              17.4618535
            ],
            [
              78.3116113,
              17.4618847
            ],
            [
              78.3116006,
              17.4618844
            ],
            [
              78.3115989,
              17.4619388
            ],
            [
              78.311616,
              17.4619393
            ],
            [
              78.3116148,
              17.4619768
            ],
            [
              78.311654,
              17.461978
            ],
            [
              78.3116536,
              17.4619909
            ],
            [
              78.3116754,
              17.4619915
            ],
            [
              78.3116758,
              17.4619782
            ],
            [
              78.3116941,
              17.4619788
            ],
            [
              78.3116926,
              17.4620208
            ],
            [
              78.3116981,
              17.4620228
            ],
            [
              78.3116971,
              17.4620505
            ],
            [
              78.3116735,
              17.4620497
            ],
            [
              78.311674,
              17.462036
            ],
            [
              78.3116567,
              17.4620354
            ],
            [
              78.3116562,
              17.4620486
            ],
            [
              78.3116106,
              17.462047
            ],
            [
              78.3116098,
              17.4620676
            ],
            [
              78.3115943,
              17.4620671
            ],
            [
              78.3115922,
              17.4621231
            ],
            [
              78.3116102,
              17.4621237
            ],
            [
              78.3116085,
              17.4621681
            ],
            [
              78.311649,
              17.4621695
            ],
            [
              78.3116485,
              17.4621823
            ],
            [
              78.311667,
              17.4621829
            ],
            [
              78.3116676,
              17.4621675
            ],
            [
              78.3117065,
              17.4621689
            ],
            [
              78.3117077,
              17.4621363
            ],
            [
              78.3117219,
              17.4621368
            ],
            [
              78.3117216,
              17.4621462
            ],
            [
              78.3117444,
              17.462147
            ],
            [
              78.3117447,
              17.4621368
            ],
            [
              78.3117575,
              17.4621372
            ],
            [
              78.3117567,
              17.4621602
            ],
            [
              78.3117957,
              17.4621614
            ],
            [
              78.3117952,
              17.4621748
            ],
            [
              78.3118124,
              17.4621753
            ],
            [
              78.3118128,
              17.4621618
            ],
            [
              78.3118498,
              17.4621629
            ],
            [
              78.311851,
              17.4621255
            ],
            [
              78.3118649,
              17.4621259
            ],
            [
              78.3118653,
              17.4621138
            ],
            [
              78.3118684,
              17.4621139
            ],
            [
              78.3118695,
              17.4620693
            ],
            [
              78.3118543,
              17.462069
            ],
            [
              78.3118549,
              17.4620442
            ],
            [
              78.3117658,
              17.4620423
            ],
            [
              78.3117666,
              17.4620058
            ],
            [
              78.3117707,
              17.4620059
            ],
            [
              78.3117709,
              17.4619918
            ],
            [
              78.3118542,
              17.4619931
            ],
            [
              78.3118549,
              17.4619524
            ],
            [
              78.311874,
              17.4619527
            ],
            [
              78.3118747,
              17.4619082
            ],
            [
              78.3118614,
              17.461908
            ],
            [
              78.3118617,
              17.4618885
            ],
            [
              78.3118568,
              17.4618884
            ],
            [
              78.3118569,
              17.4618814
            ],
            [
              78.3118511,
              17.4618813
            ],
            [
              78.3118511,
              17.4618741
            ],
            [
              78.3118257,
              17.4618738
            ],
            [
              78.3118259,
              17.4618631
            ],
            [
              78.3118083,
              17.4618629
            ],
            [
              78.3118082,
              17.4618714
            ],
            [
              78.3118007,
              17.4618713
            ],
            [
              78.3118008,
              17.4618657
            ],
            [
              78.3117748,
              17.4618654
            ],
            [
              78.3117747,
              17.461869
            ],
            [
              78.3117646,
              17.4618688
            ],
            [
              78.3117648,
              17.4618591
            ],
            [
              78.3117595,
              17.461859
            ],
            [
              78.3117596,
              17.4618546
            ],
            [
              78.311688,
              17.461853
            ]
          ]
        ]
      }
    },
    {
      "type": "Feature",
      "properties": {
        "name": "Block-C",
        "osm_id": 1422236934,
        "type": "yes"
      },
      "geometry": {
        "type": "Polygon",
        "coordinates": [
          [
            [
              78.3112923,
              17.4619343
            ],
            [
              78.3112925,
              17.4619239
            ],
            [
              78.3112624,
              17.4619232
            ],
            [
              78.311262,
              17.461936
            ],
            [
              78.3112164,
              17.4619348
            ],
            [
              78.3112155,
              17.461966
            ],
            [
              78.3112048,
              17.4619657
            ],
            [
              78.3112031,
              17.4620201
            ],
            [
              78.3112203,
              17.4620206
            ],
            [
              78.311219,
              17.4620581
            ],
            [
              78.3112582,
              17.4620593
            ],
            [
              78.3112578,
              17.4620722
            ],
            [
              78.3112796,
              17.4620728
            ],
            [
              78.3112801,
              17.4620595
            ],
            [
              78.3112983,
              17.4620601
            ],
            [
              78.3112968,
              17.4621021
            ],
            [
              78.3113023,
              17.4621041
            ],
            [
              78.3113013,
              17.4621318
            ],
            [
              78.3112777,
              17.462131
            ],
            [
              78.3112783,
              17.4621173
            ],
            [
              78.3112609,
              17.4621167
            ],
            [
              78.3112604,
              17.4621299
            ],
            [
              78.3112148,
              17.4621283
            ],
            [
              78.311214,
              17.4621489
            ],
            [
              78.3111985,
              17.4621484
            ],
            [
              78.3111964,
              17.4622044
            ],
            [
              78.3112144,
              17.462205
            ],
            [
              78.3112128,
              17.4622494
            ],
            [
              78.3112532,
              17.4622508
            ],
            [
              78.3112527,
              17.4622636
            ],
            [
              78.3112713,
              17.4622642
            ],
            [
              78.3112718,
              17.4622488
            ],
            [
              78.3113107,
              17.4622502
            ],
            [
              78.311312,
              17.4622176
            ],
            [
              78.3113261,
              17.4622181
            ],
            [
              78.3113258,
              17.4622275
            ],
            [
              78.3113486,
              17.4622283
            ],
            [
              78.311349,
              17.4622181
            ],
            [
              78.3113617,
              17.4622185
            ],
            [
              78.3113609,
              17.4622415
            ],
            [
              78.3113999,
              17.4622427
            ],
            [
              78.3113994,
              17.4622561
            ],
            [
              78.3114166,
              17.4622566
            ],
            [
              78.311417,
              17.4622431
            ],
            [
              78.311454,
              17.4622442
            ],
            [
              78.3114552,
              17.4622068
            ],
            [
              78.3114692,
              17.4622072
            ],
            [
              78.3114695,
              17.4621951
            ],
            [
              78.3114726,
              17.4621952
            ],
            [
              78.3114737,
              17.4621506
            ],
            [
              78.3114586,
              17.4621503
            ],
            [
              78.3114591,
              17.4621255
            ],
            [
              78.31137,
              17.4621236
            ],
            [
              78.3113709,
              17.4620871
            ],
            [
              78.3113749,
              17.4620872
            ],
            [
              78.3113751,
              17.4620731
            ],
            [
              78.3114585,
              17.4620744
            ],
            [
              78.3114591,
              17.4620337
            ],
            [
              78.3114782,
              17.462034
            ],
            [
              78.311479,
              17.4619895
            ],
            [
              78.3114656,
              17.4619893
            ],
            [
              78.3114659,
              17.4619698
            ],
            [
              78.3114611,
              17.4619697
            ],
            [
              78.3114612,
              17.4619627
            ],
            [
              78.3114553,
              17.4619626
            ],
            [
              78.3114554,
              17.4619554
            ],
            [
              78.31143,
              17.4619551
            ],
            [
              78.3114301,
              17.4619444
            ],
            [
              78.3114125,
              17.4619442
            ],
            [
              78.3114124,
              17.4619527
            ],
            [
              78.3114049,
              17.4619526
            ],
            [
              78.311405,
              17.461947
            ],
            [
              78.311379,
              17.4619467
            ],
            [
              78.3113789,
              17.4619503
            ],
            [
              78.3113689,
              17.4619501
            ],
            [
              78.311369,
              17.4619404
            ],
            [
              78.3113638,
              17.4619403
            ],
            [
              78.3113639,
              17.4619359
            ],
            [
              78.3112923,
              17.4619343
            ]
          ]
        ]
      }
    },
    {
      "type": "Feature",
      "properties": {
        "name": "Block-D",
        "osm_id": 1422236935,
        "type": "yes"
      },
      "geometry": {
        "type": "Polygon",
        "coordinates": [
          [
            [
              78.3107996,
              17.4620423
            ],
            [
              78.3107999,
              17.4620319
            ],
            [
              78.3107697,
              17.4620312
            ],
            [
              78.3107693,
              17.462044
            ],
            [
              78.3107237,
              17.4620428
            ],
            [
              78.3107228,
              17.462074
            ],
            [
              78.3107122,
              17.4620737
            ],
            [
              78.3107104,
              17.4621281
            ],
            [
              78.3107276,
              17.4621286
            ],
            [
              78.3107263,
              17.4621662
            ],
            [
              78.3107656,
              17.4621673
            ],
            [
              78.3107651,
              17.4621802
            ],
            [
              78.3107869,
              17.4621809
            ],
            [
              78.3107874,
              17.4621675
            ],
            [
              78.3108056,
              17.4621681
            ],
            [
              78.3108041,
              17.4622101
            ],
            [
              78.3108096,
              17.4622121
            ],
            [
              78.3108086,
              17.4622398
            ],
            [
              78.3107851,
              17.462239
            ],
            [
              78.3107856,
              17.4622253
            ],
            [
              78.3107682,
              17.4622247
            ],
            [
              78.3107677,
              17.4622379
            ],
            [
              78.3107221,
              17.4622363
            ],
            [
              78.3107213,
              17.462257
            ],
            [
              78.3107058,
              17.4622564
            ],
            [
              78.3107037,
              17.4623124
            ],
            [
              78.3107218,
              17.462313
            ],
            [
              78.3107201,
              17.4623574
            ],
            [
              78.3107605,
              17.4623588
            ],
            [
              78.3107601,
              17.4623716
            ],
            [
              78.3107786,
              17.4623723
            ],
            [
              78.3107792,
              17.4623569
            ],
            [
              78.310818,
              17.4623582
            ],
            [
              78.3108193,
              17.4623257
            ],
            [
              78.3108335,
              17.4623261
            ],
            [
              78.3108331,
              17.4623355
            ],
            [
              78.3108559,
              17.4623363
            ],
            [
              78.3108563,
              17.4623261
            ],
            [
              78.3108691,
              17.4623265
            ],
            [
              78.3108682,
              17.4623495
            ],
            [
              78.3109072,
              17.4623507
            ],
            [
              78.3109067,
              17.4623641
            ],
            [
              78.3109239,
              17.4623646
            ],
            [
              78.3109244,
              17.4623511
            ],
            [
              78.3109613,
              17.4623522
            ],
            [
              78.3109625,
              17.4623148
            ],
            [
              78.3109765,
              17.4623152
            ],
            [
              78.3109769,
              17.4623031
            ],
            [
              78.3109799,
              17.4623032
            ],
            [
              78.310981,
              17.4622586
            ],
            [
              78.3109659,
              17.4622583
            ],
            [
              78.3109665,
              17.4622335
            ],
            [
              78.3108773,
              17.4622316
            ],
            [
              78.3108782,
              17.4621952
            ],
            [
              78.3108822,
              17.4621952
            ],
            [
              78.3108825,
              17.4621811
            ],
            [
              78.3109658,
              17.4621824
            ],
            [
              78.3109665,
              17.4621418
            ],
            [
              78.3109856,
              17.4621421
            ],
            [
              78.3109863,
              17.4620975
            ],
            [
              78.3109729,
              17.4620974
            ],
            [
              78.3109732,
              17.4620778
            ],
            [
              78.3109684,
              17.4620778
            ],
            [
              78.3109685,
              17.4620707
            ],
            [
              78.3109626,
              17.4620706
            ],
            [
              78.3109627,
              17.4620634
            ],
            [
              78.3109373,
              17.4620631
            ],
            [
              78.3109374,
              17.4620525
            ],
            [
              78.3109199,
              17.4620523
            ],
            [
              78.3109198,
              17.4620607
            ],
            [
              78.3109122,
              17.4620606
            ],
            [
              78.3109123,
              17.4620551
            ],
            [
              78.3108863,
              17.4620547
            ],
            [
              78.3108862,
              17.4620583
            ],
            [
              78.3108762,
              17.4620581
            ],
            [
              78.3108764,
              17.4620485
            ],
            [
              78.3108711,
              17.4620484
            ],
            [
              78.3108712,
              17.4620439
            ],
            [
              78.3107996,
              17.4620423
            ]
          ]
        ]
      }
    },
    {
      "type": "Feature",
      "properties": {
        "name": "Block-E",
        "osm_id": 1422236936,
        "type": "yes"
      },
      "geometry": {
        "type": "Polygon",
        "coordinates": [
          [
            [
              78.3104038,
              17.4621202
            ],
            [
              78.3104041,
              17.4621099
            ],
            [
              78.3103739,
              17.4621091
            ],
            [
              78.3103736,
              17.462122
            ],
            [
              78.3103279,
              17.4621208
            ],
            [
              78.310327,
              17.462152
            ],
            [
              78.3103164,
              17.4621517
            ],
            [
              78.3103147,
              17.4622061
            ],
            [
              78.3103318,
              17.4622066
            ],
            [
              78.3103306,
              17.4622441
            ],
            [
              78.3103698,
              17.4622453
            ],
            [
              78.3103693,
              17.4622582
            ],
            [
              78.3103911,
              17.4622588
            ],
            [
              78.3103916,
              17.4622455
            ],
            [
              78.3104098,
              17.4622461
            ],
            [
              78.3104084,
              17.4622881
            ],
            [
              78.3104139,
              17.46229
            ],
            [
              78.3104128,
              17.4623178
            ],
            [
              78.3103893,
              17.462317
            ],
            [
              78.3103898,
              17.4623033
            ],
            [
              78.3103725,
              17.4623027
            ],
            [
              78.310372,
              17.4623158
            ],
            [
              78.3103263,
              17.4623143
            ],
            [
              78.3103255,
              17.4623349
            ],
            [
              78.31031,
              17.4623344
            ],
            [
              78.3103079,
              17.4623904
            ],
            [
              78.310326,
              17.462391
            ],
            [
              78.3103243,
              17.4624354
            ],
            [
              78.3103648,
              17.4624368
            ],
            [
              78.3103643,
              17.4624496
            ],
            [
              78.3103828,
              17.4624502
            ],
            [
              78.3103834,
              17.4624348
            ],
            [
              78.3104223,
              17.4624362
            ],
            [
              78.3104235,
              17.4624036
            ],
            [
              78.3104377,
              17.4624041
            ],
            [
              78.3104373,
              17.4624135
            ],
            [
              78.3104601,
              17.4624143
            ],
            [
              78.3104605,
              17.4624041
            ],
            [
              78.3104733,
              17.4624045
            ],
            [
              78.3104725,
              17.4624274
            ],
            [
              78.3105114,
              17.4624287
            ],
            [
              78.3105109,
              17.4624421
            ],
            [
              78.3105281,
              17.4624426
            ],
            [
              78.3105286,
              17.462429
            ],
            [
              78.3105655,
              17.4624302
            ],
            [
              78.3105667,
              17.4623928
            ],
            [
              78.3105807,
              17.4623932
            ],
            [
              78.3105811,
              17.4623811
            ],
            [
              78.3105841,
              17.4623812
            ],
            [
              78.3105852,
              17.4623366
            ],
            [
              78.3105701,
              17.4623363
            ],
            [
              78.3105707,
              17.4623115
            ],
            [
              78.3104816,
              17.4623096
            ],
            [
              78.3104824,
              17.4622731
            ],
            [
              78.3104864,
              17.4622732
            ],
            [
              78.3104867,
              17.4622591
            ],
            [
              78.31057,
              17.4622604
            ],
            [
              78.3105707,
              17.4622197
            ],
            [
              78.3105898,
              17.46222
            ],
            [
              78.3105905,
              17.4621755
            ],
            [
              78.3105771,
              17.4621753
            ],
            [
              78.3105774,
              17.4621558
            ],
            [
              78.3105726,
              17.4621557
            ],
            [
              78.3105727,
              17.4621487
            ],
            [
              78.3105668,
              17.4621486
            ],
            [
              78.3105669,
              17.4621414
            ],
            [
              78.3105415,
              17.4621411
            ],
            [
              78.3105416,
              17.4621304
            ],
            [
              78.3105241,
              17.4621302
            ],
            [
              78.310524,
              17.4621387
            ],
            [
              78.3105164,
              17.4621386
            ],
            [
              78.3105165,
              17.462133
            ],
            [
              78.3104905,
              17.4621327
            ],
            [
              78.3104905,
              17.4621362
            ],
            [
              78.3104804,
              17.4621361
            ],
            [
              78.3104806,
              17.4621264
            ],
            [
              78.3104753,
              17.4621263
            ],
            [
              78.3104754,
              17.4621219
            ],
            [
              78.3104038,
              17.4621202
            ]
          ]
        ]
      }
    },
    {
      "type": "Feature",
      "properties": {
        "name": "Block-F",
        "osm_id": 1422236937,
        "type": "yes"
      },
      "geometry": {
        "type": "Polygon",
        "coordinates": [
          [
            [
              78.3100115,
              17.4622038
            ],
            [
              78.3100118,
              17.4621934
            ],
            [
              78.3099816,
              17.4621927
            ],
            [
              78.3099813,
              17.4622055
            ],
            [
              78.3099357,
              17.4622043
            ],
            [
              78.3099347,
              17.4622355
            ],
            [
              78.3099241,
              17.4622352
            ],
            [
              78.3099224,
              17.4622896
            ],
            [
              78.3099395,
              17.4622901
            ],
            [
              78.3099383,
              17.4623276
            ],
            [
              78.3099775,
              17.4623288
            ],
            [
              78.3099771,
              17.4623417
            ],
            [
              78.3099989,
              17.4623424
            ],
            [
              78.3099993,
              17.462329
            ],
            [
              78.3100175,
              17.4623296
            ],
            [
              78.3100161,
              17.4623716
            ],
            [
              78.3100216,
              17.4623736
            ],
            [
              78.3100205,
              17.4624013
            ],
            [
              78.309997,
              17.4624005
            ],
            [
              78.3099975,
              17.4623868
            ],
            [
              78.3099802,
              17.4623862
            ],
            [
              78.3099797,
              17.4623994
            ],
            [
              78.309934,
              17.4623978
            ],
            [
              78.3099333,
              17.4624184
            ],
            [
              78.3099178,
              17.4624179
            ],
            [
              78.3099157,
              17.4624739
            ],
            [
              78.3099337,
              17.4624745
            ],
            [
              78.309932,
              17.4625189
            ],
            [
              78.3099725,
              17.4625203
            ],
            [
              78.309972,
              17.4625331
            ],
            [
              78.3099905,
              17.4625337
            ],
            [
              78.3099911,
              17.4625184
            ],
            [
              78.31003,
              17.4625197
            ],
            [
              78.3100312,
              17.4624871
            ],
            [
              78.3100454,
              17.4624876
            ],
            [
              78.310045,
              17.462497
            ],
            [
              78.3100678,
              17.4624978
            ],
            [
              78.3100682,
              17.4624876
            ],
            [
              78.310081,
              17.462488
            ],
            [
              78.3100802,
              17.462511
            ],
            [
              78.3101191,
              17.4625122
            ],
            [
              78.3101187,
              17.4625256
            ],
            [
              78.3101358,
              17.4625261
            ],
            [
              78.3101363,
              17.4625126
            ],
            [
              78.3101732,
              17.4625137
            ],
            [
              78.3101745,
              17.4624763
            ],
            [
              78.3101884,
              17.4624767
            ],
            [
              78.3101888,
              17.4624646
            ],
            [
              78.3101918,
              17.4624647
            ],
            [
              78.3101929,
              17.4624201
            ],
            [
              78.3101778,
              17.4624198
            ],
            [
              78.3101784,
              17.462395
            ],
            [
              78.3100893,
              17.4623931
            ],
            [
              78.3100901,
              17.4623566
            ],
            [
              78.3100941,
              17.4623567
            ],
            [
              78.3100944,
              17.4623426
            ],
            [
              78.3101777,
              17.4623439
            ],
            [
              78.3101784,
              17.4623033
            ],
            [
              78.3101975,
              17.4623035
            ],
            [
              78.3101982,
              17.462259
            ],
            [
              78.3101848,
              17.4622588
            ],
            [
              78.3101851,
              17.4622393
            ],
            [
              78.3101803,
              17.4622393
            ],
            [
              78.3101804,
              17.4622322
            ],
            [
              78.3101745,
              17.4622321
            ],
            [
              78.3101746,
              17.4622249
            ],
            [
              78.3101492,
              17.4622246
            ],
            [
              78.3101493,
              17.4622139
            ],
            [
              78.3101318,
              17.4622138
            ],
            [
              78.3101317,
              17.4622222
            ],
            [
              78.3101242,
              17.4622221
            ],
            [
              78.3101242,
              17.4622166
            ],
            [
              78.3100982,
              17.4622162
            ],
            [
              78.3100982,
              17.4622198
            ],
            [
              78.3100881,
              17.4622196
            ],
            [
              78.3100883,
              17.4622099
            ],
            [
              78.310083,
              17.4622098
            ],
            [
              78.3100831,
              17.4622054
            ],
            [
              78.3100115,
              17.4622038
            ]
          ]
        ]
      }
    },
    {
      "type": "Feature",
      "properties": {
        "name": "Block-G",
        "osm_id": 1422236938,
        "type": "yes"
      },
      "geometry": {
        "type": "Polygon",
        "coordinates": [
          [
            [
              78.3101493,
              17.4626582
            ],
            [
              78.3101496,
              17.4626478
            ],
            [
              78.3101194,
              17.4626471
            ],
            [
              78.310119,
              17.4626599
            ],
            [
              78.3100734,
              17.4626587
            ],
            [
              78.3100725,
              17.4626899
            ],
            [
              78.3100619,
              17.4626896
            ],
            [
              78.3100601,
              17.462744
            ],
            [
              78.3100773,
              17.4627445
            ],
            [
              78.310076,
              17.462782
            ],
            [
              78.3101153,
              17.4627832
            ],
            [
              78.3101148,
              17.4627961
            ],
            [
              78.3101366,
              17.4627967
            ],
            [
              78.3101371,
              17.4627834
            ],
            [
              78.3101553,
              17.462784
            ],
            [
              78.3101538,
              17.462826
            ],
            [
              78.3101593,
              17.462828
            ],
            [
              78.3101583,
              17.4628557
            ],
            [
              78.3101348,
              17.4628549
            ],
            [
              78.3101353,
              17.4628412
            ],
            [
              78.3101179,
              17.4628406
            ],
            [
              78.3101174,
              17.4628538
            ],
            [
              78.3100718,
              17.4628522
            ],
            [
              78.310071,
              17.4628728
            ],
            [
              78.3100555,
              17.4628723
            ],
            [
              78.3100534,
              17.4629283
            ],
            [
              78.3100715,
              17.4629289
            ],
            [
              78.3100698,
              17.4629733
            ],
            [
              78.3101102,
              17.4629747
            ],
            [
              78.3101098,
              17.4629875
            ],
            [
              78.3101283,
              17.4629881
            ],
            [
              78.3101289,
              17.4629727
            ],
            [
              78.3101677,
              17.4629741
            ],
            [
              78.310169,
              17.4629415
            ],
            [
              78.3101832,
              17.462942
            ],
            [
              78.3101828,
              17.4629514
            ],
            [
              78.3102056,
              17.4629522
            ],
            [
              78.310206,
              17.462942
            ],
            [
              78.3102188,
              17.4629424
            ],
            [
              78.3102179,
              17.4629654
            ],
            [
              78.3102569,
              17.4629666
            ],
            [
              78.3102564,
              17.46298
            ],
            [
              78.3102736,
              17.4629805
            ],
            [
              78.3102741,
              17.462967
            ],
            [
              78.310311,
              17.4629681
            ],
            [
              78.3103122,
              17.4629307
            ],
            [
              78.3103262,
              17.4629311
            ],
            [
              78.3103266,
              17.462919
            ],
            [
              78.3103296,
              17.4629191
            ],
            [
              78.3103307,
              17.4628745
            ],
            [
              78.3103156,
              17.4628742
            ],
            [
              78.3103162,
              17.4628494
            ],
            [
              78.310227,
              17.4628475
            ],
            [
              78.3102279,
              17.462811
            ],
            [
              78.3102319,
              17.4628111
            ],
            [
              78.3102322,
              17.462797
            ],
            [
              78.3103155,
              17.4627983
            ],
            [
              78.3103162,
              17.4627576
            ],
            [
              78.3103353,
              17.4627579
            ],
            [
              78.310336,
              17.4627134
            ],
            [
              78.3103226,
              17.4627132
            ],
            [
              78.3103229,
              17.4626937
            ],
            [
              78.3103181,
              17.4626936
            ],
            [
              78.3103182,
              17.4626866
            ],
            [
              78.3103123,
              17.4626865
            ],
            [
              78.3103124,
              17.4626793
            ],
            [
              78.310287,
              17.462679
            ],
            [
              78.3102871,
              17.4626683
            ],
            [
              78.3102696,
              17.4626681
            ],
            [
              78.3102695,
              17.4626766
            ],
            [
              78.3102619,
              17.4626765
            ],
            [
              78.310262,
              17.4626709
            ],
            [
              78.310236,
              17.4626706
            ],
            [
              78.3102359,
              17.4626742
            ],
            [
              78.3102259,
              17.462674
            ],
            [
              78.3102261,
              17.4626643
            ],
            [
              78.3102208,
              17.4626642
            ],
            [
              78.3102209,
              17.4626598
            ],
            [
              78.3101493,
              17.4626582
            ]
          ]
        ]
      }
    },
    {
      "type": "Feature",
      "properties": {
        "name": "Block-H",
        "osm_id": 1422236939,
        "type": "yes"
      },
      "geometry": {
        "type": "Polygon",
        "coordinates": [
          [
            [
              78.3103022,
              17.4631048
            ],
            [
              78.3103025,
              17.4630944
            ],
            [
              78.3102723,
              17.4630937
            ],
            [
              78.310272,
              17.4631065
            ],
            [
              78.3102264,
              17.4631053
            ],
            [
              78.3102254,
              17.4631365
            ],
            [
              78.3102148,
              17.4631362
            ],
            [
              78.3102131,
              17.4631906
            ],
            [
              78.3102302,
              17.4631911
            ],
            [
              78.310229,
              17.4632286
            ],
            [
              78.3102682,
              17.4632298
            ],
            [
              78.3102678,
              17.4632427
            ],
            [
              78.3102896,
              17.4632433
            ],
            [
              78.31029,
              17.46323
            ],
            [
              78.3103082,
              17.4632306
            ],
            [
              78.3103068,
              17.4632726
            ],
            [
              78.3103123,
              17.4632745
            ],
            [
              78.3103112,
              17.4633023
            ],
            [
              78.3102877,
              17.4633015
            ],
            [
              78.3102882,
              17.4632878
            ],
            [
              78.3102709,
              17.4632872
            ],
            [
              78.3102704,
              17.4633003
            ],
            [
              78.3102247,
              17.4632988
            ],
            [
              78.310224,
              17.4633194
            ],
            [
              78.3102085,
              17.4633189
            ],
            [
              78.3102064,
              17.4633749
            ],
            [
              78.3102244,
              17.4633755
            ],
            [
              78.3102227,
              17.4634199
            ],
            [
              78.3102632,
              17.4634213
            ],
            [
              78.3102627,
              17.4634341
            ],
            [
              78.3102812,
              17.4634347
            ],
            [
              78.3102818,
              17.4634193
            ],
            [
              78.3103207,
              17.4634207
            ],
            [
              78.3103219,
              17.4633881
            ],
            [
              78.3103361,
              17.4633886
            ],
            [
              78.3103358,
              17.463398
            ],
            [
              78.3103586,
              17.4633988
            ],
            [
              78.3103589,
              17.4633886
            ],
            [
              78.3103717,
              17.463389
            ],
            [
              78.3103709,
              17.4634119
            ],
            [
              78.3104098,
              17.4634132
            ],
            [
              78.3104094,
              17.4634266
            ],
            [
              78.3104265,
              17.4634271
            ],
            [
              78.310427,
              17.4634136
            ],
            [
              78.3104639,
              17.4634147
            ],
            [
              78.3104652,
              17.4633773
            ],
            [
              78.3104791,
              17.4633777
            ],
            [
              78.3104795,
              17.4633656
            ],
            [
              78.3104825,
              17.4633657
            ],
            [
              78.3104836,
              17.4633211
            ],
            [
              78.3104685,
              17.4633208
            ],
            [
              78.3104691,
              17.463296
            ],
            [
              78.31038,
              17.4632941
            ],
            [
              78.3103808,
              17.4632576
            ],
            [
              78.3103848,
              17.4632577
            ],
            [
              78.3103851,
              17.4632436
            ],
            [
              78.3104684,
              17.4632449
            ],
            [
              78.3104691,
              17.4632042
            ],
            [
              78.3104882,
              17.4632045
            ],
            [
              78.3104889,
              17.46316
            ],
            [
              78.3104755,
              17.4631598
            ],
            [
              78.3104758,
              17.4631403
            ],
            [
              78.310471,
              17.4631402
            ],
            [
              78.3104711,
              17.4631332
            ],
            [
              78.3104652,
              17.4631331
            ],
            [
              78.3104653,
              17.4631259
            ],
            [
              78.3104399,
              17.4631256
            ],
            [
              78.31044,
              17.4631149
            ],
            [
              78.3104225,
              17.4631147
            ],
            [
              78.3104224,
              17.4631232
            ],
            [
              78.3104149,
              17.4631231
            ],
            [
              78.310415,
              17.4631175
            ],
            [
              78.3103889,
              17.4631172
            ],
            [
              78.3103889,
              17.4631208
            ],
            [
              78.3103788,
              17.4631206
            ],
            [
              78.310379,
              17.4631109
            ],
            [
              78.3103737,
              17.4631108
            ],
            [
              78.3103738,
              17.4631064
            ],
            [
              78.3103022,
              17.4631048
            ]
          ]
        ]
      }
    },
    {
      "type": "Feature",
      "properties": {
        "name": "Block-M",
        "osm_id": 1422445934,
        "type": "yes"
      },
      "geometry": {
        "type": "Polygon",
        "coordinates": [
          [
            [
              78.3118733,
              17.465336
            ],
            [
              78.3120145,
              17.4653293
            ],
            [
              78.3120111,
              17.4652639
            ],
            [
              78.3120338,
              17.4652628
            ],
            [
              78.3120369,
              17.4653216
            ],
            [
              78.3121712,
              17.4653153
            ],
            [
              78.3121636,
              17.4651677
            ],
            [
              78.3120455,
              17.4651732
            ],
            [
              78.3120451,
              17.4651652
            ],
            [
              78.312134,
              17.4651611
            ],
            [
              78.3121272,
              17.4650279
            ],
            [
              78.3120326,
              17.4650323
            ],
            [
              78.312028,
              17.4649405
            ],
            [
              78.3121254,
              17.464936
            ],
            [
              78.3121199,
              17.4648284
            ],
            [
              78.3120234,
              17.4648329
            ],
            [
              78.3120229,
              17.4648227
            ],
            [
              78.3121167,
              17.4648181
            ],
            [
              78.3121094,
              17.4646807
            ],
            [
              78.3120065,
              17.4646856
            ],
            [
              78.3120106,
              17.4647635
            ],
            [
              78.3119679,
              17.4647656
            ],
            [
              78.3119636,
              17.4646859
            ],
            [
              78.3118586,
              17.4646911
            ],
            [
              78.3118662,
              17.4648305
            ],
            [
              78.3119703,
              17.4648254
            ],
            [
              78.3119713,
              17.4648438
            ],
            [
              78.3118807,
              17.4648485
            ],
            [
              78.3118861,
              17.4649456
            ],
            [
              78.3119793,
              17.4649408
            ],
            [
              78.311985,
              17.4650429
            ],
            [
              78.3118882,
              17.4650478
            ],
            [
              78.3118954,
              17.465175
            ],
            [
              78.3119854,
              17.4651704
            ],
            [
              78.3119836,
              17.4651788
            ],
            [
              78.3118654,
              17.4651844
            ],
            [
              78.3118733,
              17.465336
            ]
          ]
        ]
      }
    },
    {
      "type": "Feature",
      "properties": {
        "name": "Block-N",
        "osm_id": 1422445935,
        "type": "yes"
      },
      "geometry": {
        "type": "Polygon",
        "coordinates": [
          [
            [
              78.3123144,
              17.4651926
            ],
            [
              78.3124556,
              17.4651859
            ],
            [
              78.3124522,
              17.4651204
            ],
            [
              78.3124749,
              17.4651193
            ],
            [
              78.312478,
              17.4651781
            ],
            [
              78.3126122,
              17.4651718
            ],
            [
              78.3126046,
              17.4650242
            ],
            [
              78.3124866,
              17.4650298
            ],
            [
              78.3124862,
              17.4650218
            ],
            [
              78.3125751,
              17.4650177
            ],
            [
              78.3125683,
              17.4648845
            ],
            [
              78.3124737,
              17.4648888
            ],
            [
              78.3124691,
              17.464797
            ],
            [
              78.3125665,
              17.4647925
            ],
            [
              78.312561,
              17.464685
            ],
            [
              78.3124645,
              17.4646894
            ],
            [
              78.312464,
              17.4646792
            ],
            [
              78.3125578,
              17.4646747
            ],
            [
              78.3125505,
              17.4645372
            ],
            [
              78.3124476,
              17.4645422
            ],
            [
              78.3124517,
              17.4646201
            ],
            [
              78.312409,
              17.4646222
            ],
            [
              78.3124047,
              17.4645424
            ],
            [
              78.3122997,
              17.4645476
            ],
            [
              78.3123073,
              17.4646871
            ],
            [
              78.3124114,
              17.4646819
            ],
            [
              78.3124124,
              17.4647004
            ],
            [
              78.3123218,
              17.464705
            ],
            [
              78.3123272,
              17.4648022
            ],
            [
              78.3124204,
              17.4647974
            ],
            [
              78.3124261,
              17.4648994
            ],
            [
              78.3123293,
              17.4649044
            ],
            [
              78.3123365,
              17.4650316
            ],
            [
              78.3124265,
              17.4650269
            ],
            [
              78.3124247,
              17.4650354
            ],
            [
              78.3123065,
              17.4650409
            ],
            [
              78.3123144,
              17.4651926
            ]
          ]
        ]
      }
    },
    {
      "type": "Feature",
      "properties": {
        "name": "Block-K",
        "osm_id": 1422445936,
        "type": "yes"
      },
      "geometry": {
        "type": "Polygon",
        "coordinates": [
          [
            [
              78.3124037,
              17.4644028
            ],
            [
              78.3122953,
              17.4644083
            ],
            [
              78.3122876,
              17.4642696
            ],
            [
              78.3123869,
              17.4642646
            ],
            [
              78.3123857,
              17.4642443
            ],
            [
              78.3122963,
              17.4642488
            ],
            [
              78.3122897,
              17.4641273
            ],
            [
              78.3123756,
              17.464123
            ],
            [
              78.3123706,
              17.4640315
            ],
            [
              78.3122764,
              17.4640362
            ],
            [
              78.3122705,
              17.4639276
            ],
            [
              78.3123616,
              17.4639231
            ],
            [
              78.3123613,
              17.4639174
            ],
            [
              78.3122656,
              17.4639222
            ],
            [
              78.3122574,
              17.4637755
            ],
            [
              78.3123647,
              17.46377
            ],
            [
              78.3123689,
              17.4638449
            ],
            [
              78.3123955,
              17.4638435
            ],
            [
              78.312391,
              17.4637638
            ],
            [
              78.3125039,
              17.463758
            ],
            [
              78.3125121,
              17.4639038
            ],
            [
              78.3124166,
              17.4639087
            ],
            [
              78.3124174,
              17.4639229
            ],
            [
              78.3125123,
              17.463918
            ],
            [
              78.3125182,
              17.4640226
            ],
            [
              78.3124289,
              17.4640272
            ],
            [
              78.3124341,
              17.464119
            ],
            [
              78.3125213,
              17.4641145
            ],
            [
              78.3125286,
              17.4642447
            ],
            [
              78.3124414,
              17.4642492
            ],
            [
              78.312442,
              17.464261
            ],
            [
              78.3125293,
              17.4642565
            ],
            [
              78.312537,
              17.4643924
            ],
            [
              78.3124382,
              17.4643974
            ],
            [
              78.3124358,
              17.4643535
            ],
            [
              78.312401,
              17.4643552
            ],
            [
              78.3124037,
              17.4644028
            ]
          ]
        ]
      }
    },
    {
      "type": "Feature",
      "properties": {
        "name": "Block-J",
        "osm_id": 1422445937,
        "type": "yes"
      },
      "geometry": {
        "type": "Polygon",
        "coordinates": [
          [
            [
              78.3127895,
              17.464247
            ],
            [
              78.3126811,
              17.4642525
            ],
            [
              78.3126734,
              17.4641138
            ],
            [
              78.3127727,
              17.4641088
            ],
            [
              78.3127716,
              17.4640886
            ],
            [
              78.3126822,
              17.464093
            ],
            [
              78.3126755,
              17.4639715
            ],
            [
              78.3127615,
              17.4639672
            ],
            [
              78.3127564,
              17.4638757
            ],
            [
              78.3126623,
              17.4638805
            ],
            [
              78.3126563,
              17.4637718
            ],
            [
              78.3127474,
              17.4637673
            ],
            [
              78.3127471,
              17.4637616
            ],
            [
              78.3126515,
              17.4637665
            ],
            [
              78.3126433,
              17.4636197
            ],
            [
              78.3127506,
              17.4636142
            ],
            [
              78.3127548,
              17.4636891
            ],
            [
              78.3127813,
              17.4636877
            ],
            [
              78.3127769,
              17.463608
            ],
            [
              78.3128898,
              17.4636022
            ],
            [
              78.312898,
              17.4637481
            ],
            [
              78.3128025,
              17.463753
            ],
            [
              78.3128033,
              17.4637671
            ],
            [
              78.3128981,
              17.4637622
            ],
            [
              78.312904,
              17.4638669
            ],
            [
              78.3128148,
              17.4638714
            ],
            [
              78.31282,
              17.4639632
            ],
            [
              78.3129071,
              17.4639588
            ],
            [
              78.3129145,
              17.4640889
            ],
            [
              78.3128272,
              17.4640934
            ],
            [
              78.3128279,
              17.4641052
            ],
            [
              78.3129152,
              17.4641007
            ],
            [
              78.3129228,
              17.4642366
            ],
            [
              78.3128241,
              17.4642416
            ],
            [
              78.3128216,
              17.4641977
            ],
            [
              78.3127869,
              17.4641995
            ],
            [
              78.3127895,
              17.464247
            ]
          ]
        ]
      }
    },
    {
      "type": "Feature",
      "properties": {
        "name": "Block-I",
        "osm_id": 1422445938,
        "type": "yes"
      },
      "geometry": {
        "type": "Polygon",
        "coordinates": [
          [
            [
              78.3131717,
              17.4641255
            ],
            [
              78.3130633,
              17.464131
            ],
            [
              78.3130556,
              17.4639923
            ],
            [
              78.3131549,
              17.4639873
            ],
            [
              78.3131538,
              17.463967
            ],
            [
              78.3130644,
              17.4639715
            ],
            [
              78.3130577,
              17.46385
            ],
            [
              78.3131437,
              17.4638457
            ],
            [
              78.3131387,
              17.4637542
            ],
            [
              78.3130445,
              17.4637589
            ],
            [
              78.3130385,
              17.4636503
            ],
            [
              78.3131297,
              17.4636458
            ],
            [
              78.3131293,
              17.4636401
            ],
            [
              78.3130337,
              17.4636449
            ],
            [
              78.3130255,
              17.4634982
            ],
            [
              78.3131328,
              17.4634927
            ],
            [
              78.313137,
              17.4635676
            ],
            [
              78.3131636,
              17.4635662
            ],
            [
              78.3131591,
              17.4634865
            ],
            [
              78.313272,
              17.4634807
            ],
            [
              78.3132802,
              17.4636265
            ],
            [
              78.3131847,
              17.4636314
            ],
            [
              78.3131855,
              17.4636456
            ],
            [
              78.3132803,
              17.4636407
            ],
            [
              78.3132863,
              17.4637453
            ],
            [
              78.313197,
              17.4637499
            ],
            [
              78.3132022,
              17.4638417
            ],
            [
              78.3132893,
              17.4638372
            ],
            [
              78.3132967,
              17.4639674
            ],
            [
              78.3132094,
              17.4639719
            ],
            [
              78.3132101,
              17.4639837
            ],
            [
              78.3132974,
              17.4639792
            ],
            [
              78.313305,
              17.464115
            ],
            [
              78.3132063,
              17.4641201
            ],
            [
              78.3132038,
              17.4640762
            ],
            [
              78.3131691,
              17.4640779
            ],
            [
              78.3131717,
              17.4641255
            ]
          ]
        ]
      }
    },
    {
      "type": "Feature",
      "properties": {
        "name": "Block-L",
        "osm_id": 1422445939,
        "type": "yes"
      },
      "geometry": {
        "type": "Polygon",
        "coordinates": [
          [
            [
              78.3120197,
              17.4645425
            ],
            [
              78.3119113,
              17.464548
            ],
            [
              78.3119036,
              17.4644094
            ],
            [
              78.3120029,
              17.4644044
            ],
            [
              78.3120018,
              17.4643841
            ],
            [
              78.3119124,
              17.4643886
            ],
            [
              78.3119057,
              17.464267
            ],
            [
              78.3119917,
              17.4642627
            ],
            [
              78.3119866,
              17.4641713
            ],
            [
              78.3118925,
              17.464176
            ],
            [
              78.3118865,
              17.4640674
            ],
            [
              78.3119776,
              17.4640628
            ],
            [
              78.3119773,
              17.4640571
            ],
            [
              78.3118817,
              17.464062
            ],
            [
              78.3118735,
              17.4639152
            ],
            [
              78.3119808,
              17.4639097
            ],
            [
              78.311985,
              17.4639846
            ],
            [
              78.3120115,
              17.4639833
            ],
            [
              78.3120071,
              17.4639035
            ],
            [
              78.31212,
              17.4638977
            ],
            [
              78.3121282,
              17.4640436
            ],
            [
              78.3120327,
              17.4640485
            ],
            [
              78.3120335,
              17.4640626
            ],
            [
              78.3121283,
              17.4640577
            ],
            [
              78.3121342,
              17.4641624
            ],
            [
              78.312045,
              17.464167
            ],
            [
              78.3120502,
              17.4642587
            ],
            [
              78.3121373,
              17.4642543
            ],
            [
              78.3121447,
              17.4643844
            ],
            [
              78.3120574,
              17.4643889
            ],
            [
              78.3120581,
              17.4644007
            ],
            [
              78.3121454,
              17.4643963
            ],
            [
              78.312153,
              17.4645321
            ],
            [
              78.3120543,
              17.4645371
            ],
            [
              78.3120518,
              17.4644932
            ],
            [
              78.3120171,
              17.464495
            ],
            [
              78.3120197,
              17.4645425
            ]
          ]
        ]
      }
    },
    {
      "type": "Feature",
      "properties": {
        "name": "Block-E",
        "osm_id": 1422445940,
        "type": "construction"
      },
      "geometry": {
        "type": "Polygon",
        "coordinates": [
          [
            [
              78.3152495,
              17.4638385
            ],
            [
              78.3151411,
              17.463844
            ],
            [
              78.3151334,
              17.4637054
            ],
            [
              78.3152327,
              17.4637003
            ],
            [
              78.3152315,
              17.4636801
            ],
            [
              78.3151422,
              17.4636846
            ],
            [
              78.3151355,
              17.463563
            ],
            [
              78.3152214,
              17.4635587
            ],
            [
              78.3152164,
              17.4634673
            ],
            [
              78.3151222,
              17.463472
            ],
            [
              78.3151163,
              17.4633634
            ],
            [
              78.3152074,
              17.4633588
            ],
            [
              78.3152071,
              17.4633531
            ],
            [
              78.3151115,
              17.463358
            ],
            [
              78.3151032,
              17.4632112
            ],
            [
              78.3152105,
              17.4632057
            ],
            [
              78.3152147,
              17.4632806
            ],
            [
              78.3152413,
              17.4632793
            ],
            [
              78.3152368,
              17.4631995
            ],
            [
              78.3153497,
              17.4631937
            ],
            [
              78.3153579,
              17.4633396
            ],
            [
              78.3152624,
              17.4633445
            ],
            [
              78.3152632,
              17.4633586
            ],
            [
              78.3153581,
              17.4633537
            ],
            [
              78.315364,
              17.4634584
            ],
            [
              78.3152747,
              17.4634629
            ],
            [
              78.3152799,
              17.4635547
            ],
            [
              78.3153671,
              17.4635503
            ],
            [
              78.3153744,
              17.4636804
            ],
            [
              78.3152872,
              17.4636849
            ],
            [
              78.3152879,
              17.4636967
            ],
            [
              78.3153752,
              17.4636923
            ],
            [
              78.3153828,
              17.4638281
            ],
            [
              78.315284,
              17.4638331
            ],
            [
              78.3152816,
              17.4637892
            ],
            [
              78.3152468,
              17.463791
            ],
            [
              78.3152495,
              17.4638385
            ]
          ]
        ]
      }
    },
    {
      "type": "Feature",
      "properties": {
        "name": "Block-F",
        "osm_id": 1422445941,
        "type": "construction"
      },
      "geometry": {
        "type": "Polygon",
        "coordinates": [
          [
            [
              78.3148304,
              17.4635461
            ],
            [
              78.3147221,
              17.4635516
            ],
            [
              78.3147144,
              17.4634129
            ],
            [
              78.3148136,
              17.4634079
            ],
            [
              78.3148125,
              17.4633876
            ],
            [
              78.3147231,
              17.4633921
            ],
            [
              78.3147164,
              17.4632706
            ],
            [
              78.3148024,
              17.4632663
            ],
            [
              78.3147974,
              17.4631748
            ],
            [
              78.3147032,
              17.4631795
            ],
            [
              78.3146973,
              17.4630709
            ],
            [
              78.3147884,
              17.4630664
            ],
            [
              78.3147881,
              17.4630607
            ],
            [
              78.3146924,
              17.4630656
            ],
            [
              78.3146842,
              17.4629188
            ],
            [
              78.3147915,
              17.4629133
            ],
            [
              78.3147957,
              17.4629882
            ],
            [
              78.3148223,
              17.4629868
            ],
            [
              78.3148178,
              17.4629071
            ],
            [
              78.3149307,
              17.4629013
            ],
            [
              78.3149389,
              17.4630472
            ],
            [
              78.3148434,
              17.463052
            ],
            [
              78.3148442,
              17.4630662
            ],
            [
              78.3149391,
              17.4630613
            ],
            [
              78.314945,
              17.4631659
            ],
            [
              78.3148557,
              17.4631705
            ],
            [
              78.3148609,
              17.4632623
            ],
            [
              78.3149481,
              17.4632578
            ],
            [
              78.3149554,
              17.463388
            ],
            [
              78.3148682,
              17.4633925
            ],
            [
              78.3148688,
              17.4634043
            ],
            [
              78.3149561,
              17.4633998
            ],
            [
              78.3149637,
              17.4635357
            ],
            [
              78.314865,
              17.4635407
            ],
            [
              78.3148626,
              17.4634968
            ],
            [
              78.3148278,
              17.4634985
            ],
            [
              78.3148304,
              17.4635461
            ]
          ]
        ]
      }
    },
    {
      "type": "Feature",
      "properties": {
        "name": "Block-G",
        "osm_id": 1422445942,
        "type": "construction"
      },
      "geometry": {
        "type": "Polygon",
        "coordinates": [
          [
            [
              78.3144376,
              17.4635623
            ],
            [
              78.3143292,
              17.4635677
            ],
            [
              78.3143215,
              17.4634291
            ],
            [
              78.3144208,
              17.4634241
            ],
            [
              78.3144197,
              17.4634038
            ],
            [
              78.3143303,
              17.4634083
            ],
            [
              78.3143236,
              17.4632867
            ],
            [
              78.3144096,
              17.4632824
            ],
            [
              78.3144045,
              17.463191
            ],
            [
              78.3143104,
              17.4631957
            ],
            [
              78.3143044,
              17.4630871
            ],
            [
              78.3143955,
              17.4630825
            ],
            [
              78.3143952,
              17.4630768
            ],
            [
              78.3142996,
              17.4630817
            ],
            [
              78.3142914,
              17.4629349
            ],
            [
              78.3143987,
              17.4629295
            ],
            [
              78.3144029,
              17.4630043
            ],
            [
              78.3144294,
              17.463003
            ],
            [
              78.314425,
              17.4629232
            ],
            [
              78.3145379,
              17.4629175
            ],
            [
              78.3145461,
              17.4630633
            ],
            [
              78.3144506,
              17.4630682
            ],
            [
              78.3144514,
              17.4630823
            ],
            [
              78.3145462,
              17.4630775
            ],
            [
              78.3145521,
              17.4631821
            ],
            [
              78.3144629,
              17.4631867
            ],
            [
              78.3144681,
              17.4632785
            ],
            [
              78.3145552,
              17.463274
            ],
            [
              78.3145626,
              17.4634042
            ],
            [
              78.3144753,
              17.4634087
            ],
            [
              78.314476,
              17.4634204
            ],
            [
              78.3145633,
              17.463416
            ],
            [
              78.3145709,
              17.4635518
            ],
            [
              78.3144722,
              17.4635568
            ],
            [
              78.3144697,
              17.4635129
            ],
            [
              78.314435,
              17.4635147
            ],
            [
              78.3144376,
              17.4635623
            ]
          ]
        ]
      }
    },
    {
      "type": "Feature",
      "properties": {
        "name": "Block-H",
        "osm_id": 1422445943,
        "type": "construction"
      },
      "geometry": {
        "type": "Polygon",
        "coordinates": [
          [
            [
              78.3140525,
              17.4638003
            ],
            [
              78.3139441,
              17.4638058
            ],
            [
              78.3139364,
              17.4636671
            ],
            [
              78.3140357,
              17.4636621
            ],
            [
              78.3140346,
              17.4636419
            ],
            [
              78.3139452,
              17.4636463
            ],
            [
              78.3139385,
              17.4635248
            ],
            [
              78.3140244,
              17.4635205
            ],
            [
              78.3140194,
              17.4634291
            ],
            [
              78.3139253,
              17.4634338
            ],
            [
              78.3139193,
              17.4633252
            ],
            [
              78.3140104,
              17.4633206
            ],
            [
              78.3140101,
              17.4633149
            ],
            [
              78.3139145,
              17.4633198
            ],
            [
              78.3139063,
              17.463173
            ],
            [
              78.3140135,
              17.4631675
            ],
            [
              78.3140177,
              17.4632424
            ],
            [
              78.3140443,
              17.463241
            ],
            [
              78.3140398,
              17.4631613
            ],
            [
              78.3141527,
              17.4631555
            ],
            [
              78.314161,
              17.4633014
            ],
            [
              78.3140655,
              17.4633063
            ],
            [
              78.3140663,
              17.4633204
            ],
            [
              78.3141611,
              17.4633155
            ],
            [
              78.314167,
              17.4634202
            ],
            [
              78.3140777,
              17.4634247
            ],
            [
              78.3140829,
              17.4635165
            ],
            [
              78.3141701,
              17.4635121
            ],
            [
              78.3141774,
              17.4636422
            ],
            [
              78.3140902,
              17.4636467
            ],
            [
              78.3140909,
              17.4636585
            ],
            [
              78.3141782,
              17.4636541
            ],
            [
              78.3141858,
              17.4637899
            ],
            [
              78.314087,
              17.4637949
            ],
            [
              78.3140846,
              17.463751
            ],
            [
              78.3140498,
              17.4637528
            ],
            [
              78.3140525,
              17.4638003
            ]
          ]
        ]
      }
    },
    {
      "type": "Feature",
      "properties": {
        "name": "Block-A",
        "osm_id": 1422445944,
        "type": "construction"
      },
      "geometry": {
        "type": "Polygon",
        "coordinates": [
          [
            [
              78.3140987,
              17.4646424
            ],
            [
              78.3139903,
              17.4646478
            ],
            [
              78.3139826,
              17.4645092
            ],
            [
              78.3140819,
              17.4645042
            ],
            [
              78.3140808,
              17.4644839
            ],
            [
              78.3139914,
              17.4644884
            ],
            [
              78.3139847,
              17.4643668
            ],
            [
              78.3140706,
              17.4643625
            ],
            [
              78.3140656,
              17.4642711
            ],
            [
              78.3139715,
              17.4642758
            ],
            [
              78.3139655,
              17.4641672
            ],
            [
              78.3140566,
              17.4641626
            ],
            [
              78.3140563,
              17.4641569
            ],
            [
              78.3139607,
              17.4641618
            ],
            [
              78.3139525,
              17.464015
            ],
            [
              78.3140597,
              17.4640096
            ],
            [
              78.3140639,
              17.4640844
            ],
            [
              78.3140905,
              17.4640831
            ],
            [
              78.314086,
              17.4640033
            ],
            [
              78.314199,
              17.4639976
            ],
            [
              78.3142072,
              17.4641434
            ],
            [
              78.3141117,
              17.4641483
            ],
            [
              78.3141125,
              17.4641624
            ],
            [
              78.3142073,
              17.4641576
            ],
            [
              78.3142132,
              17.4642622
            ],
            [
              78.314124,
              17.4642668
            ],
            [
              78.3141291,
              17.4643586
            ],
            [
              78.3142163,
              17.4643541
            ],
            [
              78.3142237,
              17.4644843
            ],
            [
              78.3141364,
              17.4644887
            ],
            [
              78.3141371,
              17.4645005
            ],
            [
              78.3142244,
              17.4644961
            ],
            [
              78.314232,
              17.4646319
            ],
            [
              78.3141333,
              17.4646369
            ],
            [
              78.3141308,
              17.464593
            ],
            [
              78.3140961,
              17.4645948
            ],
            [
              78.3140987,
              17.4646424
            ]
          ]
        ]
      }
    },
    {
      "type": "Feature",
      "properties": {
        "name": "Block-B",
        "osm_id": 1422445945,
        "type": "construction"
      },
      "geometry": {
        "type": "Polygon",
        "coordinates": [
          [
            [
              78.3145824,
              17.464638
            ],
            [
              78.314474,
              17.4646434
            ],
            [
              78.3144663,
              17.4645048
            ],
            [
              78.3145656,
              17.4644998
            ],
            [
              78.3145645,
              17.4644795
            ],
            [
              78.3144751,
              17.464484
            ],
            [
              78.3144684,
              17.4643624
            ],
            [
              78.3145544,
              17.4643581
            ],
            [
              78.3145494,
              17.4642667
            ],
            [
              78.3144552,
              17.4642714
            ],
            [
              78.3144492,
              17.4641628
            ],
            [
              78.3145403,
              17.4641582
            ],
            [
              78.31454,
              17.4641525
            ],
            [
              78.3144444,
              17.4641574
            ],
            [
              78.3144362,
              17.4640106
            ],
            [
              78.3145435,
              17.4640052
            ],
            [
              78.3145477,
              17.46408
            ],
            [
              78.3145742,
              17.4640787
            ],
            [
              78.3145698,
              17.4639989
            ],
            [
              78.3146827,
              17.4639931
            ],
            [
              78.3146909,
              17.464139
            ],
            [
              78.3145954,
              17.4641439
            ],
            [
              78.3145962,
              17.464158
            ],
            [
              78.314691,
              17.4641531
            ],
            [
              78.3146969,
              17.4642578
            ],
            [
              78.3146077,
              17.4642624
            ],
            [
              78.3146129,
              17.4643542
            ],
            [
              78.3147,
              17.4643497
            ],
            [
              78.3147074,
              17.4644799
            ],
            [
              78.3146201,
              17.4644843
            ],
            [
              78.3146208,
              17.4644961
            ],
            [
              78.3147081,
              17.4644917
            ],
            [
              78.3147157,
              17.4646275
            ],
            [
              78.314617,
              17.4646325
            ],
            [
              78.3146145,
              17.4645886
            ],
            [
              78.3145798,
              17.4645904
            ],
            [
              78.3145824,
              17.464638
            ]
          ]
        ]
      }
    },
    {
      "type": "Feature",
      "properties": {
        "name": "Block-C",
        "osm_id": 1422445946,
        "type": "construction"
      },
      "geometry": {
        "type": "Polygon",
        "coordinates": [
          [
            [
              78.3150461,
              17.4646762
            ],
            [
              78.3149377,
              17.4646816
            ],
            [
              78.31493,
              17.464543
            ],
            [
              78.3150293,
              17.464538
            ],
            [
              78.3150282,
              17.4645177
            ],
            [
              78.3149388,
              17.4645222
            ],
            [
              78.3149321,
              17.4644006
            ],
            [
              78.3150181,
              17.4643963
            ],
            [
              78.315013,
              17.4643049
            ],
            [
              78.3149189,
              17.4643096
            ],
            [
              78.3149129,
              17.464201
            ],
            [
              78.315004,
              17.4641964
            ],
            [
              78.3150037,
              17.4641907
            ],
            [
              78.3149081,
              17.4641956
            ],
            [
              78.3148999,
              17.4640488
            ],
            [
              78.3150072,
              17.4640434
            ],
            [
              78.3150114,
              17.4641182
            ],
            [
              78.3150379,
              17.4641169
            ],
            [
              78.3150335,
              17.4640371
            ],
            [
              78.3151464,
              17.4640314
            ],
            [
              78.3151546,
              17.4641772
            ],
            [
              78.3150591,
              17.4641821
            ],
            [
              78.3150599,
              17.4641962
            ],
            [
              78.3151547,
              17.4641914
            ],
            [
              78.3151606,
              17.464296
            ],
            [
              78.3150714,
              17.4643006
            ],
            [
              78.3150766,
              17.4643924
            ],
            [
              78.3151637,
              17.4643879
            ],
            [
              78.3151711,
              17.4645181
            ],
            [
              78.3150838,
              17.4645225
            ],
            [
              78.3150845,
              17.4645343
            ],
            [
              78.3151718,
              17.4645299
            ],
            [
              78.3151794,
              17.4646657
            ],
            [
              78.3150807,
              17.4646707
            ],
            [
              78.3150782,
              17.4646268
            ],
            [
              78.3150435,
              17.4646286
            ],
            [
              78.3150461,
              17.4646762
            ]
          ]
        ]
      }
    },
    {
      "type": "Feature",
      "properties": {
        "name": "Block-D",
        "osm_id": 1422445947,
        "type": "construction"
      },
      "geometry": {
        "type": "Polygon",
        "coordinates": [
          [
            [
              78.3154682,
              17.4646291
            ],
            [
              78.3153598,
              17.4646346
            ],
            [
              78.3153521,
              17.464496
            ],
            [
              78.3154514,
              17.4644909
            ],
            [
              78.3154503,
              17.4644707
            ],
            [
              78.3153609,
              17.4644752
            ],
            [
              78.3153542,
              17.4643536
            ],
            [
              78.3154402,
              17.4643493
            ],
            [
              78.3154352,
              17.4642579
            ],
            [
              78.315341,
              17.4642626
            ],
            [
              78.315335,
              17.464154
            ],
            [
              78.3154262,
              17.4641494
            ],
            [
              78.3154258,
              17.4641437
            ],
            [
              78.3153302,
              17.4641486
            ],
            [
              78.315322,
              17.4640018
            ],
            [
              78.3154293,
              17.4639963
            ],
            [
              78.3154335,
              17.4640712
            ],
            [
              78.31546,
              17.4640699
            ],
            [
              78.3154556,
              17.4639901
            ],
            [
              78.3155685,
              17.4639843
            ],
            [
              78.3155767,
              17.4641302
            ],
            [
              78.3154812,
              17.4641351
            ],
            [
              78.315482,
              17.4641492
            ],
            [
              78.3155768,
              17.4641443
            ],
            [
              78.3155827,
              17.464249
            ],
            [
              78.3154935,
              17.4642535
            ],
            [
              78.3154987,
              17.4643453
            ],
            [
              78.3155858,
              17.4643409
            ],
            [
              78.3155932,
              17.464471
            ],
            [
              78.3155059,
              17.4644755
            ],
            [
              78.3155066,
              17.4644873
            ],
            [
              78.3155939,
              17.4644829
            ],
            [
              78.3156015,
              17.4646187
            ],
            [
              78.3155028,
              17.4646237
            ],
            [
              78.3155003,
              17.4645798
            ],
            [
              78.3154656,
              17.4645816
            ],
            [
              78.3154682,
              17.4646291
            ]
          ]
        ]
      }
    },
    {
      "type": "Feature",
      "properties": {
        "name": "Block A",
        "osm_id": 1422448592,
        "type": "yes"
      },
      "geometry": {
        "type": "Polygon",
        "coordinates": [
          [
            [
              78.310331,
              17.4700351
            ],
            [
              78.3103499,
              17.4700354
            ],
            [
              78.3103507,
              17.4699844
            ],
            [
              78.310457,
              17.4699859
            ],
            [
              78.3104553,
              17.4700952
            ],
            [
              78.310341,
              17.4700936
            ],
            [
              78.3103406,
              17.4701231
            ],
            [
              78.3104557,
              17.4701247
            ],
            [
              78.310454,
              17.4702389
            ],
            [
              78.310344,
              17.4702374
            ],
            [
              78.3103434,
              17.4702713
            ],
            [
              78.3104524,
              17.4702729
            ],
            [
              78.3104507,
              17.470381
            ],
            [
              78.3103533,
              17.4703796
            ],
            [
              78.3103528,
              17.4704114
            ],
            [
              78.3104487,
              17.4704128
            ],
            [
              78.3104468,
              17.4705289
            ],
            [
              78.3103426,
              17.4705274
            ],
            [
              78.3103432,
              17.4704869
            ],
            [
              78.3103197,
              17.4704865
            ],
            [
              78.3103191,
              17.470523
            ],
            [
              78.3102147,
              17.4705214
            ],
            [
              78.3102166,
              17.4704085
            ],
            [
              78.3103111,
              17.47041
            ],
            [
              78.3103117,
              17.4703732
            ],
            [
              78.3102161,
              17.4703718
            ],
            [
              78.3102178,
              17.4702685
            ],
            [
              78.3103137,
              17.4702699
            ],
            [
              78.3103144,
              17.4702323
            ],
            [
              78.3102187,
              17.4702309
            ],
            [
              78.3102205,
              17.4701167
            ],
            [
              78.3103065,
              17.470118
            ],
            [
              78.3103068,
              17.4700982
            ],
            [
              78.310215,
              17.4700969
            ],
            [
              78.310217,
              17.4699707
            ],
            [
              78.310332,
              17.4699723
            ],
            [
              78.310331,
              17.4700351
            ]
          ]
        ]
      }
    },
    {
      "type": "Feature",
      "properties": {
        "name": "Tudor Ken",
        "osm_id": 1422673099,
        "type": "residential"
      },
      "geometry": {
        "type": "Polygon",
        "coordinates": [
          [
            [
              78.2769947,
              17.438286
            ],
            [
              78.2770903,
              17.4385517
            ],
            [
              78.2776269,
              17.4385168
            ],
            [
              78.2777476,
              17.4390545
            ],
            [
              78.2768663,
              17.4390832
            ],
            [
              78.2770163,
              17.440836
            ],
            [
              78.276362,
              17.4408607
            ],
            [
              78.2763585,
              17.4409487
            ],
            [
              78.27621,
              17.4409385
            ],
            [
              78.2761599,
              17.4409539
            ],
            [
              78.2761233,
              17.4410051
            ],
            [
              78.275942,
              17.4410748
            ],
            [
              78.2757253,
              17.441244
            ],
            [
              78.2757178,
              17.4411662
            ],
            [
              78.2756857,
              17.4408336
            ],
            [
              78.2756629,
              17.4407844
            ],
            [
              78.2754652,
              17.4408071
            ],
            [
              78.275321,
              17.4408887
            ],
            [
              78.275053,
              17.4402891
            ],
            [
              78.2750222,
              17.4402244
            ],
            [
              78.2753179,
              17.4391574
            ],
            [
              78.2748958,
              17.4384607
            ],
            [
              78.2769947,
              17.438286
            ]
          ]
        ]
      }
    },
    {
      "type": "Feature",
      "properties": {
        "name": "Blossom Heights",
        "osm_id": 1422964161,
        "type": "residential"
      },
      "geometry": {
        "type": "Polygon",
        "coordinates": [
          [
            [
              78.2541936,
              17.4465746
            ],
            [
              78.2539157,
              17.4465577
            ],
            [
              78.2539096,
              17.4465189
            ],
            [
              78.2531354,
              17.4464817
            ],
            [
              78.2530628,
              17.4464041
            ],
            [
              78.2530301,
              17.4462791
            ],
            [
              78.2530057,
              17.4457362
            ],
            [
              78.254323,
              17.4457148
            ],
            [
              78.2543575,
              17.446539
            ],
            [
              78.2542826,
              17.446572
            ],
            [
              78.2541936,
              17.4465746
            ]
          ]
        ]
      }
    },
    {
      "type": "Feature",
      "properties": {
        "name": "Fortune Green Homes Sapphire",
        "osm_id": 1423319005,
        "type": "residential"
      },
      "geometry": {
        "type": "Polygon",
        "coordinates": [
          [
            [
              78.2799029,
              17.4669477
            ],
            [
              78.2802083,
              17.4670015
            ],
            [
              78.2803923,
              17.4670297
            ],
            [
              78.2807597,
              17.4670413
            ],
            [
              78.2809549,
              17.4670117
            ],
            [
              78.2815581,
              17.4670219
            ],
            [
              78.2821282,
              17.467036
            ],
            [
              78.282571,
              17.467114
            ],
            [
              78.28251,
              17.4674462
            ],
            [
              78.282472,
              17.4676606
            ],
            [
              78.2825746,
              17.4681485
            ],
            [
              78.2821021,
              17.4681358
            ],
            [
              78.2820181,
              17.468021
            ],
            [
              78.2818473,
              17.4679813
            ],
            [
              78.2816765,
              17.4679628
            ],
            [
              78.2815385,
              17.4679649
            ],
            [
              78.2814956,
              17.4679656
            ],
            [
              78.281501,
              17.467743
            ],
            [
              78.2805451,
              17.4676967
            ],
            [
              78.2805434,
              17.4680593
            ],
            [
              78.2805414,
              17.4683305
            ],
            [
              78.2805709,
              17.4687987
            ],
            [
              78.2803644,
              17.4688089
            ],
            [
              78.280348,
              17.4687859
            ],
            [
              78.280329,
              17.4683437
            ],
            [
              78.280047,
              17.4683348
            ],
            [
              78.2799745,
              17.4681213
            ],
            [
              78.2799501,
              17.4680671
            ],
            [
              78.2799515,
              17.4679508
            ],
            [
              78.2800635,
              17.4678518
            ],
            [
              78.2801153,
              17.4673249
            ],
            [
              78.2798749,
              17.467225
            ],
            [
              78.2799029,
              17.4669477
            ]
          ]
        ]
      }
    },
    {
      "type": "Feature",
      "properties": {
        "name": "Satya Ventona Bliss",
        "osm_id": 1423319006,
        "type": "residential"
      },
      "geometry": {
        "type": "Polygon",
        "coordinates": [
          [
            [
              78.2814956,
              17.4679656
            ],
            [
              78.281501,
              17.467743
            ],
            [
              78.2805451,
              17.4676967
            ],
            [
              78.2805434,
              17.4680593
            ],
            [
              78.2807546,
              17.4680606
            ],
            [
              78.2810977,
              17.4680406
            ],
            [
              78.2814346,
              17.4680087
            ],
            [
              78.2814775,
              17.4680848
            ],
            [
              78.2815278,
              17.4680837
            ],
            [
              78.2815385,
              17.4679649
            ],
            [
              78.2814956,
              17.4679656
            ]
          ]
        ]
      }
    },
    {
      "type": "Feature",
      "properties": {
        "name": "Sri Ram Residency",
        "osm_id": 1423319012,
        "type": "yes"
      },
      "geometry": {
        "type": "Polygon",
        "coordinates": [
          [
            [
              78.2893655,
              17.4693617
            ],
            [
              78.2895506,
              17.4693553
            ],
            [
              78.2895472,
              17.469253
            ],
            [
              78.2893608,
              17.4692549
            ],
            [
              78.2893655,
              17.4693617
            ]
          ]
        ]
      }
    },
    {
      "type": "Feature",
      "properties": {
        "name": "VPR resdiency",
        "osm_id": 1424019296,
        "type": "apartments"
      },
      "geometry": {
        "type": "Polygon",
        "coordinates": [
          [
            [
              78.3246077,
              17.4408645
            ],
            [
              78.3244912,
              17.4409036
            ],
            [
              78.3245359,
              17.4410305
            ],
            [
              78.3246393,
              17.4410078
            ],
            [
              78.3246077,
              17.4408645
            ]
          ]
        ]
      }
    },
    {
      "type": "Feature",
      "properties": {
        "name": "Sudeepthi Nilayam",
        "osm_id": 1424019297,
        "type": "apartments"
      },
      "geometry": {
        "type": "Polygon",
        "coordinates": [
          [
            [
              78.3248721,
              17.440788
            ],
            [
              78.3247173,
              17.4408386
            ],
            [
              78.3247592,
              17.4409355
            ],
            [
              78.3248918,
              17.4408974
            ],
            [
              78.3248721,
              17.440788
            ]
          ]
        ]
      }
    },
    {
      "type": "Feature",
      "properties": {
        "name": "Green Blossoms",
        "osm_id": 1424020274,
        "type": "apartments"
      },
      "geometry": {
        "type": "Polygon",
        "coordinates": [
          [
            [
              78.3245085,
              17.4421866
            ],
            [
              78.3246026,
              17.4421783
            ],
            [
              78.3245722,
              17.442073
            ],
            [
              78.3244682,
              17.4420986
            ],
            [
              78.3245085,
              17.4421866
            ]
          ]
        ]
      }
    },
    {
      "type": "Feature",
      "properties": {
        "name": "Blossom Avenue",
        "osm_id": 1424020275,
        "type": "apartments"
      },
      "geometry": {
        "type": "Polygon",
        "coordinates": [
          [
            [
              78.3244531,
              17.4420705
            ],
            [
              78.3245721,
              17.4420508
            ],
            [
              78.3245307,
              17.4419715
            ],
            [
              78.3244375,
              17.441987
            ],
            [
              78.3244531,
              17.4420705
            ]
          ]
        ]
      }
    },
    {
      "type": "Feature",
      "properties": {
        "name": "AASHRITHA AKSHAYA NILAYAM",
        "osm_id": 1424020276,
        "type": "apartments"
      },
      "geometry": {
        "type": "Polygon",
        "coordinates": [
          [
            [
              78.3262856,
              17.4416789
            ],
            [
              78.3264434,
              17.4416405
            ],
            [
              78.3264198,
              17.4415472
            ],
            [
              78.3262455,
              17.4415541
            ],
            [
              78.3262856,
              17.4416789
            ]
          ]
        ]
      }
    },
    {
      "type": "Feature",
      "properties": {
        "name": "Sri Lakshmi Narasimha building materials",
        "osm_id": 1424020825,
        "type": "yes"
      },
      "geometry": {
        "type": "Polygon",
        "coordinates": [
          [
            [
              78.3266114,
              17.44192
            ],
            [
              78.326483,
              17.441981
            ],
            [
              78.326537,
              17.4420346
            ],
            [
              78.3266551,
              17.4419827
            ],
            [
              78.3266114,
              17.44192
            ]
          ]
        ]
      }
    },
    {
      "type": "Feature",
      "properties": {
        "name": "Anvita Preston Villas",
        "osm_id": 1424526590,
        "type": "residential"
      },
      "geometry": {
        "type": "Polygon",
        "coordinates": [
          [
            [
              78.2535999,
              17.4467906
            ],
            [
              78.2535178,
              17.4481562
            ],
            [
              78.253242,
              17.4481753
            ],
            [
              78.2524061,
              17.4484136
            ],
            [
              78.2523477,
              17.4488836
            ],
            [
              78.2525812,
              17.4494762
            ],
            [
              78.251785,
              17.4498905
            ],
            [
              78.2505451,
              17.4503249
            ],
            [
              78.250586,
              17.4502202
            ],
            [
              78.2505951,
              17.4501174
            ],
            [
              78.2505657,
              17.4498779
            ],
            [
              78.2505413,
              17.4497209
            ],
            [
              78.250338,
              17.4491401
            ],
            [
              78.2501622,
              17.4487125
            ],
            [
              78.2500087,
              17.4483343
            ],
            [
              78.2499782,
              17.4482267
            ],
            [
              78.2499914,
              17.4480173
            ],
            [
              78.2503644,
              17.447929
            ],
            [
              78.2506958,
              17.4478137
            ],
            [
              78.2508594,
              17.4477497
            ],
            [
              78.2509874,
              17.4475965
            ],
            [
              78.2514357,
              17.4473211
            ],
            [
              78.2517375,
              17.447228
            ],
            [
              78.2520485,
              17.4470642
            ],
            [
              78.2521481,
              17.4469575
            ],
            [
              78.2524043,
              17.4468858
            ],
            [
              78.2530344,
              17.4467752
            ],
            [
              78.2535999,
              17.4467906
            ]
          ]
        ]
      }
    },
    {
      "type": "Feature",
      "properties": {
        "name": "Urban Village",
        "osm_id": 1424974188,
        "type": "residential"
      },
      "geometry": {
        "type": "Polygon",
        "coordinates": [
          [
            [
              78.2951887,
              17.4381662
            ],
            [
              78.2950347,
              17.4379299
            ],
            [
              78.2947003,
              17.4371887
            ],
            [
              78.2941889,
              17.4373002
            ],
            [
              78.29332,
              17.4376254
            ],
            [
              78.293812,
              17.4387366
            ],
            [
              78.2941517,
              17.4385579
            ],
            [
              78.2951887,
              17.4381662
            ]
          ]
        ]
      }
    },
    {
      "type": "Feature",
      "properties": {
        "name": "Elegans Emperia Homes",
        "osm_id": 1426662029,
        "type": "residential"
      },
      "geometry": {
        "type": "Polygon",
        "coordinates": [
          [
            [
              78.2459049,
              17.4725466
            ],
            [
              78.2460009,
              17.4725141
            ],
            [
              78.2459057,
              17.4724931
            ],
            [
              78.2458626,
              17.4722139
            ],
            [
              78.2467122,
              17.4719869
            ],
            [
              78.247114,
              17.4718796
            ],
            [
              78.2471116,
              17.4714717
            ],
            [
              78.2472246,
              17.4713654
            ],
            [
              78.2469262,
              17.4713236
            ],
            [
              78.2469156,
              17.471443
            ],
            [
              78.246753,
              17.4714391
            ],
            [
              78.246531,
              17.4713949
            ],
            [
              78.2461545,
              17.4714756
            ],
            [
              78.2461391,
              17.4713406
            ],
            [
              78.2456659,
              17.4714484
            ],
            [
              78.2453301,
              17.4715337
            ],
            [
              78.2452374,
              17.4712196
            ],
            [
              78.2442617,
              17.4711351
            ],
            [
              78.2440202,
              17.4713352
            ],
            [
              78.2434003,
              17.4715683
            ],
            [
              78.2436968,
              17.4725329
            ],
            [
              78.2443796,
              17.4724481
            ],
            [
              78.2450162,
              17.4724652
            ],
            [
              78.2453154,
              17.4724862
            ],
            [
              78.2454073,
              17.4725195
            ],
            [
              78.2454927,
              17.472549
            ],
            [
              78.2455781,
              17.4725777
            ],
            [
              78.2456821,
              17.4725971
            ],
            [
              78.2457716,
              17.4725916
            ],
            [
              78.2458358,
              17.4725753
            ],
            [
              78.2459049,
              17.4725466
            ]
          ]
        ]
      }
    },
    {
      "type": "Feature",
      "properties": {
        "name": "School of Physics (Annexe)",
        "osm_id": 1442267219,
        "type": "university"
      },
      "geometry": {
        "type": "Polygon",
        "coordinates": [
          [
            [
              78.3261473,
              17.465022
            ],
            [
              78.3263138,
              17.4652368
            ],
            [
              78.3263376,
              17.46522
            ],
            [
              78.3263518,
              17.4652384
            ],
            [
              78.3263272,
              17.4652557
            ],
            [
              78.3263773,
              17.4653203
            ],
            [
              78.326415,
              17.4652938
            ],
            [
              78.3264342,
              17.4653185
            ],
            [
              78.3263961,
              17.4653454
            ],
            [
              78.3264588,
              17.4654265
            ],
            [
              78.3265533,
              17.4653599
            ],
            [
              78.3265642,
              17.4653741
            ],
            [
              78.3266358,
              17.4653237
            ],
            [
              78.3265597,
              17.4652254
            ],
            [
              78.3265339,
              17.4652436
            ],
            [
              78.3264886,
              17.4651851
            ],
            [
              78.3265444,
              17.4651457
            ],
            [
              78.3265023,
              17.4650913
            ],
            [
              78.3264446,
              17.4651319
            ],
            [
              78.3263949,
              17.4650676
            ],
            [
              78.3264144,
              17.4650539
            ],
            [
              78.3263457,
              17.4649653
            ],
            [
              78.326325,
              17.4649799
            ],
            [
              78.3262833,
              17.4649261
            ],
            [
              78.3261473,
              17.465022
            ]
          ]
        ]
      }
    },
    {
      "type": "Feature",
      "properties": {
        "name": "Golden Jubilee Guest House",
        "osm_id": 1442521745,
        "type": "yes"
      },
      "geometry": {
        "type": "Polygon",
        "coordinates": [
          [
            [
              78.3285215,
              17.4640149
            ],
            [
              78.3285394,
              17.464031
            ],
            [
              78.3285519,
              17.4640184
            ],
            [
              78.3284466,
              17.4639242
            ],
            [
              78.3284702,
              17.4639003
            ],
            [
              78.3285236,
              17.4639481
            ],
            [
              78.3285442,
              17.4639272
            ],
            [
              78.328557,
              17.4639388
            ],
            [
              78.328586,
              17.4639093
            ],
            [
              78.3286047,
              17.4639087
            ],
            [
              78.3286082,
              17.4640135
            ],
            [
              78.3287524,
              17.4640091
            ],
            [
              78.3287446,
              17.4637788
            ],
            [
              78.3285999,
              17.4637833
            ],
            [
              78.3286033,
              17.4638849
            ],
            [
              78.3285884,
              17.4638854
            ],
            [
              78.3284606,
              17.4637706
            ],
            [
              78.3284601,
              17.4637563
            ],
            [
              78.3285803,
              17.4637524
            ],
            [
              78.3285753,
              17.4636111
            ],
            [
              78.3283182,
              17.4636194
            ],
            [
              78.3283232,
              17.4637613
            ],
            [
              78.3284344,
              17.4637577
            ],
            [
              78.3284352,
              17.4637785
            ],
            [
              78.3284127,
              17.4638014
            ],
            [
              78.3284554,
              17.4638395
            ],
            [
              78.3284066,
              17.4638892
            ],
            [
              78.3283728,
              17.463859
            ],
            [
              78.3283671,
              17.4638648
            ],
            [
              78.3282942,
              17.4637995
            ],
            [
              78.3282239,
              17.4638709
            ],
            [
              78.3282972,
              17.4639366
            ],
            [
              78.3282915,
              17.4639424
            ],
            [
              78.3283255,
              17.4639729
            ],
            [
              78.3282778,
              17.4640213
            ],
            [
              78.3282354,
              17.4639832
            ],
            [
              78.3282127,
              17.4640062
            ],
            [
              78.3281909,
              17.4640067
            ],
            [
              78.3281885,
              17.4639005
            ],
            [
              78.3280397,
              17.4639036
            ],
            [
              78.3280453,
              17.464149
            ],
            [
              78.3281936,
              17.4641459
            ],
            [
              78.3281909,
              17.4640312
            ],
            [
              78.3282059,
              17.4640309
            ],
            [
              78.3283332,
              17.4641462
            ],
            [
              78.3283335,
              17.4641605
            ],
            [
              78.3282269,
              17.4641628
            ],
            [
              78.3282303,
              17.4643009
            ],
            [
              78.3284717,
              17.4642956
            ],
            [
              78.3284684,
              17.464158
            ],
            [
              78.3283585,
              17.4641604
            ],
            [
              78.328358,
              17.4641426
            ],
            [
              78.3283869,
              17.4641134
            ],
            [
              78.328374,
              17.4641017
            ],
            [
              78.3283945,
              17.464081
            ],
            [
              78.3283409,
              17.4640328
            ],
            [
              78.3283659,
              17.4640075
            ],
            [
              78.3284702,
              17.4641013
            ],
            [
              78.3284799,
              17.4640916
            ],
            [
              78.3284619,
              17.4640754
            ],
            [
              78.3285215,
              17.4640149
            ]
          ]
        ]
      }
    },
    {
      "type": "Feature",
      "properties": {
        "name": "My Home Krishe",
        "osm_id": 1446206216,
        "type": "apartments"
      },
      "geometry": {
        "type": "Polygon",
        "coordinates": [
          [
            [
              78.3287759,
              17.4327642
            ],
            [
              78.3302614,
              17.4325412
            ],
            [
              78.3305023,
              17.4323372
            ],
            [
              78.3305761,
              17.4321045
            ],
            [
              78.3302594,
              17.4321651
            ],
            [
              78.3297581,
              17.4313921
            ],
            [
              78.3287185,
              17.4317025
            ],
            [
              78.3286676,
              17.4322533
            ],
            [
              78.3286938,
              17.4326045
            ],
            [
              78.3287759,
              17.4327642
            ]
          ]
        ]
      }
    },
    {
      "type": "Feature",
      "properties": {
        "name": "Bricks Skywoods",
        "osm_id": 1449395881,
        "type": "residential"
      },
      "geometry": {
        "type": "Polygon",
        "coordinates": [
          [
            [
              78.3020025,
              17.4506233
            ],
            [
              78.3015883,
              17.4500737
            ],
            [
              78.3008614,
              17.450588
            ],
            [
              78.3017278,
              17.4515014
            ],
            [
              78.3020025,
              17.4506233
            ]
          ]
        ]
      }
    },
    {
      "type": "Feature",
      "properties": {
        "name": "Honer Aquantis",
        "osm_id": 1449395882,
        "type": "residential"
      },
      "geometry": {
        "type": "Polygon",
        "coordinates": [
          [
            [
              78.3018117,
              17.4524123
            ],
            [
              78.3028221,
              17.4523919
            ],
            [
              78.3030099,
              17.4523509
            ],
            [
              78.3030421,
              17.4522947
            ],
            [
              78.303026,
              17.4522332
            ],
            [
              78.3028453,
              17.4521731
            ],
            [
              78.3026271,
              17.4519063
            ],
            [
              78.3025452,
              17.4516384
            ],
            [
              78.3023769,
              17.451353
            ],
            [
              78.3022588,
              17.45122
            ],
            [
              78.3022159,
              17.451092
            ],
            [
              78.3022159,
              17.4509999
            ],
            [
              78.3022749,
              17.4508925
            ],
            [
              78.3022588,
              17.4505956
            ],
            [
              78.3020335,
              17.450524
            ],
            [
              78.3020025,
              17.4506233
            ],
            [
              78.3017278,
              17.4515014
            ],
            [
              78.3008614,
              17.450588
            ],
            [
              78.3005905,
              17.450785
            ],
            [
              78.3000326,
              17.4518085
            ],
            [
              78.2997653,
              17.4524358
            ],
            [
              78.3018117,
              17.4524123
            ]
          ]
        ]
      }
    },
    {
      "type": "Feature",
      "properties": {
        "name": "Pristine Estates",
        "osm_id": 1450216045,
        "type": "residential"
      },
      "geometry": {
        "type": "Polygon",
        "coordinates": [
          [
            [
              78.3003672,
              17.4505824
            ],
            [
              78.3003243,
              17.4506292
            ],
            [
              78.3002875,
              17.4506819
            ],
            [
              78.3002524,
              17.4507287
            ],
            [
              78.3001955,
              17.4507696
            ],
            [
              78.3001166,
              17.4508005
            ],
            [
              78.3000395,
              17.4508081
            ],
            [
              78.2997286,
              17.4509777
            ],
            [
              78.2995542,
              17.4505849
            ],
            [
              78.2993501,
              17.4501537
            ],
            [
              78.2992526,
              17.4499283
            ],
            [
              78.2990861,
              17.4495489
            ],
            [
              78.2990162,
              17.4493311
            ],
            [
              78.2988682,
              17.4488706
            ],
            [
              78.2987482,
              17.4485313
            ],
            [
              78.2986807,
              17.4483851
            ],
            [
              78.2986562,
              17.4482447
            ],
            [
              78.3000097,
              17.4475677
            ],
            [
              78.3011976,
              17.446966
            ],
            [
              78.3021323,
              17.4486575
            ],
            [
              78.3024967,
              17.4493186
            ],
            [
              78.3024214,
              17.4493829
            ],
            [
              78.3023364,
              17.4494631
            ],
            [
              78.3022584,
              17.4494991
            ],
            [
              78.3022085,
              17.4495325
            ],
            [
              78.3021367,
              17.4495693
            ],
            [
              78.3020569,
              17.4495918
            ],
            [
              78.3019685,
              17.4496177
            ],
            [
              78.301915,
              17.4496311
            ],
            [
              78.301767,
              17.4496662
            ],
            [
              78.3016032,
              17.4497147
            ],
            [
              78.3011862,
              17.4499804
            ],
            [
              78.3009216,
              17.4501559
            ],
            [
              78.300763,
              17.4502638
            ],
            [
              78.3005992,
              17.4503849
            ],
            [
              78.3004985,
              17.4504576
            ],
            [
              78.3004442,
              17.4504952
            ],
            [
              78.3004056,
              17.4505379
            ],
            [
              78.3003672,
              17.4505824
            ]
          ]
        ]
      }
    },
    {
      "type": "Feature",
      "properties": {
        "name": "Vajram Aster Homes",
        "osm_id": 1450216061,
        "type": "residential"
      },
      "geometry": {
        "type": "Polygon",
        "coordinates": [
          [
            [
              78.2983454,
              17.4547834
            ],
            [
              78.2982515,
              17.4549411
            ],
            [
              78.2991858,
              17.4564991
            ],
            [
              78.2994019,
              17.4563697
            ],
            [
              78.299345,
              17.4561347
            ],
            [
              78.2993676,
              17.4559574
            ],
            [
              78.29986,
              17.4556933
            ],
            [
              78.2997522,
              17.4554883
            ],
            [
              78.2999542,
              17.4553763
            ],
            [
              78.2997152,
              17.4551882
            ],
            [
              78.3000065,
              17.4550408
            ],
            [
              78.3000219,
              17.4549873
            ],
            [
              78.2997322,
              17.45445
            ],
            [
              78.2995957,
              17.4545539
            ],
            [
              78.2992774,
              17.4540352
            ],
            [
              78.2989995,
              17.4543303
            ],
            [
              78.2988984,
              17.4544123
            ],
            [
              78.2986958,
              17.4542942
            ],
            [
              78.2984637,
              17.4546109
            ],
            [
              78.2983454,
              17.4547834
            ]
          ]
        ]
      }
    },
    {
      "type": "Feature",
      "properties": {
        "name": "Hallmark Imperia",
        "osm_id": 1454592065,
        "type": "residential"
      },
      "geometry": {
        "type": "Polygon",
        "coordinates": [
          [
            [
              78.2776262,
              17.4360353
            ],
            [
              78.2778607,
              17.4359826
            ],
            [
              78.2792349,
              17.4358536
            ],
            [
              78.2794832,
              17.4357931
            ],
            [
              78.2798171,
              17.4356851
            ],
            [
              78.280369,
              17.4354877
            ],
            [
              78.2798778,
              17.4339055
            ],
            [
              78.2790445,
              17.434124
            ],
            [
              78.2786256,
              17.4328435
            ],
            [
              78.2767507,
              17.4334184
            ],
            [
              78.2772937,
              17.4350178
            ],
            [
              78.2776262,
              17.4360353
            ]
          ]
        ]
      }
    },
    {
      "type": "Feature",
      "properties": {
        "name": "Halcyon Homes",
        "osm_id": 1456245505,
        "type": "residential"
      },
      "geometry": {
        "type": "Polygon",
        "coordinates": [
          [
            [
              78.2863353,
              17.4386561
            ],
            [
              78.2856406,
              17.4362054
            ],
            [
              78.286199,
              17.4360424
            ],
            [
              78.2863107,
              17.4359985
            ],
            [
              78.2863436,
              17.4361093
            ],
            [
              78.2865449,
              17.4367287
            ],
            [
              78.2865859,
              17.4368588
            ],
            [
              78.2866514,
              17.4370663
            ],
            [
              78.2866906,
              17.4371905
            ],
            [
              78.2867059,
              17.4372388
            ],
            [
              78.2868484,
              17.4376184
            ],
            [
              78.2869547,
              17.4378874
            ],
            [
              78.2869182,
              17.4379017
            ],
            [
              78.2870953,
              17.4381617
            ],
            [
              78.2863353,
              17.4386561
            ]
          ]
        ]
      }
    },
    {
      "type": "Feature",
      "properties": {
        "name": "Surabhi's Signature Villas",
        "osm_id": 1456246792,
        "type": "residential"
      },
      "geometry": {
        "type": "Polygon",
        "coordinates": [
          [
            [
              78.2872732,
              17.4408245
            ],
            [
              78.2863337,
              17.4407832
            ],
            [
              78.286013,
              17.4407784
            ],
            [
              78.2859824,
              17.440413
            ],
            [
              78.2856348,
              17.4405573
            ],
            [
              78.2848317,
              17.4408398
            ],
            [
              78.2846772,
              17.4411807
            ],
            [
              78.2856557,
              17.4411408
            ],
            [
              78.2856589,
              17.4412283
            ],
            [
              78.2862576,
              17.4411792
            ],
            [
              78.2863011,
              17.4415692
            ],
            [
              78.2871348,
              17.4415661
            ],
            [
              78.2872732,
              17.4408245
            ]
          ]
        ]
      }
    },
    {
      "type": "Feature",
      "properties": {
        "name": "Signature Altius",
        "osm_id": 1464273689,
        "type": "residential"
      },
      "geometry": {
        "type": "Polygon",
        "coordinates": [
          [
            [
              78.2424084,
              17.4511879
            ],
            [
              78.2423815,
              17.4504967
            ],
            [
              78.2430665,
              17.4503291
            ],
            [
              78.2429183,
              17.4497461
            ],
            [
              78.2414938,
              17.4500215
            ],
            [
              78.2414938,
              17.4498432
            ],
            [
              78.2405024,
              17.4499763
            ],
            [
              78.2405592,
              17.4505903
            ],
            [
              78.2415269,
              17.4504391
            ],
            [
              78.2414486,
              17.4507324
            ],
            [
              78.2414827,
              17.4508299
            ],
            [
              78.2415042,
              17.4509274
            ],
            [
              78.2424084,
              17.4511879
            ]
          ]
        ]
      }
    },
    {
      "type": "Feature",
      "properties": {
        "name": "Laksh triveni mens executive hostel",
        "osm_id": 1465001567,
        "type": "yes"
      },
      "geometry": {
        "type": "Polygon",
        "coordinates": [
          [
            [
              78.3265066,
              17.4303907
            ],
            [
              78.3265617,
              17.4303973
            ],
            [
              78.3266978,
              17.4303284
            ],
            [
              78.3266235,
              17.4301946
            ],
            [
              78.3264472,
              17.4302837
            ],
            [
              78.3265066,
              17.4303907
            ]
          ]
        ]
      }
    },
    {
      "type": "Feature",
      "properties": {
        "name": "MedPlus",
        "osm_id": 1471529494,
        "type": "retail"
      },
      "geometry": {
        "type": "Polygon",
        "coordinates": [
          [
            [
              78.3094114,
              17.4677001
            ],
            [
              78.3096358,
              17.4677102
            ],
            [
              78.3096448,
              17.4675713
            ],
            [
              78.3094164,
              17.4675624
            ],
            [
              78.3094114,
              17.4677001
            ]
          ]
        ]
      }
    },
    {
      "type": "Feature",
      "properties": {
        "name": "Samastha Kitchen",
        "osm_id": 1471529495,
        "type": "commercial"
      },
      "geometry": {
        "type": "Polygon",
        "coordinates": [
          [
            [
              78.3092592,
              17.4674838
            ],
            [
              78.3092515,
              17.4677132
            ],
            [
              78.3093957,
              17.4677187
            ],
            [
              78.3094101,
              17.4674818
            ],
            [
              78.3092592,
              17.4674838
            ]
          ]
        ]
      }
    },
    {
      "type": "Feature",
      "properties": {
        "name": "MCOR Vilaasam block 4",
        "osm_id": 1472971636,
        "type": "apartments"
      },
      "geometry": {
        "type": "Polygon",
        "coordinates": [
          [
            [
              78.3210756,
              17.5157483
            ],
            [
              78.321072,
              17.5158764
            ],
            [
              78.3210973,
              17.5159313
            ],
            [
              78.3212677,
              17.5159143
            ],
            [
              78.3213517,
              17.5159071
            ],
            [
              78.3213201,
              17.5155644
            ],
            [
              78.3210682,
              17.5155842
            ],
            [
              78.3210756,
              17.5157483
            ]
          ]
        ]
      }
    },
    {
      "type": "Feature",
      "properties": {
        "name": "MCOR Vilaasam Block 2",
        "osm_id": 1472971638,
        "type": "apartments"
      },
      "geometry": {
        "type": "Polygon",
        "coordinates": [
          [
            [
              78.3212292,
              17.5155135
            ],
            [
              78.3212156,
              17.5152709
            ],
            [
              78.3219427,
              17.5152197
            ],
            [
              78.3219504,
              17.5154734
            ],
            [
              78.3215732,
              17.5154944
            ],
            [
              78.3212292,
              17.5155135
            ]
          ]
        ]
      }
    },
    {
      "type": "Feature",
      "properties": {
        "name": "Childrens Park",
        "osm_id": 1472971639,
        "type": "yes"
      },
      "geometry": {
        "type": "Polygon",
        "coordinates": [
          [
            [
              78.3215768,
              17.5155446
            ],
            [
              78.3215815,
              17.5156049
            ],
            [
              78.3219333,
              17.5155801
            ],
            [
              78.3219504,
              17.5154734
            ],
            [
              78.3215732,
              17.5154944
            ],
            [
              78.3215768,
              17.5155446
            ]
          ]
        ]
      }
    },
    {
      "type": "Feature",
      "properties": {
        "name": "MCOR Vilaasam Block 3",
        "osm_id": 1472971640,
        "type": "apartments"
      },
      "geometry": {
        "type": "Polygon",
        "coordinates": [
          [
            [
              78.3219333,
              17.5155801
            ],
            [
              78.3213687,
              17.5156335
            ],
            [
              78.3213814,
              17.5158868
            ],
            [
              78.3219477,
              17.5158496
            ],
            [
              78.3219333,
              17.5155801
            ]
          ]
        ]
      }
    },
    {
      "type": "Feature",
      "properties": {
        "name": "Abode Ahvanam",
        "osm_id": 1472971641,
        "type": "apartments"
      },
      "geometry": {
        "type": "Polygon",
        "coordinates": [
          [
            [
              78.3214653,
              17.5162639
            ],
            [
              78.3214344,
              17.5159356
            ],
            [
              78.3219482,
              17.5158921
            ],
            [
              78.3219647,
              17.5162377
            ],
            [
              78.3214653,
              17.5162639
            ]
          ]
        ]
      }
    },
    {
      "type": "Feature",
      "properties": {
        "name": "Abode Ahvanam",
        "osm_id": 1472971642,
        "type": "apartments"
      },
      "geometry": {
        "type": "Polygon",
        "coordinates": [
          [
            [
              78.3214653,
              17.5162639
            ],
            [
              78.32151,
              17.5167669
            ],
            [
              78.3220015,
              17.5166948
            ],
            [
              78.3219692,
              17.5162265
            ],
            [
              78.3214653,
              17.5162639
            ]
          ]
        ]
      }
    },
    {
      "type": "Feature",
      "properties": {
        "name": "Zilla Parishath High School",
        "osm_id": 1484042694,
        "type": "school"
      },
      "geometry": {
        "type": "Polygon",
        "coordinates": [
          [
            [
              78.303185,
              17.5206519
            ],
            [
              78.3030474,
              17.5202224
            ],
            [
              78.3023754,
              17.5204571
            ],
            [
              78.3023211,
              17.520621
            ],
            [
              78.3023327,
              17.5208628
            ],
            [
              78.3029102,
              17.5207485
            ],
            [
              78.303185,
              17.5206519
            ]
          ]
        ]
      }
    },
    {
      "type": "Feature",
      "properties": {
        "name": "Sri balaji Convention center",
        "osm_id": 1484045516,
        "type": "commercial"
      },
      "geometry": {
        "type": "Polygon",
        "coordinates": [
          [
            [
              78.3016838,
              17.5220591
            ],
            [
              78.3020214,
              17.52174
            ],
            [
              78.3017464,
              17.5214761
            ],
            [
              78.3013947,
              17.5217598
            ],
            [
              78.3016838,
              17.5220591
            ]
          ]
        ]
      }
    }
  ]
}